id,entrada_canonica,variantes,grafias_alternativas,tipo_de_entrada,tipo_morfologico,origem,forma_original,transliteracao,significado_nuclear,significados_contextuais,significado_literal,definicao_medica,categoria_semantica,sistema,subarea,disciplinas,produtividade,frequencia_curricular,transferibilidade,risco_de_confusao,prioridade,nivel,exemplos,termos_de_inferencia,contrastes,sinonimos,falsos_amigos,equivalente_grego,equivalente_latino,equivalente_ingles,explicacao_leiga,limites_etimologicos,fonte,confianca,status_validacao,destino_pedagogico,nota_que_cobre,gera_card,direcao_do_card,numero_de_cards,conceito_complementar,id_anki,tags,observacoes
etim-v2-pre-a-an,a-/an-,,,morfema,prefixo,greco-latina; confirmar étimo apenas quando necessário,,,ausência ou negação,,ausência ou negação,,prefixo,transversal,,transversal,3,3,2,1,25,nucleo,anóxia,,,,,,,,ausência ou negação,A forma sugere sentido; não fecha diagnóstico.,"OpenRN Medical Terminology 2e, cap. 1, NCBI Bookshelf NBK607453 (CC BY 4.0); OpenRN Medical Terminology 2e, NCBI Bookshelf NBK607454 (CC BY 4.0); Prompt mestre do usuário, corpus-base de terminologia médica, 2026-07-17",alta,candidato_validado_automaticamente,card_proprio,etim-v2-pre-a-an,sim,reconhecimento,1,,,etim_uid::etim-v2-pre-a-an;terminologia::nivel::nucleo;terminologia::tipo::prefixo,Texto PT-BR; forma citada preservada.
etim-v2-pre-ab,ab-,,,morfema,prefixo,greco-latina; confirmar étimo apenas quando necessário,,,afastamento,,afastamento,,prefixo,transversal,,transversal,3,3,2,0,23,nucleo,abdução,,,,,,,,afastamento,A forma sugere sentido; não fecha diagnóstico.,"OpenRN Medical Terminology 2e, cap. 1, NCBI Bookshelf NBK607453 (CC BY 4.0); OpenRN Medical Terminology 2e, NCBI Bookshelf NBK607454 (CC BY 4.0); Prompt mestre do usuário, corpus-base de terminologia médica, 2026-07-17",alta,candidato_validado_automaticamente,card_proprio,etim-v2-pre-ab,sim,reconhecimento,1,,,etim_uid::etim-v2-pre-ab;terminologia::nivel::nucleo;terminologia::tipo::prefixo,Texto PT-BR; forma citada preservada.
etim-v2-pre-ad,ad-,,,morfema,prefixo,greco-latina; confirmar étimo apenas quando necessário,,,aproximação,,aproximação,,prefixo,transversal,,transversal,3,3,2,0,23,nucleo,adução,,,,,,,,aproximação,A forma sugere sentido; não fecha diagnóstico.,"OpenRN Medical Terminology 2e, cap. 1, NCBI Bookshelf NBK607453 (CC BY 4.0); OpenRN Medical Terminology 2e, NCBI Bookshelf NBK607454 (CC BY 4.0); Prompt mestre do usuário, corpus-base de terminologia médica, 2026-07-17",alta,candidato_validado_automaticamente,card_proprio,etim-v2-pre-ad,sim,reconhecimento,1,,,etim_uid::etim-v2-pre-ad;terminologia::nivel::nucleo;terminologia::tipo::prefixo,Texto PT-BR; forma citada preservada.
etim-v2-pre-ante,ante-,,,morfema,prefixo,greco-latina; confirmar étimo apenas quando necessário,,,antes,,antes,,prefixo,transversal,,transversal,3,3,2,0,23,nucleo,antebraço,,,,,,,,antes,A forma sugere sentido; não fecha diagnóstico.,"OpenRN Medical Terminology 2e, cap. 1, NCBI Bookshelf NBK607453 (CC BY 4.0); OpenRN Medical Terminology 2e, NCBI Bookshelf NBK607454 (CC BY 4.0); Prompt mestre do usuário, corpus-base de terminologia médica, 2026-07-17",alta,candidato_validado_automaticamente,card_proprio,etim-v2-pre-ante,sim,reconhecimento,1,,,etim_uid::etim-v2-pre-ante;terminologia::nivel::nucleo;terminologia::tipo::prefixo,Texto PT-BR; forma citada preservada.
etim-v2-pre-anti,anti-,,,morfema,prefixo,greco-latina; confirmar étimo apenas quando necessário,,,oposição,,oposição,,prefixo,transversal,,transversal,3,3,2,0,23,nucleo,antisséptico,,,,,,,,oposição,A forma sugere sentido; não fecha diagnóstico.,"OpenRN Medical Terminology 2e, cap. 1, NCBI Bookshelf NBK607453 (CC BY 4.0); OpenRN Medical Terminology 2e, NCBI Bookshelf NBK607454 (CC BY 4.0); Prompt mestre do usuário, corpus-base de terminologia médica, 2026-07-17",alta,candidato_validado_automaticamente,card_proprio,etim-v2-pre-anti,sim,reconhecimento,1,,,etim_uid::etim-v2-pre-anti;terminologia::nivel::nucleo;terminologia::tipo::prefixo,Texto PT-BR; forma citada preservada.
etim-v2-pre-apo,apo-,,,morfema,prefixo,greco-latina; confirmar étimo apenas quando necessário,,,afastamento ou derivação,,afastamento ou derivação,,prefixo,transversal,,transversal,3,3,2,1,25,nucleo,apócrino,,,,,,,,afastamento ou derivação,A forma sugere sentido; não fecha diagnóstico.,"OpenRN Medical Terminology 2e, cap. 1, NCBI Bookshelf NBK607453 (CC BY 4.0); OpenRN Medical Terminology 2e, NCBI Bookshelf NBK607454 (CC BY 4.0); Prompt mestre do usuário, corpus-base de terminologia médica, 2026-07-17",alta,candidato_validado_automaticamente,card_proprio,etim-v2-pre-apo,sim,reconhecimento,1,,,etim_uid::etim-v2-pre-apo;terminologia::nivel::nucleo;terminologia::tipo::prefixo,Texto PT-BR; forma citada preservada.
etim-v2-pre-circum,circum-,,,morfema,prefixo,greco-latina; confirmar étimo apenas quando necessário,,,ao redor,,ao redor,,prefixo,transversal,,transversal,3,3,2,0,23,nucleo,circuncisão,,,,,,,,ao redor,A forma sugere sentido; não fecha diagnóstico.,"OpenRN Medical Terminology 2e, cap. 1, NCBI Bookshelf NBK607453 (CC BY 4.0); OpenRN Medical Terminology 2e, NCBI Bookshelf NBK607454 (CC BY 4.0); Prompt mestre do usuário, corpus-base de terminologia médica, 2026-07-17",alta,candidato_validado_automaticamente,card_proprio,etim-v2-pre-circum,sim,reconhecimento,1,,,etim_uid::etim-v2-pre-circum;terminologia::nivel::nucleo;terminologia::tipo::prefixo,Texto PT-BR; forma citada preservada.
etim-v2-pre-cis,cis-,,,morfema,prefixo,greco-latina; confirmar étimo apenas quando necessário,,,deste lado,,deste lado,,prefixo,transversal,,transversal,3,3,2,0,23,nucleo,cisgênero,,,,,,,,deste lado,A forma sugere sentido; não fecha diagnóstico.,"OpenRN Medical Terminology 2e, cap. 1, NCBI Bookshelf NBK607453 (CC BY 4.0); OpenRN Medical Terminology 2e, NCBI Bookshelf NBK607454 (CC BY 4.0); Prompt mestre do usuário, corpus-base de terminologia médica, 2026-07-17",alta,candidato_validado_automaticamente,card_proprio,etim-v2-pre-cis,sim,reconhecimento,1,,,etim_uid::etim-v2-pre-cis;terminologia::nivel::nucleo;terminologia::tipo::prefixo,Texto PT-BR; forma citada preservada.
etim-v2-pre-contra,contra-,,,morfema,prefixo,greco-latina; confirmar étimo apenas quando necessário,,,oposição,,oposição,,prefixo,transversal,,transversal,3,3,2,0,23,nucleo,contralateral,,,,,,,,oposição,A forma sugere sentido; não fecha diagnóstico.,"OpenRN Medical Terminology 2e, cap. 1, NCBI Bookshelf NBK607453 (CC BY 4.0); OpenRN Medical Terminology 2e, NCBI Bookshelf NBK607454 (CC BY 4.0); Prompt mestre do usuário, corpus-base de terminologia médica, 2026-07-17",alta,candidato_validado_automaticamente,card_proprio,etim-v2-pre-contra,sim,reconhecimento,1,,,etim_uid::etim-v2-pre-contra;terminologia::nivel::nucleo;terminologia::tipo::prefixo,Texto PT-BR; forma citada preservada.
etim-v2-pre-de,de-,,,morfema,prefixo,greco-latina; confirmar étimo apenas quando necessário,,,retirada ou redução,,retirada ou redução,,prefixo,transversal,,transversal,3,3,2,1,25,nucleo,desaminação,,,,,,,,retirada ou redução,A forma sugere sentido; não fecha diagnóstico.,"OpenRN Medical Terminology 2e, cap. 1, NCBI Bookshelf NBK607453 (CC BY 4.0); OpenRN Medical Terminology 2e, NCBI Bookshelf NBK607454 (CC BY 4.0); Prompt mestre do usuário, corpus-base de terminologia médica, 2026-07-17",alta,candidato_validado_automaticamente,card_proprio,etim-v2-pre-de,sim,reconhecimento,1,,,etim_uid::etim-v2-pre-de;terminologia::nivel::nucleo;terminologia::tipo::prefixo,Texto PT-BR; forma citada preservada.
etim-v2-pre-dia,dia-,,,morfema,prefixo,greco-latina; confirmar étimo apenas quando necessário,,,através,,através,,prefixo,transversal,,transversal,3,3,2,0,23,nucleo,diálise,,,,,,,,através,A forma sugere sentido; não fecha diagnóstico.,"OpenRN Medical Terminology 2e, cap. 1, NCBI Bookshelf NBK607453 (CC BY 4.0); OpenRN Medical Terminology 2e, NCBI Bookshelf NBK607454 (CC BY 4.0); Prompt mestre do usuário, corpus-base de terminologia médica, 2026-07-17",alta,candidato_validado_automaticamente,card_proprio,etim-v2-pre-dia,sim,reconhecimento,1,,,etim_uid::etim-v2-pre-dia;terminologia::nivel::nucleo;terminologia::tipo::prefixo,Texto PT-BR; forma citada preservada.
etim-v2-pre-dis,dis-,,,morfema,prefixo,greco-latina; confirmar étimo apenas quando necessário,,,separação ou negação,,separação ou negação,,prefixo,transversal,,transversal,3,3,2,1,25,nucleo,disjunção,,,,,,,,separação ou negação,A forma sugere sentido; não fecha diagnóstico.,"OpenRN Medical Terminology 2e, cap. 1, NCBI Bookshelf NBK607453 (CC BY 4.0); OpenRN Medical Terminology 2e, NCBI Bookshelf NBK607454 (CC BY 4.0); Prompt mestre do usuário, corpus-base de terminologia médica, 2026-07-17",alta,candidato_validado_automaticamente,card_proprio,etim-v2-pre-dis,sim,reconhecimento,1,,,etim_uid::etim-v2-pre-dis;terminologia::nivel::nucleo;terminologia::tipo::prefixo,Texto PT-BR; forma citada preservada.
etim-v2-pre-dis-dys,dis-/dys-,,,morfema,prefixo,greco-latina; confirmar étimo apenas quando necessário,,,alteração ou dificuldade,,alteração ou dificuldade,,prefixo,transversal,,transversal,3,3,2,1,25,nucleo,disfagia,,,,,,,,alteração ou dificuldade,A forma sugere sentido; não fecha diagnóstico.,"OpenRN Medical Terminology 2e, cap. 1, NCBI Bookshelf NBK607453 (CC BY 4.0); OpenRN Medical Terminology 2e, NCBI Bookshelf NBK607454 (CC BY 4.0); Prompt mestre do usuário, corpus-base de terminologia médica, 2026-07-17",alta,candidato_validado_automaticamente,card_proprio,etim-v2-pre-dis-dys,sim,reconhecimento,1,,,etim_uid::etim-v2-pre-dis-dys;terminologia::nivel::nucleo;terminologia::tipo::prefixo,Texto PT-BR; forma citada preservada.
etim-v2-pre-ecto,ecto-,,,morfema,prefixo,greco-latina; confirmar étimo apenas quando necessário,,,externo,,externo,,prefixo,transversal,,transversal,3,3,2,0,23,nucleo,ectoderma,,,,,,,,externo,A forma sugere sentido; não fecha diagnóstico.,"OpenRN Medical Terminology 2e, cap. 1, NCBI Bookshelf NBK607453 (CC BY 4.0); OpenRN Medical Terminology 2e, NCBI Bookshelf NBK607454 (CC BY 4.0); Prompt mestre do usuário, corpus-base de terminologia médica, 2026-07-17",alta,candidato_validado_automaticamente,card_proprio,etim-v2-pre-ecto,sim,reconhecimento,1,,,etim_uid::etim-v2-pre-ecto;terminologia::nivel::nucleo;terminologia::tipo::prefixo,Texto PT-BR; forma citada preservada.
etim-v2-pre-endo,endo-,,,morfema,prefixo,greco-latina; confirmar étimo apenas quando necessário,,,interno,,interno,,prefixo,transversal,,transversal,3,3,2,0,23,nucleo,endocárdio,,,,,,,,interno,A forma sugere sentido; não fecha diagnóstico.,"OpenRN Medical Terminology 2e, cap. 1, NCBI Bookshelf NBK607453 (CC BY 4.0); OpenRN Medical Terminology 2e, NCBI Bookshelf NBK607454 (CC BY 4.0); Prompt mestre do usuário, corpus-base de terminologia médica, 2026-07-17",alta,candidato_validado_automaticamente,card_proprio,etim-v2-pre-endo,sim,reconhecimento,1,,,etim_uid::etim-v2-pre-endo;terminologia::nivel::nucleo;terminologia::tipo::prefixo,Texto PT-BR; forma citada preservada.
etim-v2-pre-epi,epi-,,,morfema,prefixo,greco-latina; confirmar étimo apenas quando necessário,,,sobre,,sobre,,prefixo,transversal,,transversal,3,3,2,0,23,nucleo,epiderme,,,,,,,,sobre,A forma sugere sentido; não fecha diagnóstico.,"OpenRN Medical Terminology 2e, cap. 1, NCBI Bookshelf NBK607453 (CC BY 4.0); OpenRN Medical Terminology 2e, NCBI Bookshelf NBK607454 (CC BY 4.0); Prompt mestre do usuário, corpus-base de terminologia médica, 2026-07-17",alta,candidato_validado_automaticamente,card_proprio,etim-v2-pre-epi,sim,reconhecimento,1,,,etim_uid::etim-v2-pre-epi;terminologia::nivel::nucleo;terminologia::tipo::prefixo,Texto PT-BR; forma citada preservada.
etim-v2-pre-ex,ex-,,,morfema,prefixo,greco-latina; confirmar étimo apenas quando necessário,,,para fora,,para fora,,prefixo,transversal,,transversal,3,3,2,0,23,nucleo,excreção,,,,,,,,para fora,A forma sugere sentido; não fecha diagnóstico.,"OpenRN Medical Terminology 2e, cap. 1, NCBI Bookshelf NBK607453 (CC BY 4.0); OpenRN Medical Terminology 2e, NCBI Bookshelf NBK607454 (CC BY 4.0); Prompt mestre do usuário, corpus-base de terminologia médica, 2026-07-17",alta,candidato_validado_automaticamente,card_proprio,etim-v2-pre-ex,sim,reconhecimento,1,,,etim_uid::etim-v2-pre-ex;terminologia::nivel::nucleo;terminologia::tipo::prefixo,Texto PT-BR; forma citada preservada.
etim-v2-pre-exo,exo-,,,morfema,prefixo,greco-latina; confirmar étimo apenas quando necessário,,,externo,,externo,,prefixo,transversal,,transversal,3,3,2,0,23,nucleo,exocitose,,,,,,,,externo,A forma sugere sentido; não fecha diagnóstico.,"OpenRN Medical Terminology 2e, cap. 1, NCBI Bookshelf NBK607453 (CC BY 4.0); OpenRN Medical Terminology 2e, NCBI Bookshelf NBK607454 (CC BY 4.0); Prompt mestre do usuário, corpus-base de terminologia médica, 2026-07-17",alta,candidato_validado_automaticamente,card_proprio,etim-v2-pre-exo,sim,reconhecimento,1,,,etim_uid::etim-v2-pre-exo;terminologia::nivel::nucleo;terminologia::tipo::prefixo,Texto PT-BR; forma citada preservada.
etim-v2-pre-extra,extra-,,,morfema,prefixo,greco-latina; confirmar étimo apenas quando necessário,,,fora,,fora,,prefixo,transversal,,transversal,3,3,2,0,23,nucleo,extracelular,,,,,,,,fora,A forma sugere sentido; não fecha diagnóstico.,"OpenRN Medical Terminology 2e, cap. 1, NCBI Bookshelf NBK607453 (CC BY 4.0); OpenRN Medical Terminology 2e, NCBI Bookshelf NBK607454 (CC BY 4.0); Prompt mestre do usuário, corpus-base de terminologia médica, 2026-07-17",alta,candidato_validado_automaticamente,card_proprio,etim-v2-pre-extra,sim,reconhecimento,1,,,etim_uid::etim-v2-pre-extra;terminologia::nivel::nucleo;terminologia::tipo::prefixo,Texto PT-BR; forma citada preservada.
etim-v2-pre-infra,infra-,,,morfema,prefixo,greco-latina; confirmar étimo apenas quando necessário,,,abaixo,,abaixo,,prefixo,transversal,,transversal,3,3,2,0,23,nucleo,infrapatelar,,,,,,,,abaixo,A forma sugere sentido; não fecha diagnóstico.,"OpenRN Medical Terminology 2e, cap. 1, NCBI Bookshelf NBK607453 (CC BY 4.0); OpenRN Medical Terminology 2e, NCBI Bookshelf NBK607454 (CC BY 4.0); Prompt mestre do usuário, corpus-base de terminologia médica, 2026-07-17",alta,candidato_validado_automaticamente,card_proprio,etim-v2-pre-infra,sim,reconhecimento,1,,,etim_uid::etim-v2-pre-infra;terminologia::nivel::nucleo;terminologia::tipo::prefixo,Texto PT-BR; forma citada preservada.
etim-v2-pre-inter,inter-,,,morfema,prefixo,greco-latina; confirmar étimo apenas quando necessário,,,entre,,entre,,prefixo,transversal,,transversal,3,3,2,0,23,nucleo,intercostal,,,,,,,,entre,A forma sugere sentido; não fecha diagnóstico.,"OpenRN Medical Terminology 2e, cap. 1, NCBI Bookshelf NBK607453 (CC BY 4.0); OpenRN Medical Terminology 2e, NCBI Bookshelf NBK607454 (CC BY 4.0); Prompt mestre do usuário, corpus-base de terminologia médica, 2026-07-17",alta,candidato_validado_automaticamente,card_proprio,etim-v2-pre-inter,sim,reconhecimento,1,,,etim_uid::etim-v2-pre-inter;terminologia::nivel::nucleo;terminologia::tipo::prefixo,Texto PT-BR; forma citada preservada.
etim-v2-pre-intra,intra-,,,morfema,prefixo,greco-latina; confirmar étimo apenas quando necessário,,,dentro,,dentro,,prefixo,transversal,,transversal,3,3,2,0,23,nucleo,intracelular,,,,,,,,dentro,A forma sugere sentido; não fecha diagnóstico.,"OpenRN Medical Terminology 2e, cap. 1, NCBI Bookshelf NBK607453 (CC BY 4.0); OpenRN Medical Terminology 2e, NCBI Bookshelf NBK607454 (CC BY 4.0); Prompt mestre do usuário, corpus-base de terminologia médica, 2026-07-17",alta,candidato_validado_automaticamente,card_proprio,etim-v2-pre-intra,sim,reconhecimento,1,,,etim_uid::etim-v2-pre-intra;terminologia::nivel::nucleo;terminologia::tipo::prefixo,Texto PT-BR; forma citada preservada.
etim-v2-pre-ipsi,ipsi-,,,morfema,prefixo,greco-latina; confirmar étimo apenas quando necessário,,,mesmo lado,,mesmo lado,,prefixo,transversal,,transversal,3,3,2,0,23,nucleo,ipsilateral,,,,,,,,mesmo lado,A forma sugere sentido; não fecha diagnóstico.,"OpenRN Medical Terminology 2e, cap. 1, NCBI Bookshelf NBK607453 (CC BY 4.0); OpenRN Medical Terminology 2e, NCBI Bookshelf NBK607454 (CC BY 4.0); Prompt mestre do usuário, corpus-base de terminologia médica, 2026-07-17",alta,candidato_validado_automaticamente,card_proprio,etim-v2-pre-ipsi,sim,reconhecimento,1,,,etim_uid::etim-v2-pre-ipsi;terminologia::nivel::nucleo;terminologia::tipo::prefixo,Texto PT-BR; forma citada preservada.
etim-v2-pre-justa-juxta,justa-/juxta-,,,morfema,prefixo,greco-latina; confirmar étimo apenas quando necessário,,,junto a,,junto a,,prefixo,transversal,,transversal,3,3,2,0,23,nucleo,justaglomerular,,,,,,,,junto a,A forma sugere sentido; não fecha diagnóstico.,"OpenRN Medical Terminology 2e, cap. 1, NCBI Bookshelf NBK607453 (CC BY 4.0); OpenRN Medical Terminology 2e, NCBI Bookshelf NBK607454 (CC BY 4.0); Prompt mestre do usuário, corpus-base de terminologia médica, 2026-07-17",alta,candidato_validado_automaticamente,card_proprio,etim-v2-pre-justa-juxta,sim,reconhecimento,1,,,etim_uid::etim-v2-pre-justa-juxta;terminologia::nivel::nucleo;terminologia::tipo::prefixo,Texto PT-BR; forma citada preservada.
etim-v2-pre-meta,meta-,,,morfema,prefixo,greco-latina; confirmar étimo apenas quando necessário,,,mudança ou além,,mudança ou além,,prefixo,transversal,,transversal,3,3,2,1,25,nucleo,metaplasia,,,,,,,,mudança ou além,A forma sugere sentido; não fecha diagnóstico.,"OpenRN Medical Terminology 2e, cap. 1, NCBI Bookshelf NBK607453 (CC BY 4.0); OpenRN Medical Terminology 2e, NCBI Bookshelf NBK607454 (CC BY 4.0); Prompt mestre do usuário, corpus-base de terminologia médica, 2026-07-17",alta,candidato_validado_automaticamente,card_proprio,etim-v2-pre-meta,sim,reconhecimento,1,,,etim_uid::etim-v2-pre-meta;terminologia::nivel::nucleo;terminologia::tipo::prefixo,Texto PT-BR; forma citada preservada.
etim-v2-pre-meso,meso-,,,morfema,prefixo,greco-latina; confirmar étimo apenas quando necessário,,,meio,,meio,,prefixo,transversal,,transversal,3,3,2,0,23,nucleo,mesoderma,,,,,,,,meio,A forma sugere sentido; não fecha diagnóstico.,"OpenRN Medical Terminology 2e, cap. 1, NCBI Bookshelf NBK607453 (CC BY 4.0); OpenRN Medical Terminology 2e, NCBI Bookshelf NBK607454 (CC BY 4.0); Prompt mestre do usuário, corpus-base de terminologia médica, 2026-07-17",alta,candidato_validado_automaticamente,card_proprio,etim-v2-pre-meso,sim,reconhecimento,1,,,etim_uid::etim-v2-pre-meso;terminologia::nivel::nucleo;terminologia::tipo::prefixo,Texto PT-BR; forma citada preservada.
etim-v2-pre-para,para-,,,morfema,prefixo,greco-latina; confirmar étimo apenas quando necessário,,,ao lado ou anormal,,ao lado ou anormal,,prefixo,transversal,,transversal,3,3,2,1,25,nucleo,paratireoide,,,,,,,,ao lado ou anormal,A forma sugere sentido; não fecha diagnóstico.,"OpenRN Medical Terminology 2e, cap. 1, NCBI Bookshelf NBK607453 (CC BY 4.0); OpenRN Medical Terminology 2e, NCBI Bookshelf NBK607454 (CC BY 4.0); Prompt mestre do usuário, corpus-base de terminologia médica, 2026-07-17",alta,candidato_validado_automaticamente,card_proprio,etim-v2-pre-para,sim,reconhecimento,1,,,etim_uid::etim-v2-pre-para;terminologia::nivel::nucleo;terminologia::tipo::prefixo,Texto PT-BR; forma citada preservada.
etim-v2-pre-peri,peri-,,,morfema,prefixo,greco-latina; confirmar étimo apenas quando necessário,,,ao redor,,ao redor,,prefixo,transversal,,transversal,3,3,2,0,23,nucleo,pericárdio,,,,,,,,ao redor,A forma sugere sentido; não fecha diagnóstico.,"OpenRN Medical Terminology 2e, cap. 1, NCBI Bookshelf NBK607453 (CC BY 4.0); OpenRN Medical Terminology 2e, NCBI Bookshelf NBK607454 (CC BY 4.0); Prompt mestre do usuário, corpus-base de terminologia médica, 2026-07-17",alta,candidato_validado_automaticamente,card_proprio,etim-v2-pre-peri,sim,reconhecimento,1,,,etim_uid::etim-v2-pre-peri;terminologia::nivel::nucleo;terminologia::tipo::prefixo,Texto PT-BR; forma citada preservada.
etim-v2-pre-pos-post,pós-/post-,,,morfema,prefixo,greco-latina; confirmar étimo apenas quando necessário,,,depois,,depois,,prefixo,transversal,,transversal,3,3,2,0,23,nucleo,pós-natal,,,,,,,,depois,A forma sugere sentido; não fecha diagnóstico.,"OpenRN Medical Terminology 2e, cap. 1, NCBI Bookshelf NBK607453 (CC BY 4.0); OpenRN Medical Terminology 2e, NCBI Bookshelf NBK607454 (CC BY 4.0); Prompt mestre do usuário, corpus-base de terminologia médica, 2026-07-17",alta,candidato_validado_automaticamente,card_proprio,etim-v2-pre-pos-post,sim,reconhecimento,1,,,etim_uid::etim-v2-pre-pos-post;terminologia::nivel::nucleo;terminologia::tipo::prefixo,Texto PT-BR; forma citada preservada.
etim-v2-pre-pre-pre,pré-/pre-,,,morfema,prefixo,greco-latina; confirmar étimo apenas quando necessário,,,antes,,antes,,prefixo,transversal,,transversal,3,3,2,0,23,nucleo,pré-natal,,,,,,,,antes,A forma sugere sentido; não fecha diagnóstico.,"OpenRN Medical Terminology 2e, cap. 1, NCBI Bookshelf NBK607453 (CC BY 4.0); OpenRN Medical Terminology 2e, NCBI Bookshelf NBK607454 (CC BY 4.0); Prompt mestre do usuário, corpus-base de terminologia médica, 2026-07-17",alta,candidato_validado_automaticamente,card_proprio,etim-v2-pre-pre-pre,sim,reconhecimento,1,,,etim_uid::etim-v2-pre-pre-pre;terminologia::nivel::nucleo;terminologia::tipo::prefixo,Texto PT-BR; forma citada preservada.
etim-v2-pre-pro,pro-,,,morfema,prefixo,greco-latina; confirmar étimo apenas quando necessário,,,adiante,,adiante,,prefixo,transversal,,transversal,3,3,2,0,23,nucleo,prognóstico,,,,,,,,adiante,A forma sugere sentido; não fecha diagnóstico.,"OpenRN Medical Terminology 2e, cap. 1, NCBI Bookshelf NBK607453 (CC BY 4.0); OpenRN Medical Terminology 2e, NCBI Bookshelf NBK607454 (CC BY 4.0); Prompt mestre do usuário, corpus-base de terminologia médica, 2026-07-17",alta,candidato_validado_automaticamente,card_proprio,etim-v2-pre-pro,sim,reconhecimento,1,,,etim_uid::etim-v2-pre-pro;terminologia::nivel::nucleo;terminologia::tipo::prefixo,Texto PT-BR; forma citada preservada.
etim-v2-pre-retro,retro-,,,morfema,prefixo,greco-latina; confirmar étimo apenas quando necessário,,,para trás,,para trás,,prefixo,transversal,,transversal,3,3,2,0,23,nucleo,retroperitoneal,,,,,,,,para trás,A forma sugere sentido; não fecha diagnóstico.,"OpenRN Medical Terminology 2e, cap. 1, NCBI Bookshelf NBK607453 (CC BY 4.0); OpenRN Medical Terminology 2e, NCBI Bookshelf NBK607454 (CC BY 4.0); Prompt mestre do usuário, corpus-base de terminologia médica, 2026-07-17",alta,candidato_validado_automaticamente,card_proprio,etim-v2-pre-retro,sim,reconhecimento,1,,,etim_uid::etim-v2-pre-retro;terminologia::nivel::nucleo;terminologia::tipo::prefixo,Texto PT-BR; forma citada preservada.
etim-v2-pre-sub,sub-,,,morfema,prefixo,greco-latina; confirmar étimo apenas quando necessário,,,abaixo,,abaixo,,prefixo,transversal,,transversal,3,3,2,0,23,nucleo,subcutâneo,,,,,,,,abaixo,A forma sugere sentido; não fecha diagnóstico.,"OpenRN Medical Terminology 2e, cap. 1, NCBI Bookshelf NBK607453 (CC BY 4.0); OpenRN Medical Terminology 2e, NCBI Bookshelf NBK607454 (CC BY 4.0); Prompt mestre do usuário, corpus-base de terminologia médica, 2026-07-17",alta,candidato_validado_automaticamente,card_proprio,etim-v2-pre-sub,sim,reconhecimento,1,,,etim_uid::etim-v2-pre-sub;terminologia::nivel::nucleo;terminologia::tipo::prefixo,Texto PT-BR; forma citada preservada.
etim-v2-pre-supra,supra-,,,morfema,prefixo,greco-latina; confirmar étimo apenas quando necessário,,,acima,,acima,,prefixo,transversal,,transversal,3,3,2,0,23,nucleo,suprarrenal,,,,,,,,acima,A forma sugere sentido; não fecha diagnóstico.,"OpenRN Medical Terminology 2e, cap. 1, NCBI Bookshelf NBK607453 (CC BY 4.0); OpenRN Medical Terminology 2e, NCBI Bookshelf NBK607454 (CC BY 4.0); Prompt mestre do usuário, corpus-base de terminologia médica, 2026-07-17",alta,candidato_validado_automaticamente,card_proprio,etim-v2-pre-supra,sim,reconhecimento,1,,,etim_uid::etim-v2-pre-supra;terminologia::nivel::nucleo;terminologia::tipo::prefixo,Texto PT-BR; forma citada preservada.
etim-v2-pre-super,super-,,,morfema,prefixo,greco-latina; confirmar étimo apenas quando necessário,,,acima ou excesso,,acima ou excesso,,prefixo,transversal,,transversal,3,3,2,1,25,nucleo,superfície,,,,,,,,acima ou excesso,A forma sugere sentido; não fecha diagnóstico.,"OpenRN Medical Terminology 2e, cap. 1, NCBI Bookshelf NBK607453 (CC BY 4.0); OpenRN Medical Terminology 2e, NCBI Bookshelf NBK607454 (CC BY 4.0); Prompt mestre do usuário, corpus-base de terminologia médica, 2026-07-17",alta,candidato_validado_automaticamente,card_proprio,etim-v2-pre-super,sim,reconhecimento,1,,,etim_uid::etim-v2-pre-super;terminologia::nivel::nucleo;terminologia::tipo::prefixo,Texto PT-BR; forma citada preservada.
etim-v2-pre-trans,trans-,,,morfema,prefixo,greco-latina; confirmar étimo apenas quando necessário,,,através,,através,,prefixo,transversal,,transversal,3,3,2,0,23,nucleo,transdérmico,,,,,,,,através,A forma sugere sentido; não fecha diagnóstico.,"OpenRN Medical Terminology 2e, cap. 1, NCBI Bookshelf NBK607453 (CC BY 4.0); OpenRN Medical Terminology 2e, NCBI Bookshelf NBK607454 (CC BY 4.0); Prompt mestre do usuário, corpus-base de terminologia médica, 2026-07-17",alta,candidato_validado_automaticamente,card_proprio,etim-v2-pre-trans,sim,reconhecimento,1,,,etim_uid::etim-v2-pre-trans;terminologia::nivel::nucleo;terminologia::tipo::prefixo,Texto PT-BR; forma citada preservada.
etim-v2-pre-ultra,ultra-,,,morfema,prefixo,greco-latina; confirmar étimo apenas quando necessário,,,além,,além,,prefixo,transversal,,transversal,3,3,2,0,23,nucleo,ultrassom,,,,,,,,além,A forma sugere sentido; não fecha diagnóstico.,"OpenRN Medical Terminology 2e, cap. 1, NCBI Bookshelf NBK607453 (CC BY 4.0); OpenRN Medical Terminology 2e, NCBI Bookshelf NBK607454 (CC BY 4.0); Prompt mestre do usuário, corpus-base de terminologia médica, 2026-07-17",alta,candidato_validado_automaticamente,card_proprio,etim-v2-pre-ultra,sim,reconhecimento,1,,,etim_uid::etim-v2-pre-ultra;terminologia::nivel::nucleo;terminologia::tipo::prefixo,Texto PT-BR; forma citada preservada.
etim-v2-pre-ventro,ventro-,,,morfema,prefixo,greco-latina; confirmar étimo apenas quando necessário,,,ventral,,ventral,,prefixo,transversal,,transversal,3,3,2,0,23,nucleo,ventrolateral,,,,,,,,ventral,A forma sugere sentido; não fecha diagnóstico.,"OpenRN Medical Terminology 2e, cap. 1, NCBI Bookshelf NBK607453 (CC BY 4.0); OpenRN Medical Terminology 2e, NCBI Bookshelf NBK607454 (CC BY 4.0); Prompt mestre do usuário, corpus-base de terminologia médica, 2026-07-17",alta,candidato_validado_automaticamente,card_proprio,etim-v2-pre-ventro,sim,reconhecimento,1,,,etim_uid::etim-v2-pre-ventro;terminologia::nivel::nucleo;terminologia::tipo::prefixo,Texto PT-BR; forma citada preservada.
etim-v2-pre-dorso,dorso-,,,morfema,prefixo,greco-latina; confirmar étimo apenas quando necessário,,,dorsal,,dorsal,,prefixo,transversal,,transversal,3,3,2,0,23,nucleo,dorsolateral,,,,,,,,dorsal,A forma sugere sentido; não fecha diagnóstico.,"OpenRN Medical Terminology 2e, cap. 1, NCBI Bookshelf NBK607453 (CC BY 4.0); OpenRN Medical Terminology 2e, NCBI Bookshelf NBK607454 (CC BY 4.0); Prompt mestre do usuário, corpus-base de terminologia médica, 2026-07-17",alta,candidato_validado_automaticamente,card_proprio,etim-v2-pre-dorso,sim,reconhecimento,1,,,etim_uid::etim-v2-pre-dorso;terminologia::nivel::nucleo;terminologia::tipo::prefixo,Texto PT-BR; forma citada preservada.
etim-v2-pre-cranio,cranio-,,,morfema,prefixo,greco-latina; confirmar étimo apenas quando necessário,,,cranial,,cranial,,prefixo,transversal,,transversal,3,3,2,0,23,nucleo,craniocaudal,,,,,,,,cranial,A forma sugere sentido; não fecha diagnóstico.,"OpenRN Medical Terminology 2e, cap. 1, NCBI Bookshelf NBK607453 (CC BY 4.0); OpenRN Medical Terminology 2e, NCBI Bookshelf NBK607454 (CC BY 4.0); Prompt mestre do usuário, corpus-base de terminologia médica, 2026-07-17",alta,candidato_validado_automaticamente,card_proprio,etim-v2-pre-cranio,sim,reconhecimento,1,,,etim_uid::etim-v2-pre-cranio;terminologia::nivel::nucleo;terminologia::tipo::prefixo,Texto PT-BR; forma citada preservada.
etim-v2-pre-caudo,caudo-,,,morfema,prefixo,greco-latina; confirmar étimo apenas quando necessário,,,caudal,,caudal,,prefixo,transversal,,transversal,3,3,2,0,23,nucleo,caudolateral,,,,,,,,caudal,A forma sugere sentido; não fecha diagnóstico.,"OpenRN Medical Terminology 2e, cap. 1, NCBI Bookshelf NBK607453 (CC BY 4.0); OpenRN Medical Terminology 2e, NCBI Bookshelf NBK607454 (CC BY 4.0); Prompt mestre do usuário, corpus-base de terminologia médica, 2026-07-17",alta,candidato_validado_automaticamente,card_proprio,etim-v2-pre-caudo,sim,reconhecimento,1,,,etim_uid::etim-v2-pre-caudo;terminologia::nivel::nucleo;terminologia::tipo::prefixo,Texto PT-BR; forma citada preservada.
etim-v2-pre-rostro,rostro-,,,morfema,prefixo,greco-latina; confirmar étimo apenas quando necessário,,,rostral,,rostral,,prefixo,transversal,,transversal,3,3,2,0,23,nucleo,rostrocaudal,,,,,,,,rostral,A forma sugere sentido; não fecha diagnóstico.,"OpenRN Medical Terminology 2e, cap. 1, NCBI Bookshelf NBK607453 (CC BY 4.0); OpenRN Medical Terminology 2e, NCBI Bookshelf NBK607454 (CC BY 4.0); Prompt mestre do usuário, corpus-base de terminologia médica, 2026-07-17",alta,candidato_validado_automaticamente,card_proprio,etim-v2-pre-rostro,sim,reconhecimento,1,,,etim_uid::etim-v2-pre-rostro;terminologia::nivel::nucleo;terminologia::tipo::prefixo,Texto PT-BR; forma citada preservada.
etim-v2-pre-medio,medio-,,,morfema,prefixo,greco-latina; confirmar étimo apenas quando necessário,,,medial,,medial,,prefixo,transversal,,transversal,3,3,2,0,23,nucleo,mediolateral,,,,,,,,medial,A forma sugere sentido; não fecha diagnóstico.,"OpenRN Medical Terminology 2e, cap. 1, NCBI Bookshelf NBK607453 (CC BY 4.0); OpenRN Medical Terminology 2e, NCBI Bookshelf NBK607454 (CC BY 4.0); Prompt mestre do usuário, corpus-base de terminologia médica, 2026-07-17",alta,candidato_validado_automaticamente,card_proprio,etim-v2-pre-medio,sim,reconhecimento,1,,,etim_uid::etim-v2-pre-medio;terminologia::nivel::nucleo;terminologia::tipo::prefixo,Texto PT-BR; forma citada preservada.
etim-v2-pre-latero,latero-,,,morfema,prefixo,greco-latina; confirmar étimo apenas quando necessário,,,lateral,,lateral,,prefixo,transversal,,transversal,3,3,2,0,23,nucleo,lateroflexão,,,,,,,,lateral,A forma sugere sentido; não fecha diagnóstico.,"OpenRN Medical Terminology 2e, cap. 1, NCBI Bookshelf NBK607453 (CC BY 4.0); OpenRN Medical Terminology 2e, NCBI Bookshelf NBK607454 (CC BY 4.0); Prompt mestre do usuário, corpus-base de terminologia médica, 2026-07-17",alta,candidato_validado_automaticamente,card_proprio,etim-v2-pre-latero,sim,reconhecimento,1,,,etim_uid::etim-v2-pre-latero;terminologia::nivel::nucleo;terminologia::tipo::prefixo,Texto PT-BR; forma citada preservada.
etim-v2-pre-mono,mono-,,,morfema,prefixo,greco-latina; confirmar étimo apenas quando necessário,,,um,,um,,prefixo,transversal,,transversal,3,3,2,0,23,nucleo,monócito,,,,,,,,um,A forma sugere sentido; não fecha diagnóstico.,"OpenRN Medical Terminology 2e, cap. 1, NCBI Bookshelf NBK607453 (CC BY 4.0); OpenRN Medical Terminology 2e, NCBI Bookshelf NBK607454 (CC BY 4.0); Prompt mestre do usuário, corpus-base de terminologia médica, 2026-07-17",alta,candidato_validado_automaticamente,card_proprio,etim-v2-pre-mono,sim,reconhecimento,1,,,etim_uid::etim-v2-pre-mono;terminologia::nivel::nucleo;terminologia::tipo::prefixo,Texto PT-BR; forma citada preservada.
etim-v2-pre-uni,uni-,,,morfema,prefixo,greco-latina; confirmar étimo apenas quando necessário,,,um,,um,,prefixo,transversal,,transversal,3,3,2,0,23,nucleo,unilateral,,,,,,,,um,A forma sugere sentido; não fecha diagnóstico.,"OpenRN Medical Terminology 2e, cap. 1, NCBI Bookshelf NBK607453 (CC BY 4.0); OpenRN Medical Terminology 2e, NCBI Bookshelf NBK607454 (CC BY 4.0); Prompt mestre do usuário, corpus-base de terminologia médica, 2026-07-17",alta,candidato_validado_automaticamente,card_proprio,etim-v2-pre-uni,sim,reconhecimento,1,,,etim_uid::etim-v2-pre-uni;terminologia::nivel::nucleo;terminologia::tipo::prefixo,Texto PT-BR; forma citada preservada.
etim-v2-pre-bi,bi-,,,morfema,prefixo,greco-latina; confirmar étimo apenas quando necessário,,,dois,,dois,,prefixo,transversal,,transversal,3,3,2,0,23,nucleo,bilateral,,,,,,,,dois,A forma sugere sentido; não fecha diagnóstico.,"OpenRN Medical Terminology 2e, cap. 1, NCBI Bookshelf NBK607453 (CC BY 4.0); OpenRN Medical Terminology 2e, NCBI Bookshelf NBK607454 (CC BY 4.0); Prompt mestre do usuário, corpus-base de terminologia médica, 2026-07-17",alta,candidato_validado_automaticamente,card_proprio,etim-v2-pre-bi,sim,reconhecimento,1,,,etim_uid::etim-v2-pre-bi;terminologia::nivel::nucleo;terminologia::tipo::prefixo,Texto PT-BR; forma citada preservada.
etim-v2-pre-di,di-,,,morfema,prefixo,greco-latina; confirmar étimo apenas quando necessário,,,dois,,dois,,prefixo,transversal,,transversal,3,3,2,0,23,nucleo,dímero,,,,,,,,dois,A forma sugere sentido; não fecha diagnóstico.,"OpenRN Medical Terminology 2e, cap. 1, NCBI Bookshelf NBK607453 (CC BY 4.0); OpenRN Medical Terminology 2e, NCBI Bookshelf NBK607454 (CC BY 4.0); Prompt mestre do usuário, corpus-base de terminologia médica, 2026-07-17",alta,candidato_validado_automaticamente,card_proprio,etim-v2-pre-di,sim,reconhecimento,1,,,etim_uid::etim-v2-pre-di;terminologia::nivel::nucleo;terminologia::tipo::prefixo,Texto PT-BR; forma citada preservada.
etim-v2-pre-diplo,diplo-,,,morfema,prefixo,greco-latina; confirmar étimo apenas quando necessário,,,duplo,,duplo,,prefixo,transversal,,transversal,3,3,2,0,23,nucleo,diploide,,,,,,,,duplo,A forma sugere sentido; não fecha diagnóstico.,"OpenRN Medical Terminology 2e, cap. 1, NCBI Bookshelf NBK607453 (CC BY 4.0); OpenRN Medical Terminology 2e, NCBI Bookshelf NBK607454 (CC BY 4.0); Prompt mestre do usuário, corpus-base de terminologia médica, 2026-07-17",alta,candidato_validado_automaticamente,card_proprio,etim-v2-pre-diplo,sim,reconhecimento,1,,,etim_uid::etim-v2-pre-diplo;terminologia::nivel::nucleo;terminologia::tipo::prefixo,Texto PT-BR; forma citada preservada.
etim-v2-pre-tri,tri-,,,morfema,prefixo,greco-latina; confirmar étimo apenas quando necessário,,,três,,três,,prefixo,transversal,,transversal,3,3,2,0,23,nucleo,tríceps,,,,,,,,três,A forma sugere sentido; não fecha diagnóstico.,"OpenRN Medical Terminology 2e, cap. 1, NCBI Bookshelf NBK607453 (CC BY 4.0); OpenRN Medical Terminology 2e, NCBI Bookshelf NBK607454 (CC BY 4.0); Prompt mestre do usuário, corpus-base de terminologia médica, 2026-07-17",alta,candidato_validado_automaticamente,card_proprio,etim-v2-pre-tri,sim,reconhecimento,1,,,etim_uid::etim-v2-pre-tri;terminologia::nivel::nucleo;terminologia::tipo::prefixo,Texto PT-BR; forma citada preservada.
etim-v2-pre-tetra,tetra-,,,morfema,prefixo,greco-latina; confirmar étimo apenas quando necessário,,,quatro,,quatro,,prefixo,transversal,,transversal,3,3,2,0,23,nucleo,tetraplegia,,,,,,,,quatro,A forma sugere sentido; não fecha diagnóstico.,"OpenRN Medical Terminology 2e, cap. 1, NCBI Bookshelf NBK607453 (CC BY 4.0); OpenRN Medical Terminology 2e, NCBI Bookshelf NBK607454 (CC BY 4.0); Prompt mestre do usuário, corpus-base de terminologia médica, 2026-07-17",alta,candidato_validado_automaticamente,card_proprio,etim-v2-pre-tetra,sim,reconhecimento,1,,,etim_uid::etim-v2-pre-tetra;terminologia::nivel::nucleo;terminologia::tipo::prefixo,Texto PT-BR; forma citada preservada.
etim-v2-pre-quadri,quadri-,,,morfema,prefixo,greco-latina; confirmar étimo apenas quando necessário,,,quatro,,quatro,,prefixo,transversal,,transversal,3,3,2,0,23,nucleo,quadríceps,,,,,,,,quatro,A forma sugere sentido; não fecha diagnóstico.,"OpenRN Medical Terminology 2e, cap. 1, NCBI Bookshelf NBK607453 (CC BY 4.0); OpenRN Medical Terminology 2e, NCBI Bookshelf NBK607454 (CC BY 4.0); Prompt mestre do usuário, corpus-base de terminologia médica, 2026-07-17",alta,candidato_validado_automaticamente,card_proprio,etim-v2-pre-quadri,sim,reconhecimento,1,,,etim_uid::etim-v2-pre-quadri;terminologia::nivel::nucleo;terminologia::tipo::prefixo,Texto PT-BR; forma citada preservada.
etim-v2-pre-penta,penta-,,,morfema,prefixo,greco-latina; confirmar étimo apenas quando necessário,,,cinco,,cinco,,prefixo,transversal,,transversal,3,3,2,0,23,nucleo,pentose,,,,,,,,cinco,A forma sugere sentido; não fecha diagnóstico.,"OpenRN Medical Terminology 2e, cap. 1, NCBI Bookshelf NBK607453 (CC BY 4.0); OpenRN Medical Terminology 2e, NCBI Bookshelf NBK607454 (CC BY 4.0); Prompt mestre do usuário, corpus-base de terminologia médica, 2026-07-17",alta,candidato_validado_automaticamente,card_proprio,etim-v2-pre-penta,sim,reconhecimento,1,,,etim_uid::etim-v2-pre-penta;terminologia::nivel::nucleo;terminologia::tipo::prefixo,Texto PT-BR; forma citada preservada.
etim-v2-pre-hexa,hexa-,,,morfema,prefixo,greco-latina; confirmar étimo apenas quando necessário,,,seis,,seis,,prefixo,transversal,,transversal,3,3,2,0,23,nucleo,hexose,,,,,,,,seis,A forma sugere sentido; não fecha diagnóstico.,"OpenRN Medical Terminology 2e, cap. 1, NCBI Bookshelf NBK607453 (CC BY 4.0); OpenRN Medical Terminology 2e, NCBI Bookshelf NBK607454 (CC BY 4.0); Prompt mestre do usuário, corpus-base de terminologia médica, 2026-07-17",alta,candidato_validado_automaticamente,card_proprio,etim-v2-pre-hexa,sim,reconhecimento,1,,,etim_uid::etim-v2-pre-hexa;terminologia::nivel::nucleo;terminologia::tipo::prefixo,Texto PT-BR; forma citada preservada.
etim-v2-pre-hemi,hemi-,,,morfema,prefixo,greco-latina; confirmar étimo apenas quando necessário,,,metade,,metade,,prefixo,transversal,,transversal,3,3,2,0,23,nucleo,hemiplegia,,,,,,,,metade,A forma sugere sentido; não fecha diagnóstico.,"OpenRN Medical Terminology 2e, cap. 1, NCBI Bookshelf NBK607453 (CC BY 4.0); OpenRN Medical Terminology 2e, NCBI Bookshelf NBK607454 (CC BY 4.0); Prompt mestre do usuário, corpus-base de terminologia médica, 2026-07-17",alta,candidato_validado_automaticamente,card_proprio,etim-v2-pre-hemi,sim,reconhecimento,1,,,etim_uid::etim-v2-pre-hemi;terminologia::nivel::nucleo;terminologia::tipo::prefixo,Texto PT-BR; forma citada preservada.
etim-v2-pre-semi,semi-,,,morfema,prefixo,greco-latina; confirmar étimo apenas quando necessário,,,metade ou parcial,,metade ou parcial,,prefixo,transversal,,transversal,3,3,2,1,25,nucleo,semilunar,,,,,,,,metade ou parcial,A forma sugere sentido; não fecha diagnóstico.,"OpenRN Medical Terminology 2e, cap. 1, NCBI Bookshelf NBK607453 (CC BY 4.0); OpenRN Medical Terminology 2e, NCBI Bookshelf NBK607454 (CC BY 4.0); Prompt mestre do usuário, corpus-base de terminologia médica, 2026-07-17",alta,candidato_validado_automaticamente,card_proprio,etim-v2-pre-semi,sim,reconhecimento,1,,,etim_uid::etim-v2-pre-semi;terminologia::nivel::nucleo;terminologia::tipo::prefixo,Texto PT-BR; forma citada preservada.
etim-v2-pre-multi,multi-,,,morfema,prefixo,greco-latina; confirmar étimo apenas quando necessário,,,muitos,,muitos,,prefixo,transversal,,transversal,3,3,2,0,23,nucleo,multípara,,,,,,,,muitos,A forma sugere sentido; não fecha diagnóstico.,"OpenRN Medical Terminology 2e, cap. 1, NCBI Bookshelf NBK607453 (CC BY 4.0); OpenRN Medical Terminology 2e, NCBI Bookshelf NBK607454 (CC BY 4.0); Prompt mestre do usuário, corpus-base de terminologia médica, 2026-07-17",alta,candidato_validado_automaticamente,card_proprio,etim-v2-pre-multi,sim,reconhecimento,1,,,etim_uid::etim-v2-pre-multi;terminologia::nivel::nucleo;terminologia::tipo::prefixo,Texto PT-BR; forma citada preservada.
etim-v2-pre-pluri,pluri-,,,morfema,prefixo,greco-latina; confirmar étimo apenas quando necessário,,,vários,,vários,,prefixo,transversal,,transversal,3,3,2,0,23,nucleo,pluripotente,,,,,,,,vários,A forma sugere sentido; não fecha diagnóstico.,"OpenRN Medical Terminology 2e, cap. 1, NCBI Bookshelf NBK607453 (CC BY 4.0); OpenRN Medical Terminology 2e, NCBI Bookshelf NBK607454 (CC BY 4.0); Prompt mestre do usuário, corpus-base de terminologia médica, 2026-07-17",alta,candidato_validado_automaticamente,card_proprio,etim-v2-pre-pluri,sim,reconhecimento,1,,,etim_uid::etim-v2-pre-pluri;terminologia::nivel::nucleo;terminologia::tipo::prefixo,Texto PT-BR; forma citada preservada.
etim-v2-pre-poli,poli-,,,morfema,prefixo,greco-latina; confirmar étimo apenas quando necessário,,,muitos,,muitos,,prefixo,transversal,,transversal,3,3,2,0,23,nucleo,poliúria,,,,,,,,muitos,A forma sugere sentido; não fecha diagnóstico.,"OpenRN Medical Terminology 2e, cap. 1, NCBI Bookshelf NBK607453 (CC BY 4.0); OpenRN Medical Terminology 2e, NCBI Bookshelf NBK607454 (CC BY 4.0); Prompt mestre do usuário, corpus-base de terminologia médica, 2026-07-17",alta,candidato_validado_automaticamente,card_proprio,etim-v2-pre-poli,sim,reconhecimento,1,,,etim_uid::etim-v2-pre-poli;terminologia::nivel::nucleo;terminologia::tipo::prefixo,Texto PT-BR; forma citada preservada.
etim-v2-pre-oligo,oligo-,,,morfema,prefixo,greco-latina; confirmar étimo apenas quando necessário,,,poucos,,poucos,,prefixo,transversal,,transversal,3,3,2,1,25,nucleo,oligúria,,,,,,,,poucos,A forma sugere sentido; não fecha diagnóstico.,"OpenRN Medical Terminology 2e, cap. 1, NCBI Bookshelf NBK607453 (CC BY 4.0); OpenRN Medical Terminology 2e, NCBI Bookshelf NBK607454 (CC BY 4.0); Prompt mestre do usuário, corpus-base de terminologia médica, 2026-07-17",alta,candidato_validado_automaticamente,card_proprio,etim-v2-pre-oligo,sim,reconhecimento,1,,,etim_uid::etim-v2-pre-oligo;terminologia::nivel::nucleo;terminologia::tipo::prefixo,Texto PT-BR; forma citada preservada.
etim-v2-pre-pan,pan-,,,morfema,prefixo,greco-latina; confirmar étimo apenas quando necessário,,,todo,,todo,,prefixo,transversal,,transversal,3,3,2,0,23,nucleo,pancitopenia,,,,,,,,todo,A forma sugere sentido; não fecha diagnóstico.,"OpenRN Medical Terminology 2e, cap. 1, NCBI Bookshelf NBK607453 (CC BY 4.0); OpenRN Medical Terminology 2e, NCBI Bookshelf NBK607454 (CC BY 4.0); Prompt mestre do usuário, corpus-base de terminologia médica, 2026-07-17",alta,candidato_validado_automaticamente,card_proprio,etim-v2-pre-pan,sim,reconhecimento,1,,,etim_uid::etim-v2-pre-pan;terminologia::nivel::nucleo;terminologia::tipo::prefixo,Texto PT-BR; forma citada preservada.
etim-v2-pre-holo,holo-,,,morfema,prefixo,greco-latina; confirmar étimo apenas quando necessário,,,inteiro,,inteiro,,prefixo,transversal,,transversal,3,3,2,0,23,nucleo,holócrino,,,,,,,,inteiro,A forma sugere sentido; não fecha diagnóstico.,"OpenRN Medical Terminology 2e, cap. 1, NCBI Bookshelf NBK607453 (CC BY 4.0); OpenRN Medical Terminology 2e, NCBI Bookshelf NBK607454 (CC BY 4.0); Prompt mestre do usuário, corpus-base de terminologia médica, 2026-07-17",alta,candidato_validado_automaticamente,card_proprio,etim-v2-pre-holo,sim,reconhecimento,1,,,etim_uid::etim-v2-pre-holo;terminologia::nivel::nucleo;terminologia::tipo::prefixo,Texto PT-BR; forma citada preservada.
etim-v2-pre-iso,iso-,,,morfema,prefixo,greco-latina; confirmar étimo apenas quando necessário,,,igual,,igual,,prefixo,transversal,,transversal,3,3,2,0,23,nucleo,isotônico,,,,,,,,igual,A forma sugere sentido; não fecha diagnóstico.,"OpenRN Medical Terminology 2e, cap. 1, NCBI Bookshelf NBK607453 (CC BY 4.0); OpenRN Medical Terminology 2e, NCBI Bookshelf NBK607454 (CC BY 4.0); Prompt mestre do usuário, corpus-base de terminologia médica, 2026-07-17",alta,candidato_validado_automaticamente,card_proprio,etim-v2-pre-iso,sim,reconhecimento,1,,,etim_uid::etim-v2-pre-iso;terminologia::nivel::nucleo;terminologia::tipo::prefixo,Texto PT-BR; forma citada preservada.
etim-v2-pre-homo,homo-,,,morfema,prefixo,greco-latina; confirmar étimo apenas quando necessário,,,igual,,igual,,prefixo,transversal,,transversal,3,3,2,0,23,nucleo,homozigoto,,,,,,,,igual,A forma sugere sentido; não fecha diagnóstico.,"OpenRN Medical Terminology 2e, cap. 1, NCBI Bookshelf NBK607453 (CC BY 4.0); OpenRN Medical Terminology 2e, NCBI Bookshelf NBK607454 (CC BY 4.0); Prompt mestre do usuário, corpus-base de terminologia médica, 2026-07-17",alta,candidato_validado_automaticamente,card_proprio,etim-v2-pre-homo,sim,reconhecimento,1,,,etim_uid::etim-v2-pre-homo;terminologia::nivel::nucleo;terminologia::tipo::prefixo,Texto PT-BR; forma citada preservada.
etim-v2-pre-homeo,homeo-,,,morfema,prefixo,greco-latina; confirmar étimo apenas quando necessário,,,semelhante ou estável,,semelhante ou estável,,prefixo,transversal,,transversal,3,3,2,1,25,nucleo,homeostase,,,,,,,,semelhante ou estável,A forma sugere sentido; não fecha diagnóstico.,"OpenRN Medical Terminology 2e, cap. 1, NCBI Bookshelf NBK607453 (CC BY 4.0); OpenRN Medical Terminology 2e, NCBI Bookshelf NBK607454 (CC BY 4.0); Prompt mestre do usuário, corpus-base de terminologia médica, 2026-07-17",alta,candidato_validado_automaticamente,card_proprio,etim-v2-pre-homeo,sim,reconhecimento,1,,,etim_uid::etim-v2-pre-homeo;terminologia::nivel::nucleo;terminologia::tipo::prefixo,Texto PT-BR; forma citada preservada.
etim-v2-pre-hetero,hetero-,,,morfema,prefixo,greco-latina; confirmar étimo apenas quando necessário,,,diferente,,diferente,,prefixo,transversal,,transversal,3,3,2,0,23,nucleo,heterozigoto,,,,,,,,diferente,A forma sugere sentido; não fecha diagnóstico.,"OpenRN Medical Terminology 2e, cap. 1, NCBI Bookshelf NBK607453 (CC BY 4.0); OpenRN Medical Terminology 2e, NCBI Bookshelf NBK607454 (CC BY 4.0); Prompt mestre do usuário, corpus-base de terminologia médica, 2026-07-17",alta,candidato_validado_automaticamente,card_proprio,etim-v2-pre-hetero,sim,reconhecimento,1,,,etim_uid::etim-v2-pre-hetero;terminologia::nivel::nucleo;terminologia::tipo::prefixo,Texto PT-BR; forma citada preservada.
etim-v2-pre-aniso,aniso-,,,morfema,prefixo,greco-latina; confirmar étimo apenas quando necessário,,,desigual,,desigual,,prefixo,transversal,,transversal,3,3,2,0,23,nucleo,anisocitose,,,,,,,,desigual,A forma sugere sentido; não fecha diagnóstico.,"OpenRN Medical Terminology 2e, cap. 1, NCBI Bookshelf NBK607453 (CC BY 4.0); OpenRN Medical Terminology 2e, NCBI Bookshelf NBK607454 (CC BY 4.0); Prompt mestre do usuário, corpus-base de terminologia médica, 2026-07-17",alta,candidato_validado_automaticamente,card_proprio,etim-v2-pre-aniso,sim,reconhecimento,1,,,etim_uid::etim-v2-pre-aniso;terminologia::nivel::nucleo;terminologia::tipo::prefixo,Texto PT-BR; forma citada preservada.
etim-v2-pre-macro,macro-,,,morfema,prefixo,greco-latina; confirmar étimo apenas quando necessário,,,grande,,grande,,prefixo,transversal,,transversal,3,3,2,0,23,nucleo,macrófago,,,,,,,,grande,A forma sugere sentido; não fecha diagnóstico.,"OpenRN Medical Terminology 2e, cap. 1, NCBI Bookshelf NBK607453 (CC BY 4.0); OpenRN Medical Terminology 2e, NCBI Bookshelf NBK607454 (CC BY 4.0); Prompt mestre do usuário, corpus-base de terminologia médica, 2026-07-17",alta,candidato_validado_automaticamente,card_proprio,etim-v2-pre-macro,sim,reconhecimento,1,,,etim_uid::etim-v2-pre-macro;terminologia::nivel::nucleo;terminologia::tipo::prefixo,Texto PT-BR; forma citada preservada.
etim-v2-pre-micro,micro-,,,morfema,prefixo,greco-latina; confirmar étimo apenas quando necessário,,,pequeno,,pequeno,,prefixo,transversal,,transversal,3,3,2,0,23,nucleo,microcefalia,,,,,,,,pequeno,A forma sugere sentido; não fecha diagnóstico.,"OpenRN Medical Terminology 2e, cap. 1, NCBI Bookshelf NBK607453 (CC BY 4.0); OpenRN Medical Terminology 2e, NCBI Bookshelf NBK607454 (CC BY 4.0); Prompt mestre do usuário, corpus-base de terminologia médica, 2026-07-17",alta,candidato_validado_automaticamente,card_proprio,etim-v2-pre-micro,sim,reconhecimento,1,,,etim_uid::etim-v2-pre-micro;terminologia::nivel::nucleo;terminologia::tipo::prefixo,Texto PT-BR; forma citada preservada.
etim-v2-pre-mega-megal,mega-/megal-,,,morfema,prefixo,greco-latina; confirmar étimo apenas quando necessário,,,grande,,grande,,prefixo,transversal,,transversal,3,3,2,0,23,nucleo,megacólon,,,,,,,,grande,A forma sugere sentido; não fecha diagnóstico.,"OpenRN Medical Terminology 2e, cap. 1, NCBI Bookshelf NBK607453 (CC BY 4.0); OpenRN Medical Terminology 2e, NCBI Bookshelf NBK607454 (CC BY 4.0); Prompt mestre do usuário, corpus-base de terminologia médica, 2026-07-17",alta,candidato_validado_automaticamente,card_proprio,etim-v2-pre-mega-megal,sim,reconhecimento,1,,,etim_uid::etim-v2-pre-mega-megal;terminologia::nivel::nucleo;terminologia::tipo::prefixo,Texto PT-BR; forma citada preservada.
etim-v2-pre-haplo,haplo-,,,morfema,prefixo,greco-latina; confirmar étimo apenas quando necessário,,,simples,,simples,,prefixo,transversal,,transversal,3,3,2,0,23,nucleo,haploide,,,,,,,,simples,A forma sugere sentido; não fecha diagnóstico.,"OpenRN Medical Terminology 2e, cap. 1, NCBI Bookshelf NBK607453 (CC BY 4.0); OpenRN Medical Terminology 2e, NCBI Bookshelf NBK607454 (CC BY 4.0); Prompt mestre do usuário, corpus-base de terminologia médica, 2026-07-17",alta,candidato_validado_automaticamente,card_proprio,etim-v2-pre-haplo,sim,reconhecimento,1,,,etim_uid::etim-v2-pre-haplo;terminologia::nivel::nucleo;terminologia::tipo::prefixo,Texto PT-BR; forma citada preservada.
etim-v2-pre-eu,eu-,,,morfema,prefixo,greco-latina; confirmar étimo apenas quando necessário,,,normal ou bom,,normal ou bom,,prefixo,transversal,,transversal,3,3,2,1,25,nucleo,eupneia,,,,,,,,normal ou bom,A forma sugere sentido; não fecha diagnóstico.,"OpenRN Medical Terminology 2e, cap. 1, NCBI Bookshelf NBK607453 (CC BY 4.0); OpenRN Medical Terminology 2e, NCBI Bookshelf NBK607454 (CC BY 4.0); Prompt mestre do usuário, corpus-base de terminologia médica, 2026-07-17",alta,candidato_validado_automaticamente,card_proprio,etim-v2-pre-eu,sim,reconhecimento,1,,,etim_uid::etim-v2-pre-eu;terminologia::nivel::nucleo;terminologia::tipo::prefixo,Texto PT-BR; forma citada preservada.
etim-v2-pre-hiper,hiper-,,,morfema,prefixo,greco-latina; confirmar étimo apenas quando necessário,,,excesso ou acima,,excesso ou acima,,prefixo,transversal,,transversal,3,3,2,1,25,nucleo,hiperglicemia,,,,,,,,excesso ou acima,A forma sugere sentido; não fecha diagnóstico.,"OpenRN Medical Terminology 2e, cap. 1, NCBI Bookshelf NBK607453 (CC BY 4.0); OpenRN Medical Terminology 2e, NCBI Bookshelf NBK607454 (CC BY 4.0); Prompt mestre do usuário, corpus-base de terminologia médica, 2026-07-17",alta,candidato_validado_automaticamente,card_proprio,etim-v2-pre-hiper,sim,reconhecimento,1,,,etim_uid::etim-v2-pre-hiper;terminologia::nivel::nucleo;terminologia::tipo::prefixo,Texto PT-BR; forma citada preservada.
etim-v2-pre-hipo,hipo-,,,morfema,prefixo,greco-latina; confirmar étimo apenas quando necessário,,,deficiência ou abaixo,,deficiência ou abaixo,,prefixo,transversal,,transversal,3,3,2,1,25,nucleo,hipoglicemia,,,,,,,,deficiência ou abaixo,A forma sugere sentido; não fecha diagnóstico.,"OpenRN Medical Terminology 2e, cap. 1, NCBI Bookshelf NBK607453 (CC BY 4.0); OpenRN Medical Terminology 2e, NCBI Bookshelf NBK607454 (CC BY 4.0); Prompt mestre do usuário, corpus-base de terminologia médica, 2026-07-17",alta,candidato_validado_automaticamente,card_proprio,etim-v2-pre-hipo,sim,reconhecimento,1,,,etim_uid::etim-v2-pre-hipo;terminologia::nivel::nucleo;terminologia::tipo::prefixo,Texto PT-BR; forma citada preservada.
etim-v2-pre-normo,normo-,,,morfema,prefixo,greco-latina; confirmar étimo apenas quando necessário,,,normal,,normal,,prefixo,transversal,,transversal,3,3,2,0,23,nucleo,normocítico,,,,,,,,normal,A forma sugere sentido; não fecha diagnóstico.,"OpenRN Medical Terminology 2e, cap. 1, NCBI Bookshelf NBK607453 (CC BY 4.0); OpenRN Medical Terminology 2e, NCBI Bookshelf NBK607454 (CC BY 4.0); Prompt mestre do usuário, corpus-base de terminologia médica, 2026-07-17",alta,candidato_validado_automaticamente,card_proprio,etim-v2-pre-normo,sim,reconhecimento,1,,,etim_uid::etim-v2-pre-normo;terminologia::nivel::nucleo;terminologia::tipo::prefixo,Texto PT-BR; forma citada preservada.
etim-v2-pre-bradi,bradi-,,,morfema,prefixo,greco-latina; confirmar étimo apenas quando necessário,,,lento,,lento,,prefixo,transversal,,transversal,3,3,2,0,23,nucleo,bradicardia,,,,,,,,lento,A forma sugere sentido; não fecha diagnóstico.,"OpenRN Medical Terminology 2e, cap. 1, NCBI Bookshelf NBK607453 (CC BY 4.0); OpenRN Medical Terminology 2e, NCBI Bookshelf NBK607454 (CC BY 4.0); Prompt mestre do usuário, corpus-base de terminologia médica, 2026-07-17",alta,candidato_validado_automaticamente,card_proprio,etim-v2-pre-bradi,sim,reconhecimento,1,,,etim_uid::etim-v2-pre-bradi;terminologia::nivel::nucleo;terminologia::tipo::prefixo,Texto PT-BR; forma citada preservada.
etim-v2-pre-taqui,taqui-,,,morfema,prefixo,greco-latina; confirmar étimo apenas quando necessário,,,rápido,,rápido,,prefixo,transversal,,transversal,3,3,2,0,23,nucleo,taquipneia,,,,,,,,rápido,A forma sugere sentido; não fecha diagnóstico.,"OpenRN Medical Terminology 2e, cap. 1, NCBI Bookshelf NBK607453 (CC BY 4.0); OpenRN Medical Terminology 2e, NCBI Bookshelf NBK607454 (CC BY 4.0); Prompt mestre do usuário, corpus-base de terminologia médica, 2026-07-17",alta,candidato_validado_automaticamente,card_proprio,etim-v2-pre-taqui,sim,reconhecimento,1,,,etim_uid::etim-v2-pre-taqui;terminologia::nivel::nucleo;terminologia::tipo::prefixo,Texto PT-BR; forma citada preservada.
etim-v2-pre-crono,crono-,,,morfema,prefixo,greco-latina; confirmar étimo apenas quando necessário,,,tempo,,tempo,,prefixo,transversal,,transversal,3,3,2,0,23,nucleo,cronotropismo,,,,,,,,tempo,A forma sugere sentido; não fecha diagnóstico.,"OpenRN Medical Terminology 2e, cap. 1, NCBI Bookshelf NBK607453 (CC BY 4.0); OpenRN Medical Terminology 2e, NCBI Bookshelf NBK607454 (CC BY 4.0); Prompt mestre do usuário, corpus-base de terminologia médica, 2026-07-17",alta,candidato_validado_automaticamente,card_proprio,etim-v2-pre-crono,sim,reconhecimento,1,,,etim_uid::etim-v2-pre-crono;terminologia::nivel::nucleo;terminologia::tipo::prefixo,Texto PT-BR; forma citada preservada.
etim-v2-pre-neo,neo-,,,morfema,prefixo,greco-latina; confirmar étimo apenas quando necessário,,,novo,,novo,,prefixo,transversal,,transversal,3,3,2,0,23,nucleo,neoplasia,,,,,,,,novo,A forma sugere sentido; não fecha diagnóstico.,"OpenRN Medical Terminology 2e, cap. 1, NCBI Bookshelf NBK607453 (CC BY 4.0); OpenRN Medical Terminology 2e, NCBI Bookshelf NBK607454 (CC BY 4.0); Prompt mestre do usuário, corpus-base de terminologia médica, 2026-07-17",alta,candidato_validado_automaticamente,card_proprio,etim-v2-pre-neo,sim,reconhecimento,1,,,etim_uid::etim-v2-pre-neo;terminologia::nivel::nucleo;terminologia::tipo::prefixo,Texto PT-BR; forma citada preservada.
etim-v2-pre-paleo,paleo-,,,morfema,prefixo,greco-latina; confirmar étimo apenas quando necessário,,,antigo,,antigo,,prefixo,transversal,,transversal,3,3,2,0,23,nucleo,paleocórtex,,,,,,,,antigo,A forma sugere sentido; não fecha diagnóstico.,"OpenRN Medical Terminology 2e, cap. 1, NCBI Bookshelf NBK607453 (CC BY 4.0); OpenRN Medical Terminology 2e, NCBI Bookshelf NBK607454 (CC BY 4.0); Prompt mestre do usuário, corpus-base de terminologia médica, 2026-07-17",alta,candidato_validado_automaticamente,card_proprio,etim-v2-pre-paleo,sim,reconhecimento,1,,,etim_uid::etim-v2-pre-paleo;terminologia::nivel::nucleo;terminologia::tipo::prefixo,Texto PT-BR; forma citada preservada.
etim-v2-suf-algia,-algia,,,morfema,sufixo,greco-latina; confirmar étimo apenas quando necessário,,,dor,,dor,,sufixo,transversal,,transversal,3,3,2,0,23,nucleo,mialgia,,,,,,,,dor,A forma sugere sentido; não fecha diagnóstico.,"OpenRN Medical Terminology 2e, cap. 1, NCBI Bookshelf NBK607453 (CC BY 4.0); OpenRN Medical Terminology 2e, NCBI Bookshelf NBK607454 (CC BY 4.0); Prompt mestre do usuário, corpus-base de terminologia médica, 2026-07-17",alta,candidato_validado_automaticamente,card_proprio,etim-v2-suf-algia,sim,reconhecimento,1,,,etim_uid::etim-v2-suf-algia;terminologia::nivel::nucleo;terminologia::tipo::sufixo,Texto PT-BR; forma citada preservada.
etim-v2-suf-odinia,-odinia,,,morfema,sufixo,greco-latina; confirmar étimo apenas quando necessário,,,dor,,dor,,sufixo,transversal,,transversal,3,3,2,0,23,nucleo,odinofagia,,,,,,,,dor,A forma sugere sentido; não fecha diagnóstico.,"OpenRN Medical Terminology 2e, cap. 1, NCBI Bookshelf NBK607453 (CC BY 4.0); OpenRN Medical Terminology 2e, NCBI Bookshelf NBK607454 (CC BY 4.0); Prompt mestre do usuário, corpus-base de terminologia médica, 2026-07-17",alta,candidato_validado_automaticamente,card_proprio,etim-v2-suf-odinia,sim,reconhecimento,1,,,etim_uid::etim-v2-suf-odinia;terminologia::nivel::nucleo;terminologia::tipo::sufixo,Texto PT-BR; forma citada preservada.
etim-v2-suf-astenia,-astenia,,,morfema,sufixo,greco-latina; confirmar étimo apenas quando necessário,,,fraqueza,,fraqueza,,sufixo,transversal,,transversal,3,3,2,0,23,nucleo,miastenia,,,,,,,,fraqueza,A forma sugere sentido; não fecha diagnóstico.,"OpenRN Medical Terminology 2e, cap. 1, NCBI Bookshelf NBK607453 (CC BY 4.0); OpenRN Medical Terminology 2e, NCBI Bookshelf NBK607454 (CC BY 4.0); Prompt mestre do usuário, corpus-base de terminologia médica, 2026-07-17",alta,candidato_validado_automaticamente,card_proprio,etim-v2-suf-astenia,sim,reconhecimento,1,,,etim_uid::etim-v2-suf-astenia;terminologia::nivel::nucleo;terminologia::tipo::sufixo,Texto PT-BR; forma citada preservada.
etim-v2-suf-atresia,-atresia,,,morfema,sufixo,greco-latina; confirmar étimo apenas quando necessário,,,ausência de abertura,,ausência de abertura,,sufixo,transversal,,transversal,3,3,2,0,23,nucleo,atresia esofágica,,,,,,,,ausência de abertura,A forma sugere sentido; não fecha diagnóstico.,"OpenRN Medical Terminology 2e, cap. 1, NCBI Bookshelf NBK607453 (CC BY 4.0); OpenRN Medical Terminology 2e, NCBI Bookshelf NBK607454 (CC BY 4.0); Prompt mestre do usuário, corpus-base de terminologia médica, 2026-07-17",alta,candidato_validado_automaticamente,card_proprio,etim-v2-suf-atresia,sim,reconhecimento,1,,,etim_uid::etim-v2-suf-atresia;terminologia::nivel::nucleo;terminologia::tipo::sufixo,Texto PT-BR; forma citada preservada.
etim-v2-suf-cele,-cele,,,morfema,sufixo,greco-latina; confirmar étimo apenas quando necessário,,,hérnia ou protrusão,,hérnia ou protrusão,,sufixo,transversal,,transversal,3,3,2,1,25,nucleo,meningocele,,,,,,,,hérnia ou protrusão,A forma sugere sentido; não fecha diagnóstico.,"OpenRN Medical Terminology 2e, cap. 1, NCBI Bookshelf NBK607453 (CC BY 4.0); OpenRN Medical Terminology 2e, NCBI Bookshelf NBK607454 (CC BY 4.0); Prompt mestre do usuário, corpus-base de terminologia médica, 2026-07-17",alta,candidato_validado_automaticamente,card_proprio,etim-v2-suf-cele,sim,reconhecimento,1,,,etim_uid::etim-v2-suf-cele;terminologia::nivel::nucleo;terminologia::tipo::sufixo,Texto PT-BR; forma citada preservada.
etim-v2-suf-citose,-citose,,,morfema,sufixo,greco-latina; confirmar étimo apenas quando necessário,,,aumento celular,,aumento celular,,sufixo,transversal,,transversal,3,3,2,0,23,nucleo,leucocitose,,,,,,,,aumento celular,A forma sugere sentido; não fecha diagnóstico.,"OpenRN Medical Terminology 2e, cap. 1, NCBI Bookshelf NBK607453 (CC BY 4.0); OpenRN Medical Terminology 2e, NCBI Bookshelf NBK607454 (CC BY 4.0); Prompt mestre do usuário, corpus-base de terminologia médica, 2026-07-17",alta,candidato_validado_automaticamente,card_proprio,etim-v2-suf-citose,sim,reconhecimento,1,,,etim_uid::etim-v2-suf-citose;terminologia::nivel::nucleo;terminologia::tipo::sufixo,Texto PT-BR; forma citada preservada.
etim-v2-suf-ectasia,-ectasia,,,morfema,sufixo,greco-latina; confirmar étimo apenas quando necessário,,,dilatação,,dilatação,,sufixo,transversal,,transversal,3,3,2,0,23,nucleo,bronquiectasia,,,,,,,,dilatação,A forma sugere sentido; não fecha diagnóstico.,"OpenRN Medical Terminology 2e, cap. 1, NCBI Bookshelf NBK607453 (CC BY 4.0); OpenRN Medical Terminology 2e, NCBI Bookshelf NBK607454 (CC BY 4.0); Prompt mestre do usuário, corpus-base de terminologia médica, 2026-07-17",alta,candidato_validado_automaticamente,card_proprio,etim-v2-suf-ectasia,sim,reconhecimento,1,,,etim_uid::etim-v2-suf-ectasia;terminologia::nivel::nucleo;terminologia::tipo::sufixo,Texto PT-BR; forma citada preservada.
etim-v2-suf-emia,-emia,,,morfema,sufixo,greco-latina; confirmar étimo apenas quando necessário,,,condição sanguínea,,condição sanguínea,,sufixo,transversal,,transversal,3,3,2,0,23,nucleo,glicemia,,,,,,,,condição sanguínea,A forma sugere sentido; não fecha diagnóstico.,"OpenRN Medical Terminology 2e, cap. 1, NCBI Bookshelf NBK607453 (CC BY 4.0); OpenRN Medical Terminology 2e, NCBI Bookshelf NBK607454 (CC BY 4.0); Prompt mestre do usuário, corpus-base de terminologia médica, 2026-07-17",alta,candidato_validado_automaticamente,card_proprio,etim-v2-suf-emia,sim,reconhecimento,1,,,etim_uid::etim-v2-suf-emia;terminologia::nivel::nucleo;terminologia::tipo::sufixo,Texto PT-BR; forma citada preservada.
etim-v2-suf-esclerose,-esclerose,,,morfema,sufixo,greco-latina; confirmar étimo apenas quando necessário,,,endurecimento,,endurecimento,,sufixo,transversal,,transversal,3,3,2,0,23,nucleo,arteriosclerose,,,,,,,,endurecimento,A forma sugere sentido; não fecha diagnóstico.,"OpenRN Medical Terminology 2e, cap. 1, NCBI Bookshelf NBK607453 (CC BY 4.0); OpenRN Medical Terminology 2e, NCBI Bookshelf NBK607454 (CC BY 4.0); Prompt mestre do usuário, corpus-base de terminologia médica, 2026-07-17",alta,candidato_validado_automaticamente,card_proprio,etim-v2-suf-esclerose,sim,reconhecimento,1,,,etim_uid::etim-v2-suf-esclerose;terminologia::nivel::nucleo;terminologia::tipo::sufixo,Texto PT-BR; forma citada preservada.
etim-v2-suf-espasmo,-espasmo,,,morfema,sufixo,greco-latina; confirmar étimo apenas quando necessário,,,contração involuntária,,contração involuntária,,sufixo,transversal,,transversal,3,3,2,0,23,nucleo,broncoespasmo,,,,,,,,contração involuntária,A forma sugere sentido; não fecha diagnóstico.,"OpenRN Medical Terminology 2e, cap. 1, NCBI Bookshelf NBK607453 (CC BY 4.0); OpenRN Medical Terminology 2e, NCBI Bookshelf NBK607454 (CC BY 4.0); Prompt mestre do usuário, corpus-base de terminologia médica, 2026-07-17",alta,candidato_validado_automaticamente,card_proprio,etim-v2-suf-espasmo,sim,reconhecimento,1,,,etim_uid::etim-v2-suf-espasmo;terminologia::nivel::nucleo;terminologia::tipo::sufixo,Texto PT-BR; forma citada preservada.
etim-v2-suf-estenose,-estenose,,,morfema,sufixo,greco-latina; confirmar étimo apenas quando necessário,,,estreitamento,,estreitamento,,sufixo,transversal,,transversal,3,3,2,0,23,nucleo,estenose aórtica,,,,,,,,estreitamento,A forma sugere sentido; não fecha diagnóstico.,"OpenRN Medical Terminology 2e, cap. 1, NCBI Bookshelf NBK607453 (CC BY 4.0); OpenRN Medical Terminology 2e, NCBI Bookshelf NBK607454 (CC BY 4.0); Prompt mestre do usuário, corpus-base de terminologia médica, 2026-07-17",alta,candidato_validado_automaticamente,card_proprio,etim-v2-suf-estenose,sim,reconhecimento,1,,,etim_uid::etim-v2-suf-estenose;terminologia::nivel::nucleo;terminologia::tipo::sufixo,Texto PT-BR; forma citada preservada.
etim-v2-suf-fagia,-fagia,,,morfema,sufixo,greco-latina; confirmar étimo apenas quando necessário,,,ingestão ou deglutição,,ingestão ou deglutição,,sufixo,transversal,,transversal,3,3,2,1,25,nucleo,disfagia,,,,,,,,ingestão ou deglutição,A forma sugere sentido; não fecha diagnóstico.,"OpenRN Medical Terminology 2e, cap. 1, NCBI Bookshelf NBK607453 (CC BY 4.0); OpenRN Medical Terminology 2e, NCBI Bookshelf NBK607454 (CC BY 4.0); Prompt mestre do usuário, corpus-base de terminologia médica, 2026-07-17",alta,candidato_validado_automaticamente,card_proprio,etim-v2-suf-fagia,sim,reconhecimento,1,,,etim_uid::etim-v2-suf-fagia;terminologia::nivel::nucleo;terminologia::tipo::sufixo,Texto PT-BR; forma citada preservada.
etim-v2-suf-filia,-filia,,,morfema,sufixo,greco-latina; confirmar étimo apenas quando necessário,,,afinidade ou aumento,,afinidade ou aumento,,sufixo,transversal,,transversal,3,3,2,1,25,nucleo,eosinofilia,,,,,,,,afinidade ou aumento,A forma sugere sentido; não fecha diagnóstico.,"OpenRN Medical Terminology 2e, cap. 1, NCBI Bookshelf NBK607453 (CC BY 4.0); OpenRN Medical Terminology 2e, NCBI Bookshelf NBK607454 (CC BY 4.0); Prompt mestre do usuário, corpus-base de terminologia médica, 2026-07-17",alta,candidato_validado_automaticamente,card_proprio,etim-v2-suf-filia,sim,reconhecimento,1,,,etim_uid::etim-v2-suf-filia;terminologia::nivel::nucleo;terminologia::tipo::sufixo,Texto PT-BR; forma citada preservada.
etim-v2-suf-fobia,-fobia,,,morfema,sufixo,greco-latina; confirmar étimo apenas quando necessário,,,medo ou aversão,,medo ou aversão,,sufixo,transversal,,transversal,3,3,2,1,25,nucleo,fotofobia,,,,,,,,medo ou aversão,A forma sugere sentido; não fecha diagnóstico.,"OpenRN Medical Terminology 2e, cap. 1, NCBI Bookshelf NBK607453 (CC BY 4.0); OpenRN Medical Terminology 2e, NCBI Bookshelf NBK607454 (CC BY 4.0); Prompt mestre do usuário, corpus-base de terminologia médica, 2026-07-17",alta,candidato_validado_automaticamente,card_proprio,etim-v2-suf-fobia,sim,reconhecimento,1,,,etim_uid::etim-v2-suf-fobia;terminologia::nivel::nucleo;terminologia::tipo::sufixo,Texto PT-BR; forma citada preservada.
etim-v2-suf-genese,-gênese,,,morfema,sufixo,greco-latina; confirmar étimo apenas quando necessário,,,formação ou origem,,formação ou origem,,sufixo,transversal,,transversal,3,3,2,1,25,nucleo,angiogênese,,,,,,,,formação ou origem,A forma sugere sentido; não fecha diagnóstico.,"OpenRN Medical Terminology 2e, cap. 1, NCBI Bookshelf NBK607453 (CC BY 4.0); OpenRN Medical Terminology 2e, NCBI Bookshelf NBK607454 (CC BY 4.0); Prompt mestre do usuário, corpus-base de terminologia médica, 2026-07-17",alta,candidato_validado_automaticamente,card_proprio,etim-v2-suf-genese,sim,reconhecimento,1,,,etim_uid::etim-v2-suf-genese;terminologia::nivel::nucleo;terminologia::tipo::sufixo,Texto PT-BR; forma citada preservada.
etim-v2-suf-iase,-íase,,,morfema,sufixo,greco-latina; confirmar étimo apenas quando necessário,,,condição ou formação,,condição ou formação,,sufixo,transversal,,transversal,3,3,2,1,25,nucleo,litíase,,,,,,,,condição ou formação,A forma sugere sentido; não fecha diagnóstico.,"OpenRN Medical Terminology 2e, cap. 1, NCBI Bookshelf NBK607453 (CC BY 4.0); OpenRN Medical Terminology 2e, NCBI Bookshelf NBK607454 (CC BY 4.0); Prompt mestre do usuário, corpus-base de terminologia médica, 2026-07-17",alta,candidato_validado_automaticamente,card_proprio,etim-v2-suf-iase,sim,reconhecimento,1,,,etim_uid::etim-v2-suf-iase;terminologia::nivel::nucleo;terminologia::tipo::sufixo,Texto PT-BR; forma citada preservada.
etim-v2-suf-ite,-ite,,,morfema,sufixo,greco-latina; confirmar étimo apenas quando necessário,,,inflamação,,inflamação,,sufixo,transversal,,transversal,3,3,2,0,23,nucleo,gastrite,,,,,,,,inflamação,A forma sugere sentido; não fecha diagnóstico.,"OpenRN Medical Terminology 2e, cap. 1, NCBI Bookshelf NBK607453 (CC BY 4.0); OpenRN Medical Terminology 2e, NCBI Bookshelf NBK607454 (CC BY 4.0); Prompt mestre do usuário, corpus-base de terminologia médica, 2026-07-17",alta,candidato_validado_automaticamente,card_proprio,etim-v2-suf-ite,sim,reconhecimento,1,,,etim_uid::etim-v2-suf-ite;terminologia::nivel::nucleo;terminologia::tipo::sufixo,Texto PT-BR; forma citada preservada.
etim-v2-suf-lise,-lise,,,morfema,sufixo,greco-latina; confirmar étimo apenas quando necessário,,,quebra ou dissolução,,quebra ou dissolução,,sufixo,transversal,,transversal,3,3,2,1,25,nucleo,hemólise,,,,,,,,quebra ou dissolução,A forma sugere sentido; não fecha diagnóstico.,"OpenRN Medical Terminology 2e, cap. 1, NCBI Bookshelf NBK607453 (CC BY 4.0); OpenRN Medical Terminology 2e, NCBI Bookshelf NBK607454 (CC BY 4.0); Prompt mestre do usuário, corpus-base de terminologia médica, 2026-07-17",alta,candidato_validado_automaticamente,card_proprio,etim-v2-suf-lise,sim,reconhecimento,1,,,etim_uid::etim-v2-suf-lise;terminologia::nivel::nucleo;terminologia::tipo::sufixo,Texto PT-BR; forma citada preservada.
etim-v2-suf-malacia,-malácia,,,morfema,sufixo,greco-latina; confirmar étimo apenas quando necessário,,,amolecimento,,amolecimento,,sufixo,transversal,,transversal,3,3,2,0,23,nucleo,osteomalácia,,,,,,,,amolecimento,A forma sugere sentido; não fecha diagnóstico.,"OpenRN Medical Terminology 2e, cap. 1, NCBI Bookshelf NBK607453 (CC BY 4.0); OpenRN Medical Terminology 2e, NCBI Bookshelf NBK607454 (CC BY 4.0); Prompt mestre do usuário, corpus-base de terminologia médica, 2026-07-17",alta,candidato_validado_automaticamente,card_proprio,etim-v2-suf-malacia,sim,reconhecimento,1,,,etim_uid::etim-v2-suf-malacia;terminologia::nivel::nucleo;terminologia::tipo::sufixo,Texto PT-BR; forma citada preservada.
etim-v2-suf-mania,-mania,,,morfema,sufixo,greco-latina; confirmar étimo apenas quando necessário,,,impulso ou obsessão,,impulso ou obsessão,,sufixo,transversal,,transversal,3,3,2,1,25,nucleo,piromania,,,,,,,,impulso ou obsessão,A forma sugere sentido; não fecha diagnóstico.,"OpenRN Medical Terminology 2e, cap. 1, NCBI Bookshelf NBK607453 (CC BY 4.0); OpenRN Medical Terminology 2e, NCBI Bookshelf NBK607454 (CC BY 4.0); Prompt mestre do usuário, corpus-base de terminologia médica, 2026-07-17",alta,candidato_validado_automaticamente,card_proprio,etim-v2-suf-mania,sim,reconhecimento,1,,,etim_uid::etim-v2-suf-mania;terminologia::nivel::nucleo;terminologia::tipo::sufixo,Texto PT-BR; forma citada preservada.
etim-v2-suf-megalia,-megalia,,,morfema,sufixo,greco-latina; confirmar étimo apenas quando necessário,,,aumento,,aumento,,sufixo,transversal,,transversal,3,3,2,0,23,nucleo,hepatomegalia,,,,,,,,aumento,A forma sugere sentido; não fecha diagnóstico.,"OpenRN Medical Terminology 2e, cap. 1, NCBI Bookshelf NBK607453 (CC BY 4.0); OpenRN Medical Terminology 2e, NCBI Bookshelf NBK607454 (CC BY 4.0); Prompt mestre do usuário, corpus-base de terminologia médica, 2026-07-17",alta,candidato_validado_automaticamente,card_proprio,etim-v2-suf-megalia,sim,reconhecimento,1,,,etim_uid::etim-v2-suf-megalia;terminologia::nivel::nucleo;terminologia::tipo::sufixo,Texto PT-BR; forma citada preservada.
etim-v2-suf-necrose,-necrose,,,morfema,sufixo,greco-latina; confirmar étimo apenas quando necessário,,,morte tecidual,,morte tecidual,,sufixo,transversal,,transversal,3,3,2,0,23,nucleo,osteonecrose,,,,,,,,morte tecidual,A forma sugere sentido; não fecha diagnóstico.,"OpenRN Medical Terminology 2e, cap. 1, NCBI Bookshelf NBK607453 (CC BY 4.0); OpenRN Medical Terminology 2e, NCBI Bookshelf NBK607454 (CC BY 4.0); Prompt mestre do usuário, corpus-base de terminologia médica, 2026-07-17",alta,candidato_validado_automaticamente,card_proprio,etim-v2-suf-necrose,sim,reconhecimento,1,,,etim_uid::etim-v2-suf-necrose;terminologia::nivel::nucleo;terminologia::tipo::sufixo,Texto PT-BR; forma citada preservada.
etim-v2-suf-oma,-oma,,,morfema,sufixo,greco-latina; confirmar étimo apenas quando necessário,,,tumor ou massa,,tumor ou massa,,sufixo,transversal,,transversal,3,3,2,1,25,nucleo,lipoma,,,,,,,,tumor ou massa,A forma sugere sentido; não fecha diagnóstico.,"OpenRN Medical Terminology 2e, cap. 1, NCBI Bookshelf NBK607453 (CC BY 4.0); OpenRN Medical Terminology 2e, NCBI Bookshelf NBK607454 (CC BY 4.0); Prompt mestre do usuário, corpus-base de terminologia médica, 2026-07-17",alta,candidato_validado_automaticamente,card_proprio,etim-v2-suf-oma,sim,reconhecimento,1,,,etim_uid::etim-v2-suf-oma;terminologia::nivel::nucleo;terminologia::tipo::sufixo,Texto PT-BR; forma citada preservada.
etim-v2-suf-ose,-ose,,,morfema,sufixo,greco-latina; confirmar étimo apenas quando necessário,,,condição ou processo,,condição ou processo,,sufixo,transversal,,transversal,3,3,2,1,25,nucleo,fibrose,,,,,,,,condição ou processo,A forma sugere sentido; não fecha diagnóstico.,"OpenRN Medical Terminology 2e, cap. 1, NCBI Bookshelf NBK607453 (CC BY 4.0); OpenRN Medical Terminology 2e, NCBI Bookshelf NBK607454 (CC BY 4.0); Prompt mestre do usuário, corpus-base de terminologia médica, 2026-07-17",alta,candidato_validado_automaticamente,card_proprio,etim-v2-suf-ose,sim,reconhecimento,1,,,etim_uid::etim-v2-suf-ose;terminologia::nivel::nucleo;terminologia::tipo::sufixo,Texto PT-BR; forma citada preservada.
etim-v2-suf-oxia,-oxia,,,morfema,sufixo,greco-latina; confirmar étimo apenas quando necessário,,,oxigênio,,oxigênio,,sufixo,transversal,,transversal,3,3,2,0,23,nucleo,hipóxia,,,,,,,,oxigênio,A forma sugere sentido; não fecha diagnóstico.,"OpenRN Medical Terminology 2e, cap. 1, NCBI Bookshelf NBK607453 (CC BY 4.0); OpenRN Medical Terminology 2e, NCBI Bookshelf NBK607454 (CC BY 4.0); Prompt mestre do usuário, corpus-base de terminologia médica, 2026-07-17",alta,candidato_validado_automaticamente,card_proprio,etim-v2-suf-oxia,sim,reconhecimento,1,,,etim_uid::etim-v2-suf-oxia;terminologia::nivel::nucleo;terminologia::tipo::sufixo,Texto PT-BR; forma citada preservada.
etim-v2-suf-capnia,-capnia,,,morfema,sufixo,greco-latina; confirmar étimo apenas quando necessário,,,dióxido de carbono,,dióxido de carbono,,sufixo,transversal,,transversal,3,3,2,0,23,nucleo,hipercapnia,,,,,,,,dióxido de carbono,A forma sugere sentido; não fecha diagnóstico.,"OpenRN Medical Terminology 2e, cap. 1, NCBI Bookshelf NBK607453 (CC BY 4.0); OpenRN Medical Terminology 2e, NCBI Bookshelf NBK607454 (CC BY 4.0); Prompt mestre do usuário, corpus-base de terminologia médica, 2026-07-17",alta,candidato_validado_automaticamente,card_proprio,etim-v2-suf-capnia,sim,reconhecimento,1,,,etim_uid::etim-v2-suf-capnia;terminologia::nivel::nucleo;terminologia::tipo::sufixo,Texto PT-BR; forma citada preservada.
etim-v2-suf-patia,-patia,,,morfema,sufixo,greco-latina; confirmar étimo apenas quando necessário,,,doença ou afecção,,doença ou afecção,,sufixo,transversal,,transversal,3,3,2,1,25,nucleo,neuropatia,,,,,,,,doença ou afecção,A forma sugere sentido; não fecha diagnóstico.,"OpenRN Medical Terminology 2e, cap. 1, NCBI Bookshelf NBK607453 (CC BY 4.0); OpenRN Medical Terminology 2e, NCBI Bookshelf NBK607454 (CC BY 4.0); Prompt mestre do usuário, corpus-base de terminologia médica, 2026-07-17",alta,candidato_validado_automaticamente,card_proprio,etim-v2-suf-patia,sim,reconhecimento,1,,,etim_uid::etim-v2-suf-patia;terminologia::nivel::nucleo;terminologia::tipo::sufixo,Texto PT-BR; forma citada preservada.
etim-v2-suf-penia,-penia,,,morfema,sufixo,greco-latina; confirmar étimo apenas quando necessário,,,redução numérica,,redução numérica,,sufixo,transversal,,transversal,3,3,2,0,23,nucleo,leucopenia,,,,,,,,redução numérica,A forma sugere sentido; não fecha diagnóstico.,"OpenRN Medical Terminology 2e, cap. 1, NCBI Bookshelf NBK607453 (CC BY 4.0); OpenRN Medical Terminology 2e, NCBI Bookshelf NBK607454 (CC BY 4.0); Prompt mestre do usuário, corpus-base de terminologia médica, 2026-07-17",alta,candidato_validado_automaticamente,card_proprio,etim-v2-suf-penia,sim,reconhecimento,1,,,etim_uid::etim-v2-suf-penia;terminologia::nivel::nucleo;terminologia::tipo::sufixo,Texto PT-BR; forma citada preservada.
etim-v2-suf-plegia,-plegia,,,morfema,sufixo,greco-latina; confirmar étimo apenas quando necessário,,,paralisia,,paralisia,,sufixo,transversal,,transversal,3,3,2,0,23,nucleo,tetraplegia,,,,,,,,paralisia,A forma sugere sentido; não fecha diagnóstico.,"OpenRN Medical Terminology 2e, cap. 1, NCBI Bookshelf NBK607453 (CC BY 4.0); OpenRN Medical Terminology 2e, NCBI Bookshelf NBK607454 (CC BY 4.0); Prompt mestre do usuário, corpus-base de terminologia médica, 2026-07-17",alta,candidato_validado_automaticamente,card_proprio,etim-v2-suf-plegia,sim,reconhecimento,1,,,etim_uid::etim-v2-suf-plegia;terminologia::nivel::nucleo;terminologia::tipo::sufixo,Texto PT-BR; forma citada preservada.
etim-v2-suf-paresia,-paresia,,,morfema,sufixo,greco-latina; confirmar étimo apenas quando necessário,,,fraqueza parcial,,fraqueza parcial,,sufixo,transversal,,transversal,3,3,2,0,23,nucleo,hemiparesia,,,,,,,,fraqueza parcial,A forma sugere sentido; não fecha diagnóstico.,"OpenRN Medical Terminology 2e, cap. 1, NCBI Bookshelf NBK607453 (CC BY 4.0); OpenRN Medical Terminology 2e, NCBI Bookshelf NBK607454 (CC BY 4.0); Prompt mestre do usuário, corpus-base de terminologia médica, 2026-07-17",alta,candidato_validado_automaticamente,card_proprio,etim-v2-suf-paresia,sim,reconhecimento,1,,,etim_uid::etim-v2-suf-paresia;terminologia::nivel::nucleo;terminologia::tipo::sufixo,Texto PT-BR; forma citada preservada.
etim-v2-suf-pneia,-pneia,,,morfema,sufixo,greco-latina; confirmar étimo apenas quando necessário,,,respiração,,respiração,,sufixo,transversal,,transversal,3,3,2,0,23,nucleo,taquipneia,,,,,,,,respiração,A forma sugere sentido; não fecha diagnóstico.,"OpenRN Medical Terminology 2e, cap. 1, NCBI Bookshelf NBK607453 (CC BY 4.0); OpenRN Medical Terminology 2e, NCBI Bookshelf NBK607454 (CC BY 4.0); Prompt mestre do usuário, corpus-base de terminologia médica, 2026-07-17",alta,candidato_validado_automaticamente,card_proprio,etim-v2-suf-pneia,sim,reconhecimento,1,,,etim_uid::etim-v2-suf-pneia;terminologia::nivel::nucleo;terminologia::tipo::sufixo,Texto PT-BR; forma citada preservada.
etim-v2-suf-ptose,-ptose,,,morfema,sufixo,greco-latina; confirmar étimo apenas quando necessário,,,queda ou prolapso,,queda ou prolapso,,sufixo,transversal,,transversal,3,3,2,1,25,nucleo,blefaroptose,,,,,,,,queda ou prolapso,A forma sugere sentido; não fecha diagnóstico.,"OpenRN Medical Terminology 2e, cap. 1, NCBI Bookshelf NBK607453 (CC BY 4.0); OpenRN Medical Terminology 2e, NCBI Bookshelf NBK607454 (CC BY 4.0); Prompt mestre do usuário, corpus-base de terminologia médica, 2026-07-17",alta,candidato_validado_automaticamente,card_proprio,etim-v2-suf-ptose,sim,reconhecimento,1,,,etim_uid::etim-v2-suf-ptose;terminologia::nivel::nucleo;terminologia::tipo::sufixo,Texto PT-BR; forma citada preservada.
etim-v2-suf-rreia,-rreia,,,morfema,sufixo,greco-latina; confirmar étimo apenas quando necessário,,,fluxo ou secreção,,fluxo ou secreção,,sufixo,transversal,,transversal,3,3,2,1,25,nucleo,diarreia,,,,,,,,fluxo ou secreção,A forma sugere sentido; não fecha diagnóstico.,"OpenRN Medical Terminology 2e, cap. 1, NCBI Bookshelf NBK607453 (CC BY 4.0); OpenRN Medical Terminology 2e, NCBI Bookshelf NBK607454 (CC BY 4.0); Prompt mestre do usuário, corpus-base de terminologia médica, 2026-07-17",alta,candidato_validado_automaticamente,card_proprio,etim-v2-suf-rreia,sim,reconhecimento,1,,,etim_uid::etim-v2-suf-rreia;terminologia::nivel::nucleo;terminologia::tipo::sufixo,Texto PT-BR; forma citada preservada.
etim-v2-suf-rragia,-rragia,,,morfema,sufixo,greco-latina; confirmar étimo apenas quando necessário,,,sangramento intenso,,sangramento intenso,,sufixo,transversal,,transversal,3,3,2,0,23,nucleo,menorragia,,,,,,,,sangramento intenso,A forma sugere sentido; não fecha diagnóstico.,"OpenRN Medical Terminology 2e, cap. 1, NCBI Bookshelf NBK607453 (CC BY 4.0); OpenRN Medical Terminology 2e, NCBI Bookshelf NBK607454 (CC BY 4.0); Prompt mestre do usuário, corpus-base de terminologia médica, 2026-07-17",alta,candidato_validado_automaticamente,card_proprio,etim-v2-suf-rragia,sim,reconhecimento,1,,,etim_uid::etim-v2-suf-rragia;terminologia::nivel::nucleo;terminologia::tipo::sufixo,Texto PT-BR; forma citada preservada.
etim-v2-suf-termia,-termia,,,morfema,sufixo,greco-latina; confirmar étimo apenas quando necessário,,,temperatura,,temperatura,,sufixo,transversal,,transversal,3,3,2,0,23,nucleo,hipotermia,,,,,,,,temperatura,A forma sugere sentido; não fecha diagnóstico.,"OpenRN Medical Terminology 2e, cap. 1, NCBI Bookshelf NBK607453 (CC BY 4.0); OpenRN Medical Terminology 2e, NCBI Bookshelf NBK607454 (CC BY 4.0); Prompt mestre do usuário, corpus-base de terminologia médica, 2026-07-17",alta,candidato_validado_automaticamente,card_proprio,etim-v2-suf-termia,sim,reconhecimento,1,,,etim_uid::etim-v2-suf-termia;terminologia::nivel::nucleo;terminologia::tipo::sufixo,Texto PT-BR; forma citada preservada.
etim-v2-suf-tensao,-tensão,,,morfema,sufixo,greco-latina; confirmar étimo apenas quando necessário,,,pressão,,pressão,,sufixo,transversal,,transversal,3,3,2,0,23,nucleo,hipertensão,,,,,,,,pressão,A forma sugere sentido; não fecha diagnóstico.,"OpenRN Medical Terminology 2e, cap. 1, NCBI Bookshelf NBK607453 (CC BY 4.0); OpenRN Medical Terminology 2e, NCBI Bookshelf NBK607454 (CC BY 4.0); Prompt mestre do usuário, corpus-base de terminologia médica, 2026-07-17",alta,candidato_validado_automaticamente,card_proprio,etim-v2-suf-tensao,sim,reconhecimento,1,,,etim_uid::etim-v2-suf-tensao;terminologia::nivel::nucleo;terminologia::tipo::sufixo,Texto PT-BR; forma citada preservada.
etim-v2-suf-uria,-úria,,,morfema,sufixo,greco-latina; confirmar étimo apenas quando necessário,,,urina ou micção,,urina ou micção,,sufixo,transversal,,transversal,3,3,2,1,25,nucleo,hematúria,,,,,,,,urina ou micção,A forma sugere sentido; não fecha diagnóstico.,"OpenRN Medical Terminology 2e, cap. 1, NCBI Bookshelf NBK607453 (CC BY 4.0); OpenRN Medical Terminology 2e, NCBI Bookshelf NBK607454 (CC BY 4.0); Prompt mestre do usuário, corpus-base de terminologia médica, 2026-07-17",alta,candidato_validado_automaticamente,card_proprio,etim-v2-suf-uria,sim,reconhecimento,1,,,etim_uid::etim-v2-suf-uria;terminologia::nivel::nucleo;terminologia::tipo::sufixo,Texto PT-BR; forma citada preservada.
etim-v2-suf-volemia,-volemia,,,morfema,sufixo,greco-latina; confirmar étimo apenas quando necessário,,,volume sanguíneo,,volume sanguíneo,,sufixo,transversal,,transversal,3,3,2,0,23,nucleo,hipovolemia,,,,,,,,volume sanguíneo,A forma sugere sentido; não fecha diagnóstico.,"OpenRN Medical Terminology 2e, cap. 1, NCBI Bookshelf NBK607453 (CC BY 4.0); OpenRN Medical Terminology 2e, NCBI Bookshelf NBK607454 (CC BY 4.0); Prompt mestre do usuário, corpus-base de terminologia médica, 2026-07-17",alta,candidato_validado_automaticamente,card_proprio,etim-v2-suf-volemia,sim,reconhecimento,1,,,etim_uid::etim-v2-suf-volemia;terminologia::nivel::nucleo;terminologia::tipo::sufixo,Texto PT-BR; forma citada preservada.
etim-v2-suf-plasia,-plasia,,,morfema,sufixo,greco-latina; confirmar étimo apenas quando necessário,,,formação ou crescimento,,formação ou crescimento,,sufixo,transversal,,transversal,3,3,2,1,25,nucleo,hiperplasia,,,,,,,,formação ou crescimento,A forma sugere sentido; não fecha diagnóstico.,"OpenRN Medical Terminology 2e, cap. 1, NCBI Bookshelf NBK607453 (CC BY 4.0); OpenRN Medical Terminology 2e, NCBI Bookshelf NBK607454 (CC BY 4.0); Prompt mestre do usuário, corpus-base de terminologia médica, 2026-07-17",alta,candidato_validado_automaticamente,card_proprio,etim-v2-suf-plasia,sim,reconhecimento,1,,,etim_uid::etim-v2-suf-plasia;terminologia::nivel::nucleo;terminologia::tipo::sufixo,Texto PT-BR; forma citada preservada.
etim-v2-suf-trofia,-trofia,,,morfema,sufixo,greco-latina; confirmar étimo apenas quando necessário,,,nutrição ou tamanho,,nutrição ou tamanho,,sufixo,transversal,,transversal,3,3,2,1,25,nucleo,hipertrofia,,,,,,,,nutrição ou tamanho,A forma sugere sentido; não fecha diagnóstico.,"OpenRN Medical Terminology 2e, cap. 1, NCBI Bookshelf NBK607453 (CC BY 4.0); OpenRN Medical Terminology 2e, NCBI Bookshelf NBK607454 (CC BY 4.0); Prompt mestre do usuário, corpus-base de terminologia médica, 2026-07-17",alta,candidato_validado_automaticamente,card_proprio,etim-v2-suf-trofia,sim,reconhecimento,1,,,etim_uid::etim-v2-suf-trofia;terminologia::nivel::nucleo;terminologia::tipo::sufixo,Texto PT-BR; forma citada preservada.
etim-v2-suf-cinesia,-cinesia,,,morfema,sufixo,greco-latina; confirmar étimo apenas quando necessário,,,movimento,,movimento,,sufixo,transversal,,transversal,3,3,2,0,23,nucleo,discinesia,,,,,,,,movimento,A forma sugere sentido; não fecha diagnóstico.,"OpenRN Medical Terminology 2e, cap. 1, NCBI Bookshelf NBK607453 (CC BY 4.0); OpenRN Medical Terminology 2e, NCBI Bookshelf NBK607454 (CC BY 4.0); Prompt mestre do usuário, corpus-base de terminologia médica, 2026-07-17",alta,candidato_validado_automaticamente,card_proprio,etim-v2-suf-cinesia,sim,reconhecimento,1,,,etim_uid::etim-v2-suf-cinesia;terminologia::nivel::nucleo;terminologia::tipo::sufixo,Texto PT-BR; forma citada preservada.
etim-v2-suf-estesia,-estesia,,,morfema,sufixo,greco-latina; confirmar étimo apenas quando necessário,,,sensibilidade,,sensibilidade,,sufixo,transversal,,transversal,3,3,2,0,23,nucleo,parestesia,,,,,,,,sensibilidade,A forma sugere sentido; não fecha diagnóstico.,"OpenRN Medical Terminology 2e, cap. 1, NCBI Bookshelf NBK607453 (CC BY 4.0); OpenRN Medical Terminology 2e, NCBI Bookshelf NBK607454 (CC BY 4.0); Prompt mestre do usuário, corpus-base de terminologia médica, 2026-07-17",alta,candidato_validado_automaticamente,card_proprio,etim-v2-suf-estesia,sim,reconhecimento,1,,,etim_uid::etim-v2-suf-estesia;terminologia::nivel::nucleo;terminologia::tipo::sufixo,Texto PT-BR; forma citada preservada.
etim-v2-suf-acusia,-acusia,,,morfema,sufixo,greco-latina; confirmar étimo apenas quando necessário,,,audição,,audição,,sufixo,transversal,,transversal,3,3,2,0,23,nucleo,hipoacusia,,,,,,,,audição,A forma sugere sentido; não fecha diagnóstico.,"OpenRN Medical Terminology 2e, cap. 1, NCBI Bookshelf NBK607453 (CC BY 4.0); OpenRN Medical Terminology 2e, NCBI Bookshelf NBK607454 (CC BY 4.0); Prompt mestre do usuário, corpus-base de terminologia médica, 2026-07-17",alta,candidato_validado_automaticamente,card_proprio,etim-v2-suf-acusia,sim,reconhecimento,1,,,etim_uid::etim-v2-suf-acusia;terminologia::nivel::nucleo;terminologia::tipo::sufixo,Texto PT-BR; forma citada preservada.
etim-v2-suf-opsia,-opsia,,,morfema,sufixo,greco-latina; confirmar étimo apenas quando necessário,,,visão,,visão,,sufixo,transversal,,transversal,3,3,2,0,23,nucleo,hemianopsia,,,,,,,,visão,A forma sugere sentido; não fecha diagnóstico.,"OpenRN Medical Terminology 2e, cap. 1, NCBI Bookshelf NBK607453 (CC BY 4.0); OpenRN Medical Terminology 2e, NCBI Bookshelf NBK607454 (CC BY 4.0); Prompt mestre do usuário, corpus-base de terminologia médica, 2026-07-17",alta,candidato_validado_automaticamente,card_proprio,etim-v2-suf-opsia,sim,reconhecimento,1,,,etim_uid::etim-v2-suf-opsia;terminologia::nivel::nucleo;terminologia::tipo::sufixo,Texto PT-BR; forma citada preservada.
etim-v2-suf-osmia,-osmia,,,morfema,sufixo,greco-latina; confirmar étimo apenas quando necessário,,,olfato,,olfato,,sufixo,transversal,,transversal,3,3,2,0,23,nucleo,anosmia,,,,,,,,olfato,A forma sugere sentido; não fecha diagnóstico.,"OpenRN Medical Terminology 2e, cap. 1, NCBI Bookshelf NBK607453 (CC BY 4.0); OpenRN Medical Terminology 2e, NCBI Bookshelf NBK607454 (CC BY 4.0); Prompt mestre do usuário, corpus-base de terminologia médica, 2026-07-17",alta,candidato_validado_automaticamente,card_proprio,etim-v2-suf-osmia,sim,reconhecimento,1,,,etim_uid::etim-v2-suf-osmia;terminologia::nivel::nucleo;terminologia::tipo::sufixo,Texto PT-BR; forma citada preservada.
etim-v2-suf-geusia,-geusia,,,morfema,sufixo,greco-latina; confirmar étimo apenas quando necessário,,,paladar,,paladar,,sufixo,transversal,,transversal,3,3,2,0,23,nucleo,ageusia,,,,,,,,paladar,A forma sugere sentido; não fecha diagnóstico.,"OpenRN Medical Terminology 2e, cap. 1, NCBI Bookshelf NBK607453 (CC BY 4.0); OpenRN Medical Terminology 2e, NCBI Bookshelf NBK607454 (CC BY 4.0); Prompt mestre do usuário, corpus-base de terminologia médica, 2026-07-17",alta,candidato_validado_automaticamente,card_proprio,etim-v2-suf-geusia,sim,reconhecimento,1,,,etim_uid::etim-v2-suf-geusia;terminologia::nivel::nucleo;terminologia::tipo::sufixo,Texto PT-BR; forma citada preservada.
etim-v2-suf-dipsia,-dipsia,,,morfema,sufixo,greco-latina; confirmar étimo apenas quando necessário,,,sede,,sede,,sufixo,transversal,,transversal,3,3,2,0,23,nucleo,polidipsia,,,,,,,,sede,A forma sugere sentido; não fecha diagnóstico.,"OpenRN Medical Terminology 2e, cap. 1, NCBI Bookshelf NBK607453 (CC BY 4.0); OpenRN Medical Terminology 2e, NCBI Bookshelf NBK607454 (CC BY 4.0); Prompt mestre do usuário, corpus-base de terminologia médica, 2026-07-17",alta,candidato_validado_automaticamente,card_proprio,etim-v2-suf-dipsia,sim,reconhecimento,1,,,etim_uid::etim-v2-suf-dipsia;terminologia::nivel::nucleo;terminologia::tipo::sufixo,Texto PT-BR; forma citada preservada.
etim-v2-suf-orexia,-orexia,,,morfema,sufixo,greco-latina; confirmar étimo apenas quando necessário,,,apetite,,apetite,,sufixo,transversal,,transversal,3,3,2,0,23,nucleo,anorexia,,,,,,,,apetite,A forma sugere sentido; não fecha diagnóstico.,"OpenRN Medical Terminology 2e, cap. 1, NCBI Bookshelf NBK607453 (CC BY 4.0); OpenRN Medical Terminology 2e, NCBI Bookshelf NBK607454 (CC BY 4.0); Prompt mestre do usuário, corpus-base de terminologia médica, 2026-07-17",alta,candidato_validado_automaticamente,card_proprio,etim-v2-suf-orexia,sim,reconhecimento,1,,,etim_uid::etim-v2-suf-orexia;terminologia::nivel::nucleo;terminologia::tipo::sufixo,Texto PT-BR; forma citada preservada.
etim-v2-suf-emese,-emese,,,morfema,sufixo,greco-latina; confirmar étimo apenas quando necessário,,,vômito,,vômito,,sufixo,transversal,,transversal,3,3,2,0,23,nucleo,hematêmese,,,,,,,,vômito,A forma sugere sentido; não fecha diagnóstico.,"OpenRN Medical Terminology 2e, cap. 1, NCBI Bookshelf NBK607453 (CC BY 4.0); OpenRN Medical Terminology 2e, NCBI Bookshelf NBK607454 (CC BY 4.0); Prompt mestre do usuário, corpus-base de terminologia médica, 2026-07-17",alta,candidato_validado_automaticamente,card_proprio,etim-v2-suf-emese,sim,reconhecimento,1,,,etim_uid::etim-v2-suf-emese;terminologia::nivel::nucleo;terminologia::tipo::sufixo,Texto PT-BR; forma citada preservada.
etim-v2-suf-centese,-centese,,,morfema,sufixo,greco-latina; confirmar étimo apenas quando necessário,,,punção cirúrgica,,punção cirúrgica,,sufixo,transversal,,transversal,3,3,2,0,23,nucleo,amniocentese,,,,,,,,punção cirúrgica,A forma sugere sentido; não fecha diagnóstico.,"OpenRN Medical Terminology 2e, cap. 1, NCBI Bookshelf NBK607453 (CC BY 4.0); OpenRN Medical Terminology 2e, NCBI Bookshelf NBK607454 (CC BY 4.0); Prompt mestre do usuário, corpus-base de terminologia médica, 2026-07-17",alta,candidato_validado_automaticamente,card_proprio,etim-v2-suf-centese,sim,reconhecimento,1,,,etim_uid::etim-v2-suf-centese;terminologia::nivel::nucleo;terminologia::tipo::sufixo,Texto PT-BR; forma citada preservada.
etim-v2-suf-clasia,-clasia,,,morfema,sufixo,greco-latina; confirmar étimo apenas quando necessário,,,fratura cirúrgica,,fratura cirúrgica,,sufixo,transversal,,transversal,3,3,2,0,23,nucleo,osteoclasia,,,,,,,,fratura cirúrgica,A forma sugere sentido; não fecha diagnóstico.,"OpenRN Medical Terminology 2e, cap. 1, NCBI Bookshelf NBK607453 (CC BY 4.0); OpenRN Medical Terminology 2e, NCBI Bookshelf NBK607454 (CC BY 4.0); Prompt mestre do usuário, corpus-base de terminologia médica, 2026-07-17",alta,candidato_validado_automaticamente,card_proprio,etim-v2-suf-clasia,sim,reconhecimento,1,,,etim_uid::etim-v2-suf-clasia;terminologia::nivel::nucleo;terminologia::tipo::sufixo,Texto PT-BR; forma citada preservada.
etim-v2-suf-dese,-dese,,,morfema,sufixo,greco-latina; confirmar étimo apenas quando necessário,,,fusão ou fixação,,fusão ou fixação,,sufixo,transversal,,transversal,3,3,2,1,25,nucleo,artrodese,,,,,,,,fusão ou fixação,A forma sugere sentido; não fecha diagnóstico.,"OpenRN Medical Terminology 2e, cap. 1, NCBI Bookshelf NBK607453 (CC BY 4.0); OpenRN Medical Terminology 2e, NCBI Bookshelf NBK607454 (CC BY 4.0); Prompt mestre do usuário, corpus-base de terminologia médica, 2026-07-17",alta,candidato_validado_automaticamente,card_proprio,etim-v2-suf-dese,sim,reconhecimento,1,,,etim_uid::etim-v2-suf-dese;terminologia::nivel::nucleo;terminologia::tipo::sufixo,Texto PT-BR; forma citada preservada.
etim-v2-suf-ectomia,-ectomia,,,morfema,sufixo,greco-latina; confirmar étimo apenas quando necessário,,,remoção cirúrgica,,remoção cirúrgica,,sufixo,transversal,,transversal,3,3,2,0,23,nucleo,gastrectomia,,,,,,,,remoção cirúrgica,A forma sugere sentido; não fecha diagnóstico.,"OpenRN Medical Terminology 2e, cap. 1, NCBI Bookshelf NBK607453 (CC BY 4.0); OpenRN Medical Terminology 2e, NCBI Bookshelf NBK607454 (CC BY 4.0); Prompt mestre do usuário, corpus-base de terminologia médica, 2026-07-17",alta,candidato_validado_automaticamente,card_proprio,etim-v2-suf-ectomia,sim,reconhecimento,1,,,etim_uid::etim-v2-suf-ectomia;terminologia::nivel::nucleo;terminologia::tipo::sufixo,Texto PT-BR; forma citada preservada.
etim-v2-suf-grafia,-grafia,,,morfema,sufixo,greco-latina; confirmar étimo apenas quando necessário,,,processo de registro,,processo de registro,,sufixo,transversal,,transversal,3,3,2,0,23,nucleo,angiografia,,,,,,,,processo de registro,A forma sugere sentido; não fecha diagnóstico.,"OpenRN Medical Terminology 2e, cap. 1, NCBI Bookshelf NBK607453 (CC BY 4.0); OpenRN Medical Terminology 2e, NCBI Bookshelf NBK607454 (CC BY 4.0); Prompt mestre do usuário, corpus-base de terminologia médica, 2026-07-17",alta,candidato_validado_automaticamente,card_proprio,etim-v2-suf-grafia,sim,reconhecimento,1,,,etim_uid::etim-v2-suf-grafia;terminologia::nivel::nucleo;terminologia::tipo::sufixo,Texto PT-BR; forma citada preservada.
etim-v2-suf-grama,-grama,,,morfema,sufixo,greco-latina; confirmar étimo apenas quando necessário,,,registro produzido,,registro produzido,,sufixo,transversal,,transversal,3,3,2,0,23,nucleo,eletrocardiograma,,,,,,,,registro produzido,A forma sugere sentido; não fecha diagnóstico.,"OpenRN Medical Terminology 2e, cap. 1, NCBI Bookshelf NBK607453 (CC BY 4.0); OpenRN Medical Terminology 2e, NCBI Bookshelf NBK607454 (CC BY 4.0); Prompt mestre do usuário, corpus-base de terminologia médica, 2026-07-17",alta,candidato_validado_automaticamente,card_proprio,etim-v2-suf-grama,sim,reconhecimento,1,,,etim_uid::etim-v2-suf-grama;terminologia::nivel::nucleo;terminologia::tipo::sufixo,Texto PT-BR; forma citada preservada.
etim-v2-suf-metria,-metria,,,morfema,sufixo,greco-latina; confirmar étimo apenas quando necessário,,,processo de medição,,processo de medição,,sufixo,transversal,,transversal,3,3,2,0,23,nucleo,espirometria,,,,,,,,processo de medição,A forma sugere sentido; não fecha diagnóstico.,"OpenRN Medical Terminology 2e, cap. 1, NCBI Bookshelf NBK607453 (CC BY 4.0); OpenRN Medical Terminology 2e, NCBI Bookshelf NBK607454 (CC BY 4.0); Prompt mestre do usuário, corpus-base de terminologia médica, 2026-07-17",alta,candidato_validado_automaticamente,card_proprio,etim-v2-suf-metria,sim,reconhecimento,1,,,etim_uid::etim-v2-suf-metria;terminologia::nivel::nucleo;terminologia::tipo::sufixo,Texto PT-BR; forma citada preservada.
etim-v2-suf-metro,-metro,,,morfema,sufixo,greco-latina; confirmar étimo apenas quando necessário,,,instrumento de medição,,instrumento de medição,,sufixo,transversal,,transversal,3,3,2,0,23,nucleo,oxímetro,,,,,,,,instrumento de medição,A forma sugere sentido; não fecha diagnóstico.,"OpenRN Medical Terminology 2e, cap. 1, NCBI Bookshelf NBK607453 (CC BY 4.0); OpenRN Medical Terminology 2e, NCBI Bookshelf NBK607454 (CC BY 4.0); Prompt mestre do usuário, corpus-base de terminologia médica, 2026-07-17",alta,candidato_validado_automaticamente,card_proprio,etim-v2-suf-metro,sim,reconhecimento,1,,,etim_uid::etim-v2-suf-metro;terminologia::nivel::nucleo;terminologia::tipo::sufixo,Texto PT-BR; forma citada preservada.
etim-v2-suf-pexia,-pexia,,,morfema,sufixo,greco-latina; confirmar étimo apenas quando necessário,,,fixação cirúrgica,,fixação cirúrgica,,sufixo,transversal,,transversal,3,3,2,0,23,nucleo,gastropexia,,,,,,,,fixação cirúrgica,A forma sugere sentido; não fecha diagnóstico.,"OpenRN Medical Terminology 2e, cap. 1, NCBI Bookshelf NBK607453 (CC BY 4.0); OpenRN Medical Terminology 2e, NCBI Bookshelf NBK607454 (CC BY 4.0); Prompt mestre do usuário, corpus-base de terminologia médica, 2026-07-17",alta,candidato_validado_automaticamente,card_proprio,etim-v2-suf-pexia,sim,reconhecimento,1,,,etim_uid::etim-v2-suf-pexia;terminologia::nivel::nucleo;terminologia::tipo::sufixo,Texto PT-BR; forma citada preservada.
etim-v2-suf-plastia,-plastia,,,morfema,sufixo,greco-latina; confirmar étimo apenas quando necessário,,,reparo ou remodelagem,,reparo ou remodelagem,,sufixo,transversal,,transversal,3,3,2,1,25,nucleo,rinoplastia,,,,,,,,reparo ou remodelagem,A forma sugere sentido; não fecha diagnóstico.,"OpenRN Medical Terminology 2e, cap. 1, NCBI Bookshelf NBK607453 (CC BY 4.0); OpenRN Medical Terminology 2e, NCBI Bookshelf NBK607454 (CC BY 4.0); Prompt mestre do usuário, corpus-base de terminologia médica, 2026-07-17",alta,candidato_validado_automaticamente,card_proprio,etim-v2-suf-plastia,sim,reconhecimento,1,,,etim_uid::etim-v2-suf-plastia;terminologia::nivel::nucleo;terminologia::tipo::sufixo,Texto PT-BR; forma citada preservada.
etim-v2-suf-rafia,-rafia,,,morfema,sufixo,greco-latina; confirmar étimo apenas quando necessário,,,sutura,,sutura,,sufixo,transversal,,transversal,3,3,2,0,23,nucleo,herniorrafia,,,,,,,,sutura,A forma sugere sentido; não fecha diagnóstico.,"OpenRN Medical Terminology 2e, cap. 1, NCBI Bookshelf NBK607453 (CC BY 4.0); OpenRN Medical Terminology 2e, NCBI Bookshelf NBK607454 (CC BY 4.0); Prompt mestre do usuário, corpus-base de terminologia médica, 2026-07-17",alta,candidato_validado_automaticamente,card_proprio,etim-v2-suf-rafia,sim,reconhecimento,1,,,etim_uid::etim-v2-suf-rafia;terminologia::nivel::nucleo;terminologia::tipo::sufixo,Texto PT-BR; forma citada preservada.
etim-v2-suf-scopia,-scopia,,,morfema,sufixo,greco-latina; confirmar étimo apenas quando necessário,,,exame visual,,exame visual,,sufixo,transversal,,transversal,3,3,2,0,23,nucleo,endoscopia,,,,,,,,exame visual,A forma sugere sentido; não fecha diagnóstico.,"OpenRN Medical Terminology 2e, cap. 1, NCBI Bookshelf NBK607453 (CC BY 4.0); OpenRN Medical Terminology 2e, NCBI Bookshelf NBK607454 (CC BY 4.0); Prompt mestre do usuário, corpus-base de terminologia médica, 2026-07-17",alta,candidato_validado_automaticamente,card_proprio,etim-v2-suf-scopia,sim,reconhecimento,1,,,etim_uid::etim-v2-suf-scopia;terminologia::nivel::nucleo;terminologia::tipo::sufixo,Texto PT-BR; forma citada preservada.
etim-v2-suf-stomia,-stomia,,,morfema,sufixo,greco-latina; confirmar étimo apenas quando necessário,,,criação de abertura,,criação de abertura,,sufixo,transversal,,transversal,3,3,2,0,23,nucleo,colostomia,,,,,,,,criação de abertura,A forma sugere sentido; não fecha diagnóstico.,"OpenRN Medical Terminology 2e, cap. 1, NCBI Bookshelf NBK607453 (CC BY 4.0); OpenRN Medical Terminology 2e, NCBI Bookshelf NBK607454 (CC BY 4.0); Prompt mestre do usuário, corpus-base de terminologia médica, 2026-07-17",alta,candidato_validado_automaticamente,card_proprio,etim-v2-suf-stomia,sim,reconhecimento,1,,,etim_uid::etim-v2-suf-stomia;terminologia::nivel::nucleo;terminologia::tipo::sufixo,Texto PT-BR; forma citada preservada.
etim-v2-suf-tomia,-tomia,,,morfema,sufixo,greco-latina; confirmar étimo apenas quando necessário,,,incisão,,incisão,,sufixo,transversal,,transversal,3,3,2,0,23,nucleo,laparotomia,,,,,,,,incisão,A forma sugere sentido; não fecha diagnóstico.,"OpenRN Medical Terminology 2e, cap. 1, NCBI Bookshelf NBK607453 (CC BY 4.0); OpenRN Medical Terminology 2e, NCBI Bookshelf NBK607454 (CC BY 4.0); Prompt mestre do usuário, corpus-base de terminologia médica, 2026-07-17",alta,candidato_validado_automaticamente,card_proprio,etim-v2-suf-tomia,sim,reconhecimento,1,,,etim_uid::etim-v2-suf-tomia;terminologia::nivel::nucleo;terminologia::tipo::sufixo,Texto PT-BR; forma citada preservada.
etim-v2-suf-tripsia,-tripsia,,,morfema,sufixo,greco-latina; confirmar étimo apenas quando necessário,,,fragmentação,,fragmentação,,sufixo,transversal,,transversal,3,3,2,0,23,nucleo,litotripsia,,,,,,,,fragmentação,A forma sugere sentido; não fecha diagnóstico.,"OpenRN Medical Terminology 2e, cap. 1, NCBI Bookshelf NBK607453 (CC BY 4.0); OpenRN Medical Terminology 2e, NCBI Bookshelf NBK607454 (CC BY 4.0); Prompt mestre do usuário, corpus-base de terminologia médica, 2026-07-17",alta,candidato_validado_automaticamente,card_proprio,etim-v2-suf-tripsia,sim,reconhecimento,1,,,etim_uid::etim-v2-suf-tripsia;terminologia::nivel::nucleo;terminologia::tipo::sufixo,Texto PT-BR; forma citada preservada.
etim-v2-suf-logia,-logia,,,morfema,sufixo,greco-latina; confirmar étimo apenas quando necessário,,,estudo,,estudo,,sufixo,transversal,,transversal,3,3,2,0,23,nucleo,cardiologia,,,,,,,,estudo,A forma sugere sentido; não fecha diagnóstico.,"OpenRN Medical Terminology 2e, cap. 1, NCBI Bookshelf NBK607453 (CC BY 4.0); OpenRN Medical Terminology 2e, NCBI Bookshelf NBK607454 (CC BY 4.0); Prompt mestre do usuário, corpus-base de terminologia médica, 2026-07-17",alta,candidato_validado_automaticamente,card_proprio,etim-v2-suf-logia,sim,reconhecimento,1,,,etim_uid::etim-v2-suf-logia;terminologia::nivel::nucleo;terminologia::tipo::sufixo,Texto PT-BR; forma citada preservada.
etim-v2-suf-logo,-logo,,,morfema,sufixo,greco-latina; confirmar étimo apenas quando necessário,,,especialista,,especialista,,sufixo,transversal,,transversal,3,3,2,0,23,nucleo,cardiólogo,,,,,,,,especialista,A forma sugere sentido; não fecha diagnóstico.,"OpenRN Medical Terminology 2e, cap. 1, NCBI Bookshelf NBK607453 (CC BY 4.0); OpenRN Medical Terminology 2e, NCBI Bookshelf NBK607454 (CC BY 4.0); Prompt mestre do usuário, corpus-base de terminologia médica, 2026-07-17",alta,candidato_validado_automaticamente,card_proprio,etim-v2-suf-logo,sim,reconhecimento,1,,,etim_uid::etim-v2-suf-logo;terminologia::nivel::nucleo;terminologia::tipo::sufixo,Texto PT-BR; forma citada preservada.
etim-v2-suf-iatra,-iatra,,,morfema,sufixo,greco-latina; confirmar étimo apenas quando necessário,,,médico especialista,,médico especialista,,sufixo,transversal,,transversal,3,3,2,0,23,nucleo,pediatra,,,,,,,,médico especialista,A forma sugere sentido; não fecha diagnóstico.,"OpenRN Medical Terminology 2e, cap. 1, NCBI Bookshelf NBK607453 (CC BY 4.0); OpenRN Medical Terminology 2e, NCBI Bookshelf NBK607454 (CC BY 4.0); Prompt mestre do usuário, corpus-base de terminologia médica, 2026-07-17",alta,candidato_validado_automaticamente,card_proprio,etim-v2-suf-iatra,sim,reconhecimento,1,,,etim_uid::etim-v2-suf-iatra;terminologia::nivel::nucleo;terminologia::tipo::sufixo,Texto PT-BR; forma citada preservada.
etim-v2-suf-iatria,-iatria,,,morfema,sufixo,greco-latina; confirmar étimo apenas quando necessário,,,especialidade médica,,especialidade médica,,sufixo,transversal,,transversal,3,3,2,0,23,nucleo,pediatria,,,,,,,,especialidade médica,A forma sugere sentido; não fecha diagnóstico.,"OpenRN Medical Terminology 2e, cap. 1, NCBI Bookshelf NBK607453 (CC BY 4.0); OpenRN Medical Terminology 2e, NCBI Bookshelf NBK607454 (CC BY 4.0); Prompt mestre do usuário, corpus-base de terminologia médica, 2026-07-17",alta,candidato_validado_automaticamente,card_proprio,etim-v2-suf-iatria,sim,reconhecimento,1,,,etim_uid::etim-v2-suf-iatria;terminologia::nivel::nucleo;terminologia::tipo::sufixo,Texto PT-BR; forma citada preservada.
etim-v2-suf-poiese,-poiese,,,morfema,sufixo,greco-latina; confirmar étimo apenas quando necessário,,,produção ou formação,,produção ou formação,,sufixo,transversal,,transversal,3,3,2,1,25,nucleo,hematopoiese,,,,,,,,produção ou formação,A forma sugere sentido; não fecha diagnóstico.,"OpenRN Medical Terminology 2e, cap. 1, NCBI Bookshelf NBK607453 (CC BY 4.0); OpenRN Medical Terminology 2e, NCBI Bookshelf NBK607454 (CC BY 4.0); Prompt mestre do usuário, corpus-base de terminologia médica, 2026-07-17",alta,candidato_validado_automaticamente,card_proprio,etim-v2-suf-poiese,sim,reconhecimento,1,,,etim_uid::etim-v2-suf-poiese;terminologia::nivel::nucleo;terminologia::tipo::sufixo,Texto PT-BR; forma citada preservada.
etim-v2-suf-blasto,-blasto,,,morfema,sufixo,greco-latina; confirmar étimo apenas quando necessário,,,célula precursora,,célula precursora,,sufixo,transversal,,transversal,3,3,2,0,23,nucleo,osteoblasto,,,,,,,,célula precursora,A forma sugere sentido; não fecha diagnóstico.,"OpenRN Medical Terminology 2e, cap. 1, NCBI Bookshelf NBK607453 (CC BY 4.0); OpenRN Medical Terminology 2e, NCBI Bookshelf NBK607454 (CC BY 4.0); Prompt mestre do usuário, corpus-base de terminologia médica, 2026-07-17",alta,candidato_validado_automaticamente,card_proprio,etim-v2-suf-blasto,sim,reconhecimento,1,,,etim_uid::etim-v2-suf-blasto;terminologia::nivel::nucleo;terminologia::tipo::sufixo,Texto PT-BR; forma citada preservada.
etim-v2-suf-cito,-cito,,,morfema,sufixo,greco-latina; confirmar étimo apenas quando necessário,,,célula,,célula,,sufixo,transversal,,transversal,3,3,2,0,23,nucleo,eritrócito,,,,,,,,célula,A forma sugere sentido; não fecha diagnóstico.,"OpenRN Medical Terminology 2e, cap. 1, NCBI Bookshelf NBK607453 (CC BY 4.0); OpenRN Medical Terminology 2e, NCBI Bookshelf NBK607454 (CC BY 4.0); Prompt mestre do usuário, corpus-base de terminologia médica, 2026-07-17",alta,candidato_validado_automaticamente,card_proprio,etim-v2-suf-cito,sim,reconhecimento,1,,,etim_uid::etim-v2-suf-cito;terminologia::nivel::nucleo;terminologia::tipo::sufixo,Texto PT-BR; forma citada preservada.
etim-v2-suf-fago,-fago,,,morfema,sufixo,greco-latina; confirmar étimo apenas quando necessário,,,célula que ingere,,célula que ingere,,sufixo,transversal,,transversal,3,3,2,0,23,nucleo,macrófago,,,,,,,,célula que ingere,A forma sugere sentido; não fecha diagnóstico.,"OpenRN Medical Terminology 2e, cap. 1, NCBI Bookshelf NBK607453 (CC BY 4.0); OpenRN Medical Terminology 2e, NCBI Bookshelf NBK607454 (CC BY 4.0); Prompt mestre do usuário, corpus-base de terminologia médica, 2026-07-17",alta,candidato_validado_automaticamente,card_proprio,etim-v2-suf-fago,sim,reconhecimento,1,,,etim_uid::etim-v2-suf-fago;terminologia::nivel::nucleo;terminologia::tipo::sufixo,Texto PT-BR; forma citada preservada.
etim-v2-suf-ina,-ina,,,morfema,sufixo,greco-latina; confirmar étimo apenas quando necessário,,,substância,,substância,,sufixo,transversal,,transversal,3,3,2,0,23,nucleo,insulina,,,,,,,,substância,A forma sugere sentido; não fecha diagnóstico.,"OpenRN Medical Terminology 2e, cap. 1, NCBI Bookshelf NBK607453 (CC BY 4.0); OpenRN Medical Terminology 2e, NCBI Bookshelf NBK607454 (CC BY 4.0); Prompt mestre do usuário, corpus-base de terminologia médica, 2026-07-17",alta,candidato_validado_automaticamente,card_proprio,etim-v2-suf-ina,sim,reconhecimento,1,,,etim_uid::etim-v2-suf-ina;terminologia::nivel::nucleo;terminologia::tipo::sufixo,Texto PT-BR; forma citada preservada.
etim-v2-suf-ase,-ase,,,morfema,sufixo,greco-latina; confirmar étimo apenas quando necessário,,,enzima,,enzima,,sufixo,transversal,,transversal,3,3,2,0,23,nucleo,lipase,,,,,,,,enzima,A forma sugere sentido; não fecha diagnóstico.,"OpenRN Medical Terminology 2e, cap. 1, NCBI Bookshelf NBK607453 (CC BY 4.0); OpenRN Medical Terminology 2e, NCBI Bookshelf NBK607454 (CC BY 4.0); Prompt mestre do usuário, corpus-base de terminologia médica, 2026-07-17",alta,candidato_validado_automaticamente,card_proprio,etim-v2-suf-ase,sim,reconhecimento,1,,,etim_uid::etim-v2-suf-ase;terminologia::nivel::nucleo;terminologia::tipo::sufixo,Texto PT-BR; forma citada preservada.
etim-v2-suf-ico,-ico,,,morfema,sufixo,greco-latina; confirmar étimo apenas quando necessário,,,relativo a,,relativo a,,sufixo,transversal,,transversal,3,3,2,0,23,nucleo,gástrico,,,,,,,,relativo a,A forma sugere sentido; não fecha diagnóstico.,"OpenRN Medical Terminology 2e, cap. 1, NCBI Bookshelf NBK607453 (CC BY 4.0); OpenRN Medical Terminology 2e, NCBI Bookshelf NBK607454 (CC BY 4.0); Prompt mestre do usuário, corpus-base de terminologia médica, 2026-07-17",alta,candidato_validado_automaticamente,card_proprio,etim-v2-suf-ico,sim,reconhecimento,1,,,etim_uid::etim-v2-suf-ico;terminologia::nivel::nucleo;terminologia::tipo::sufixo,Texto PT-BR; forma citada preservada.
etim-v2-suf-al,-al,,,morfema,sufixo,greco-latina; confirmar étimo apenas quando necessário,,,relativo a,,relativo a,,sufixo,transversal,,transversal,3,3,2,0,23,nucleo,renal,,,,,,,,relativo a,A forma sugere sentido; não fecha diagnóstico.,"OpenRN Medical Terminology 2e, cap. 1, NCBI Bookshelf NBK607453 (CC BY 4.0); OpenRN Medical Terminology 2e, NCBI Bookshelf NBK607454 (CC BY 4.0); Prompt mestre do usuário, corpus-base de terminologia médica, 2026-07-17",alta,candidato_validado_automaticamente,card_proprio,etim-v2-suf-al,sim,reconhecimento,1,,,etim_uid::etim-v2-suf-al;terminologia::nivel::nucleo;terminologia::tipo::sufixo,Texto PT-BR; forma citada preservada.
etim-v2-rai-cit-o,cit/o,,,morfema,raiz,greco-latina; confirmar étimo apenas quando necessário,,,célula,,célula,,raiz,celula_tecidos_embriologia,,celula;tecidos;embriologia,3,3,2,0,23,nucleo,citologia,,,,,,,,célula,A forma sugere sentido; não fecha diagnóstico.,"OpenRN Medical Terminology 2e, cap. 1, NCBI Bookshelf NBK607453 (CC BY 4.0); OpenRN Medical Terminology 2e, NCBI Bookshelf NBK607454 (CC BY 4.0); Prompt mestre do usuário, corpus-base de terminologia médica, 2026-07-17",alta,candidato_validado_automaticamente,card_proprio,etim-v2-rai-cit-o,sim,reconhecimento,1,,,etim_uid::etim-v2-rai-cit-o;terminologia::nivel::nucleo;terminologia::tipo::raiz,Texto PT-BR; forma citada preservada.
etim-v2-rai-hist-o,hist/o,,,morfema,raiz,greco-latina; confirmar étimo apenas quando necessário,,,tecido,,tecido,,raiz,celula_tecidos_embriologia,,celula;tecidos;embriologia,3,3,2,0,23,nucleo,histologia,,,,,,,,tecido,A forma sugere sentido; não fecha diagnóstico.,"OpenRN Medical Terminology 2e, cap. 1, NCBI Bookshelf NBK607453 (CC BY 4.0); OpenRN Medical Terminology 2e, NCBI Bookshelf NBK607454 (CC BY 4.0); Prompt mestre do usuário, corpus-base de terminologia médica, 2026-07-17",alta,candidato_validado_automaticamente,card_proprio,etim-v2-rai-hist-o,sim,reconhecimento,1,,,etim_uid::etim-v2-rai-hist-o;terminologia::nivel::nucleo;terminologia::tipo::raiz,Texto PT-BR; forma citada preservada.
etim-v2-rai-cari-o,cari/o,kary/o,kary/o,morfema,raiz,greco-latina; confirmar étimo apenas quando necessário,,,núcleo,,núcleo,,raiz,celula_tecidos_embriologia,,celula;tecidos;embriologia,3,3,2,0,23,nucleo,cariótipo,,,,,,,,núcleo,A forma sugere sentido; não fecha diagnóstico.,"OpenRN Medical Terminology 2e, cap. 1, NCBI Bookshelf NBK607453 (CC BY 4.0); OpenRN Medical Terminology 2e, NCBI Bookshelf NBK607454 (CC BY 4.0); Prompt mestre do usuário, corpus-base de terminologia médica, 2026-07-17",alta,candidato_validado_automaticamente,card_proprio,etim-v2-rai-cari-o,sim,reconhecimento,1,,,etim_uid::etim-v2-rai-cari-o;terminologia::nivel::nucleo;terminologia::tipo::raiz,Texto PT-BR; forma citada preservada.
etim-v2-rai-nucle-o,nucle/o,,,morfema,raiz,greco-latina; confirmar étimo apenas quando necessário,,,núcleo,,núcleo,,raiz,celula_tecidos_embriologia,,celula;tecidos;embriologia,3,3,2,0,23,nucleo,nucleoplasma,,,,,,,,núcleo,A forma sugere sentido; não fecha diagnóstico.,"OpenRN Medical Terminology 2e, cap. 1, NCBI Bookshelf NBK607453 (CC BY 4.0); OpenRN Medical Terminology 2e, NCBI Bookshelf NBK607454 (CC BY 4.0); Prompt mestre do usuário, corpus-base de terminologia médica, 2026-07-17",alta,candidato_validado_automaticamente,card_proprio,etim-v2-rai-nucle-o,sim,reconhecimento,1,,,etim_uid::etim-v2-rai-nucle-o;terminologia::nivel::nucleo;terminologia::tipo::raiz,Texto PT-BR; forma citada preservada.
etim-v2-rai-chrom-o,chrom/o,,,morfema,raiz,greco-latina; confirmar étimo apenas quando necessário,,,cor,,cor,,raiz,celula_tecidos_embriologia,,celula;tecidos;embriologia,3,3,2,0,23,nucleo,cromatina,,,,,,,,cor,A forma sugere sentido; não fecha diagnóstico.,"OpenRN Medical Terminology 2e, cap. 1, NCBI Bookshelf NBK607453 (CC BY 4.0); OpenRN Medical Terminology 2e, NCBI Bookshelf NBK607454 (CC BY 4.0); Prompt mestre do usuário, corpus-base de terminologia médica, 2026-07-17",alta,candidato_validado_automaticamente,card_proprio,etim-v2-rai-chrom-o,sim,reconhecimento,1,,,etim_uid::etim-v2-rai-chrom-o;terminologia::nivel::nucleo;terminologia::tipo::raiz,Texto PT-BR; forma citada preservada.
etim-v2-rai-plasm-o,plasm/o,,,morfema,raiz,greco-latina; confirmar étimo apenas quando necessário,,,plasma ou formação,,plasma ou formação,,raiz,celula_tecidos_embriologia,,celula;tecidos;embriologia,3,3,2,1,25,nucleo,citoplasma,,,,,,,,plasma ou formação,A forma sugere sentido; não fecha diagnóstico.,"OpenRN Medical Terminology 2e, cap. 1, NCBI Bookshelf NBK607453 (CC BY 4.0); OpenRN Medical Terminology 2e, NCBI Bookshelf NBK607454 (CC BY 4.0); Prompt mestre do usuário, corpus-base de terminologia médica, 2026-07-17",alta,candidato_validado_automaticamente,card_proprio,etim-v2-rai-plasm-o,sim,reconhecimento,1,,,etim_uid::etim-v2-rai-plasm-o;terminologia::nivel::nucleo;terminologia::tipo::raiz,Texto PT-BR; forma citada preservada.
etim-v2-rai-membran-o,membran/o,,,morfema,raiz,greco-latina; confirmar étimo apenas quando necessário,,,membrana,,membrana,,raiz,celula_tecidos_embriologia,,celula;tecidos;embriologia,3,3,2,0,23,nucleo,transmembrana,,,,,,,,membrana,A forma sugere sentido; não fecha diagnóstico.,"OpenRN Medical Terminology 2e, cap. 1, NCBI Bookshelf NBK607453 (CC BY 4.0); OpenRN Medical Terminology 2e, NCBI Bookshelf NBK607454 (CC BY 4.0); Prompt mestre do usuário, corpus-base de terminologia médica, 2026-07-17",alta,candidato_validado_automaticamente,card_proprio,etim-v2-rai-membran-o,sim,reconhecimento,1,,,etim_uid::etim-v2-rai-membran-o;terminologia::nivel::nucleo;terminologia::tipo::raiz,Texto PT-BR; forma citada preservada.
etim-v2-rai-mitochondri-o,mitochondri/o,,,morfema,raiz,greco-latina; confirmar étimo apenas quando necessário,,,mitocôndria,,mitocôndria,,raiz,celula_tecidos_embriologia,,celula;tecidos;embriologia,3,3,2,0,23,nucleo,mitocondrial,,,,,,,,mitocôndria,A forma sugere sentido; não fecha diagnóstico.,"OpenRN Medical Terminology 2e, cap. 1, NCBI Bookshelf NBK607453 (CC BY 4.0); OpenRN Medical Terminology 2e, NCBI Bookshelf NBK607454 (CC BY 4.0); Prompt mestre do usuário, corpus-base de terminologia médica, 2026-07-17",alta,candidato_validado_automaticamente,card_proprio,etim-v2-rai-mitochondri-o,sim,reconhecimento,1,,,etim_uid::etim-v2-rai-mitochondri-o;terminologia::nivel::nucleo;terminologia::tipo::raiz,Texto PT-BR; forma citada preservada.
etim-v2-rai-ribosom-o,ribosom/o,,,morfema,raiz,greco-latina; confirmar étimo apenas quando necessário,,,ribossomo,,ribossomo,,raiz,celula_tecidos_embriologia,,celula;tecidos;embriologia,3,3,2,0,23,nucleo,ribossômico,,,,,,,,ribossomo,A forma sugere sentido; não fecha diagnóstico.,"OpenRN Medical Terminology 2e, cap. 1, NCBI Bookshelf NBK607453 (CC BY 4.0); OpenRN Medical Terminology 2e, NCBI Bookshelf NBK607454 (CC BY 4.0); Prompt mestre do usuário, corpus-base de terminologia médica, 2026-07-17",alta,candidato_validado_automaticamente,card_proprio,etim-v2-rai-ribosom-o,sim,reconhecimento,1,,,etim_uid::etim-v2-rai-ribosom-o;terminologia::nivel::nucleo;terminologia::tipo::raiz,Texto PT-BR; forma citada preservada.
etim-v2-rai-lysosom-o,lysosom/o,,,morfema,raiz,greco-latina; confirmar étimo apenas quando necessário,,,lisossomo,,lisossomo,,raiz,celula_tecidos_embriologia,,celula;tecidos;embriologia,3,3,2,0,23,nucleo,lisossomal,,,,,,,,lisossomo,A forma sugere sentido; não fecha diagnóstico.,"OpenRN Medical Terminology 2e, cap. 1, NCBI Bookshelf NBK607453 (CC BY 4.0); OpenRN Medical Terminology 2e, NCBI Bookshelf NBK607454 (CC BY 4.0); Prompt mestre do usuário, corpus-base de terminologia médica, 2026-07-17",alta,candidato_validado_automaticamente,card_proprio,etim-v2-rai-lysosom-o,sim,reconhecimento,1,,,etim_uid::etim-v2-rai-lysosom-o;terminologia::nivel::nucleo;terminologia::tipo::raiz,Texto PT-BR; forma citada preservada.
etim-v2-rai-peroxisom-o,peroxisom/o,,,morfema,raiz,greco-latina; confirmar étimo apenas quando necessário,,,peroxissomo,,peroxissomo,,raiz,celula_tecidos_embriologia,,celula;tecidos;embriologia,3,3,2,0,23,nucleo,peroxissomal,,,,,,,,peroxissomo,A forma sugere sentido; não fecha diagnóstico.,"OpenRN Medical Terminology 2e, cap. 1, NCBI Bookshelf NBK607453 (CC BY 4.0); OpenRN Medical Terminology 2e, NCBI Bookshelf NBK607454 (CC BY 4.0); Prompt mestre do usuário, corpus-base de terminologia médica, 2026-07-17",alta,candidato_validado_automaticamente,card_proprio,etim-v2-rai-peroxisom-o,sim,reconhecimento,1,,,etim_uid::etim-v2-rai-peroxisom-o;terminologia::nivel::nucleo;terminologia::tipo::raiz,Texto PT-BR; forma citada preservada.
etim-v2-rai-reticul-o,reticul/o,,,morfema,raiz,greco-latina; confirmar étimo apenas quando necessário,,,rede,,rede,,raiz,celula_tecidos_embriologia,,celula;tecidos;embriologia,3,3,2,0,23,nucleo,retículo,,,,,,,,rede,A forma sugere sentido; não fecha diagnóstico.,"OpenRN Medical Terminology 2e, cap. 1, NCBI Bookshelf NBK607453 (CC BY 4.0); OpenRN Medical Terminology 2e, NCBI Bookshelf NBK607454 (CC BY 4.0); Prompt mestre do usuário, corpus-base de terminologia médica, 2026-07-17",alta,candidato_validado_automaticamente,card_proprio,etim-v2-rai-reticul-o,sim,reconhecimento,1,,,etim_uid::etim-v2-rai-reticul-o;terminologia::nivel::nucleo;terminologia::tipo::raiz,Texto PT-BR; forma citada preservada.
etim-v2-rai-centri-o,centri/o,,,morfema,raiz,greco-latina; confirmar étimo apenas quando necessário,,,centríolo,,centríolo,,raiz,celula_tecidos_embriologia,,celula;tecidos;embriologia,3,3,2,0,23,nucleo,centriolar,,,,,,,,centríolo,A forma sugere sentido; não fecha diagnóstico.,"OpenRN Medical Terminology 2e, cap. 1, NCBI Bookshelf NBK607453 (CC BY 4.0); OpenRN Medical Terminology 2e, NCBI Bookshelf NBK607454 (CC BY 4.0); Prompt mestre do usuário, corpus-base de terminologia médica, 2026-07-17",alta,candidato_validado_automaticamente,card_proprio,etim-v2-rai-centri-o,sim,reconhecimento,1,,,etim_uid::etim-v2-rai-centri-o;terminologia::nivel::nucleo;terminologia::tipo::raiz,Texto PT-BR; forma citada preservada.
etim-v2-rai-centrosom-o,centrosom/o,,,morfema,raiz,greco-latina; confirmar étimo apenas quando necessário,,,centrossomo,,centrossomo,,raiz,celula_tecidos_embriologia,,celula;tecidos;embriologia,3,3,2,0,23,nucleo,centrossomal,,,,,,,,centrossomo,A forma sugere sentido; não fecha diagnóstico.,"OpenRN Medical Terminology 2e, cap. 1, NCBI Bookshelf NBK607453 (CC BY 4.0); OpenRN Medical Terminology 2e, NCBI Bookshelf NBK607454 (CC BY 4.0); Prompt mestre do usuário, corpus-base de terminologia médica, 2026-07-17",alta,candidato_validado_automaticamente,card_proprio,etim-v2-rai-centrosom-o,sim,reconhecimento,1,,,etim_uid::etim-v2-rai-centrosom-o;terminologia::nivel::nucleo;terminologia::tipo::raiz,Texto PT-BR; forma citada preservada.
etim-v2-rai-microtubul-o,microtubul/o,,,morfema,raiz,greco-latina; confirmar étimo apenas quando necessário,,,microtúbulo,,microtúbulo,,raiz,celula_tecidos_embriologia,,celula;tecidos;embriologia,3,3,2,0,23,nucleo,microtubular,,,,,,,,microtúbulo,A forma sugere sentido; não fecha diagnóstico.,"OpenRN Medical Terminology 2e, cap. 1, NCBI Bookshelf NBK607453 (CC BY 4.0); OpenRN Medical Terminology 2e, NCBI Bookshelf NBK607454 (CC BY 4.0); Prompt mestre do usuário, corpus-base de terminologia médica, 2026-07-17",alta,candidato_validado_automaticamente,card_proprio,etim-v2-rai-microtubul-o,sim,reconhecimento,1,,,etim_uid::etim-v2-rai-microtubul-o;terminologia::nivel::nucleo;terminologia::tipo::raiz,Texto PT-BR; forma citada preservada.
etim-v2-rai-actin-o,actin/o,,,morfema,raiz,greco-latina; confirmar étimo apenas quando necessário,,,actina,,actina,,raiz,celula_tecidos_embriologia,,celula;tecidos;embriologia,3,3,2,0,23,nucleo,actinomiosina,,,,,,,,actina,A forma sugere sentido; não fecha diagnóstico.,"OpenRN Medical Terminology 2e, cap. 1, NCBI Bookshelf NBK607453 (CC BY 4.0); OpenRN Medical Terminology 2e, NCBI Bookshelf NBK607454 (CC BY 4.0); Prompt mestre do usuário, corpus-base de terminologia médica, 2026-07-17",alta,candidato_validado_automaticamente,card_proprio,etim-v2-rai-actin-o,sim,reconhecimento,1,,,etim_uid::etim-v2-rai-actin-o;terminologia::nivel::nucleo;terminologia::tipo::raiz,Texto PT-BR; forma citada preservada.
etim-v2-rai-myosin-o,myosin/o,,,morfema,raiz,greco-latina; confirmar étimo apenas quando necessário,,,miosina,,miosina,,raiz,celula_tecidos_embriologia,,celula;tecidos;embriologia,3,3,2,0,23,nucleo,miosina,,,,,,,,miosina,A forma sugere sentido; não fecha diagnóstico.,"OpenRN Medical Terminology 2e, cap. 1, NCBI Bookshelf NBK607453 (CC BY 4.0); OpenRN Medical Terminology 2e, NCBI Bookshelf NBK607454 (CC BY 4.0); Prompt mestre do usuário, corpus-base de terminologia médica, 2026-07-17",alta,candidato_validado_automaticamente,card_proprio,etim-v2-rai-myosin-o,sim,reconhecimento,1,,,etim_uid::etim-v2-rai-myosin-o;terminologia::nivel::nucleo;terminologia::tipo::raiz,Texto PT-BR; forma citada preservada.
etim-v2-rai-gen-o,gen/o,,,morfema,raiz,greco-latina; confirmar étimo apenas quando necessário,,,origem ou produção,,origem ou produção,,raiz,celula_tecidos_embriologia,,celula;tecidos;embriologia,3,3,2,1,25,nucleo,patógeno,,,,,,,,origem ou produção,A forma sugere sentido; não fecha diagnóstico.,"OpenRN Medical Terminology 2e, cap. 1, NCBI Bookshelf NBK607453 (CC BY 4.0); OpenRN Medical Terminology 2e, NCBI Bookshelf NBK607454 (CC BY 4.0); Prompt mestre do usuário, corpus-base de terminologia médica, 2026-07-17",alta,candidato_validado_automaticamente,card_proprio,etim-v2-rai-gen-o,sim,reconhecimento,1,,,etim_uid::etim-v2-rai-gen-o;terminologia::nivel::nucleo;terminologia::tipo::raiz,Texto PT-BR; forma citada preservada.
etim-v2-rai-morph-o,morph/o,,,morfema,raiz,greco-latina; confirmar étimo apenas quando necessário,,,forma,,forma,,raiz,celula_tecidos_embriologia,,celula;tecidos;embriologia,3,3,2,0,23,nucleo,morfologia,,,,,,,,forma,A forma sugere sentido; não fecha diagnóstico.,"OpenRN Medical Terminology 2e, cap. 1, NCBI Bookshelf NBK607453 (CC BY 4.0); OpenRN Medical Terminology 2e, NCBI Bookshelf NBK607454 (CC BY 4.0); Prompt mestre do usuário, corpus-base de terminologia médica, 2026-07-17",alta,candidato_validado_automaticamente,card_proprio,etim-v2-rai-morph-o,sim,reconhecimento,1,,,etim_uid::etim-v2-rai-morph-o;terminologia::nivel::nucleo;terminologia::tipo::raiz,Texto PT-BR; forma citada preservada.
etim-v2-rai-blast-o,blast/o,,,morfema,raiz,greco-latina; confirmar étimo apenas quando necessário,,,broto ou precursor,,broto ou precursor,,raiz,celula_tecidos_embriologia,,celula;tecidos;embriologia,3,3,2,1,25,nucleo,blastocisto,,,,,,,,broto ou precursor,A forma sugere sentido; não fecha diagnóstico.,"OpenRN Medical Terminology 2e, cap. 1, NCBI Bookshelf NBK607453 (CC BY 4.0); OpenRN Medical Terminology 2e, NCBI Bookshelf NBK607454 (CC BY 4.0); Prompt mestre do usuário, corpus-base de terminologia médica, 2026-07-17",alta,candidato_validado_automaticamente,card_proprio,etim-v2-rai-blast-o,sim,reconhecimento,1,,,etim_uid::etim-v2-rai-blast-o;terminologia::nivel::nucleo;terminologia::tipo::raiz,Texto PT-BR; forma citada preservada.
etim-v2-rai-embry-o,embry/o,,,morfema,raiz,greco-latina; confirmar étimo apenas quando necessário,,,embrião,,embrião,,raiz,celula_tecidos_embriologia,,celula;tecidos;embriologia,3,3,2,0,23,nucleo,embriologia,,,,,,,,embrião,A forma sugere sentido; não fecha diagnóstico.,"OpenRN Medical Terminology 2e, cap. 1, NCBI Bookshelf NBK607453 (CC BY 4.0); OpenRN Medical Terminology 2e, NCBI Bookshelf NBK607454 (CC BY 4.0); Prompt mestre do usuário, corpus-base de terminologia médica, 2026-07-17",alta,candidato_validado_automaticamente,card_proprio,etim-v2-rai-embry-o,sim,reconhecimento,1,,,etim_uid::etim-v2-rai-embry-o;terminologia::nivel::nucleo;terminologia::tipo::raiz,Texto PT-BR; forma citada preservada.
etim-v2-rai-fet-o,fet/o,,,morfema,raiz,greco-latina; confirmar étimo apenas quando necessário,,,feto,,feto,,raiz,celula_tecidos_embriologia,,celula;tecidos;embriologia,3,3,2,0,23,nucleo,fetometria,,,,,,,,feto,A forma sugere sentido; não fecha diagnóstico.,"OpenRN Medical Terminology 2e, cap. 1, NCBI Bookshelf NBK607453 (CC BY 4.0); OpenRN Medical Terminology 2e, NCBI Bookshelf NBK607454 (CC BY 4.0); Prompt mestre do usuário, corpus-base de terminologia médica, 2026-07-17",alta,candidato_validado_automaticamente,card_proprio,etim-v2-rai-fet-o,sim,reconhecimento,1,,,etim_uid::etim-v2-rai-fet-o;terminologia::nivel::nucleo;terminologia::tipo::raiz,Texto PT-BR; forma citada preservada.
etim-v2-rai-germ-o,germ/o,,,morfema,raiz,greco-latina; confirmar étimo apenas quando necessário,,,germe ou origem,,germe ou origem,,raiz,celula_tecidos_embriologia,,celula;tecidos;embriologia,3,3,2,1,25,nucleo,germinativo,,,,,,,,germe ou origem,A forma sugere sentido; não fecha diagnóstico.,"OpenRN Medical Terminology 2e, cap. 1, NCBI Bookshelf NBK607453 (CC BY 4.0); OpenRN Medical Terminology 2e, NCBI Bookshelf NBK607454 (CC BY 4.0); Prompt mestre do usuário, corpus-base de terminologia médica, 2026-07-17",alta,candidato_validado_automaticamente,card_proprio,etim-v2-rai-germ-o,sim,reconhecimento,1,,,etim_uid::etim-v2-rai-germ-o;terminologia::nivel::nucleo;terminologia::tipo::raiz,Texto PT-BR; forma citada preservada.
etim-v2-rai-organ-o,organ/o,,,morfema,raiz,greco-latina; confirmar étimo apenas quando necessário,,,órgão,,órgão,,raiz,celula_tecidos_embriologia,,celula;tecidos;embriologia,3,3,2,0,23,nucleo,organogênese,,,,,,,,órgão,A forma sugere sentido; não fecha diagnóstico.,"OpenRN Medical Terminology 2e, cap. 1, NCBI Bookshelf NBK607453 (CC BY 4.0); OpenRN Medical Terminology 2e, NCBI Bookshelf NBK607454 (CC BY 4.0); Prompt mestre do usuário, corpus-base de terminologia médica, 2026-07-17",alta,candidato_validado_automaticamente,card_proprio,etim-v2-rai-organ-o,sim,reconhecimento,1,,,etim_uid::etim-v2-rai-organ-o;terminologia::nivel::nucleo;terminologia::tipo::raiz,Texto PT-BR; forma citada preservada.
etim-v2-rai-somat-o,somat/o,,,morfema,raiz,greco-latina; confirmar étimo apenas quando necessário,,,corpo,,corpo,,raiz,celula_tecidos_embriologia,,celula;tecidos;embriologia,3,3,2,0,23,nucleo,somático,,,,,,,,corpo,A forma sugere sentido; não fecha diagnóstico.,"OpenRN Medical Terminology 2e, cap. 1, NCBI Bookshelf NBK607453 (CC BY 4.0); OpenRN Medical Terminology 2e, NCBI Bookshelf NBK607454 (CC BY 4.0); Prompt mestre do usuário, corpus-base de terminologia médica, 2026-07-17",alta,candidato_validado_automaticamente,card_proprio,etim-v2-rai-somat-o,sim,reconhecimento,1,,,etim_uid::etim-v2-rai-somat-o;terminologia::nivel::nucleo;terminologia::tipo::raiz,Texto PT-BR; forma citada preservada.
etim-v2-rai-epitheli-o,epitheli/o,,,morfema,raiz,greco-latina; confirmar étimo apenas quando necessário,,,epitélio,,epitélio,,raiz,celula_tecidos_embriologia,,celula;tecidos;embriologia,3,2,2,0,20,nucleo,epitelial,,,,,,,,epitélio,A forma sugere sentido; não fecha diagnóstico.,"OpenRN Medical Terminology 2e, cap. 1, NCBI Bookshelf NBK607453 (CC BY 4.0); OpenRN Medical Terminology 2e, NCBI Bookshelf NBK607454 (CC BY 4.0); Prompt mestre do usuário, corpus-base de terminologia médica, 2026-07-17",alta,candidato_validado_automaticamente,card_proprio,etim-v2-rai-epitheli-o,sim,reconhecimento,1,,,etim_uid::etim-v2-rai-epitheli-o;terminologia::nivel::nucleo;terminologia::tipo::raiz,Texto PT-BR; forma citada preservada.
etim-v2-rai-endotheli-o,endotheli/o,,,morfema,raiz,greco-latina; confirmar étimo apenas quando necessário,,,endotélio,,endotélio,,raiz,celula_tecidos_embriologia,,celula;tecidos;embriologia,3,2,2,0,20,nucleo,endotelial,,,,,,,,endotélio,A forma sugere sentido; não fecha diagnóstico.,"OpenRN Medical Terminology 2e, cap. 1, NCBI Bookshelf NBK607453 (CC BY 4.0); OpenRN Medical Terminology 2e, NCBI Bookshelf NBK607454 (CC BY 4.0); Prompt mestre do usuário, corpus-base de terminologia médica, 2026-07-17",alta,candidato_validado_automaticamente,card_proprio,etim-v2-rai-endotheli-o,sim,reconhecimento,1,,,etim_uid::etim-v2-rai-endotheli-o;terminologia::nivel::nucleo;terminologia::tipo::raiz,Texto PT-BR; forma citada preservada.
etim-v2-rai-mesenchym-o,mesenchym/o,,,morfema,raiz,greco-latina; confirmar étimo apenas quando necessário,,,mesênquima,,mesênquima,,raiz,celula_tecidos_embriologia,,celula;tecidos;embriologia,3,2,2,0,20,nucleo,mesenquimal,,,,,,,,mesênquima,A forma sugere sentido; não fecha diagnóstico.,"OpenRN Medical Terminology 2e, cap. 1, NCBI Bookshelf NBK607453 (CC BY 4.0); OpenRN Medical Terminology 2e, NCBI Bookshelf NBK607454 (CC BY 4.0); Prompt mestre do usuário, corpus-base de terminologia médica, 2026-07-17",alta,candidato_validado_automaticamente,card_proprio,etim-v2-rai-mesenchym-o,sim,reconhecimento,1,,,etim_uid::etim-v2-rai-mesenchym-o;terminologia::nivel::nucleo;terminologia::tipo::raiz,Texto PT-BR; forma citada preservada.
etim-v2-rai-apopt-o,apopt/o,,,morfema,raiz,greco-latina; confirmar étimo apenas quando necessário,,,queda programada,,queda programada,,raiz,celula_tecidos_embriologia,,celula;tecidos;embriologia,3,2,2,0,20,nucleo,apoptose,,,,,,,,queda programada,A forma sugere sentido; não fecha diagnóstico.,"OpenRN Medical Terminology 2e, cap. 1, NCBI Bookshelf NBK607453 (CC BY 4.0); OpenRN Medical Terminology 2e, NCBI Bookshelf NBK607454 (CC BY 4.0); Prompt mestre do usuário, corpus-base de terminologia médica, 2026-07-17",alta,candidato_validado_automaticamente,card_proprio,etim-v2-rai-apopt-o,sim,reconhecimento,1,,,etim_uid::etim-v2-rai-apopt-o;terminologia::nivel::nucleo;terminologia::tipo::raiz,Texto PT-BR; forma citada preservada.
etim-v2-rai-necr-o,necr/o,,,morfema,raiz,greco-latina; confirmar étimo apenas quando necessário,,,morte,,morte,,raiz,celula_tecidos_embriologia,,celula;tecidos;embriologia,3,2,2,0,20,nucleo,necrose,,,,,,,,morte,A forma sugere sentido; não fecha diagnóstico.,"OpenRN Medical Terminology 2e, cap. 1, NCBI Bookshelf NBK607453 (CC BY 4.0); OpenRN Medical Terminology 2e, NCBI Bookshelf NBK607454 (CC BY 4.0); Prompt mestre do usuário, corpus-base de terminologia médica, 2026-07-17",alta,candidato_validado_automaticamente,card_proprio,etim-v2-rai-necr-o,sim,reconhecimento,1,,,etim_uid::etim-v2-rai-necr-o;terminologia::nivel::nucleo;terminologia::tipo::raiz,Texto PT-BR; forma citada preservada.
etim-v2-rai-autophag-o,autophag/o,,,morfema,raiz,greco-latina; confirmar étimo apenas quando necessário,,,autofagia,,autofagia,,raiz,celula_tecidos_embriologia,,celula;tecidos;embriologia,3,2,2,0,20,nucleo,autofagossomo,,,,,,,,autofagia,A forma sugere sentido; não fecha diagnóstico.,"OpenRN Medical Terminology 2e, cap. 1, NCBI Bookshelf NBK607453 (CC BY 4.0); OpenRN Medical Terminology 2e, NCBI Bookshelf NBK607454 (CC BY 4.0); Prompt mestre do usuário, corpus-base de terminologia médica, 2026-07-17",alta,candidato_validado_automaticamente,card_proprio,etim-v2-rai-autophag-o,sim,reconhecimento,1,,,etim_uid::etim-v2-rai-autophag-o;terminologia::nivel::nucleo;terminologia::tipo::raiz,Texto PT-BR; forma citada preservada.
etim-v2-rai-cardi-o,cardi/o,,,morfema,raiz,greco-latina; confirmar étimo apenas quando necessário,,,coração,,coração,,raiz,cardiovascular_hematologico,,cardiovascular;hematologico,3,3,2,0,23,nucleo,cardiologia,,,,,,,,coração,A forma sugere sentido; não fecha diagnóstico.,"OpenRN Medical Terminology 2e, cap. 1, NCBI Bookshelf NBK607453 (CC BY 4.0); OpenRN Medical Terminology 2e, NCBI Bookshelf NBK607454 (CC BY 4.0); Prompt mestre do usuário, corpus-base de terminologia médica, 2026-07-17",alta,candidato_validado_automaticamente,card_proprio,etim-v2-rai-cardi-o,sim,reconhecimento,1,,,etim_uid::etim-v2-rai-cardi-o;terminologia::nivel::nucleo;terminologia::tipo::raiz,Texto PT-BR; forma citada preservada.
etim-v2-rai-coronari-o,coronari/o,,,morfema,raiz,greco-latina; confirmar étimo apenas quando necessário,,,coronária,,coronária,,raiz,cardiovascular_hematologico,,cardiovascular;hematologico,3,3,2,0,23,nucleo,coronariano,,,,,,,,coronária,A forma sugere sentido; não fecha diagnóstico.,"OpenRN Medical Terminology 2e, cap. 1, NCBI Bookshelf NBK607453 (CC BY 4.0); OpenRN Medical Terminology 2e, NCBI Bookshelf NBK607454 (CC BY 4.0); Prompt mestre do usuário, corpus-base de terminologia médica, 2026-07-17",alta,candidato_validado_automaticamente,card_proprio,etim-v2-rai-coronari-o,sim,reconhecimento,1,,,etim_uid::etim-v2-rai-coronari-o;terminologia::nivel::nucleo;terminologia::tipo::raiz,Texto PT-BR; forma citada preservada.
etim-v2-rai-angi-o,angi/o,,,morfema,raiz,greco-latina; confirmar étimo apenas quando necessário,,,vaso,,vaso,,raiz,cardiovascular_hematologico,,cardiovascular;hematologico,3,3,2,0,23,nucleo,angiografia,,,,,,,,vaso,A forma sugere sentido; não fecha diagnóstico.,"OpenRN Medical Terminology 2e, cap. 1, NCBI Bookshelf NBK607453 (CC BY 4.0); OpenRN Medical Terminology 2e, NCBI Bookshelf NBK607454 (CC BY 4.0); Prompt mestre do usuário, corpus-base de terminologia médica, 2026-07-17",alta,candidato_validado_automaticamente,card_proprio,etim-v2-rai-angi-o,sim,reconhecimento,1,,,etim_uid::etim-v2-rai-angi-o;terminologia::nivel::nucleo;terminologia::tipo::raiz,Texto PT-BR; forma citada preservada.
etim-v2-rai-vas-o,vas/o,,,morfema,raiz,greco-latina; confirmar étimo apenas quando necessário,,,vaso ou ducto,,vaso ou ducto,,raiz,cardiovascular_hematologico,,cardiovascular;hematologico,3,3,2,1,25,nucleo,vasodilatação,,,,,,,,vaso ou ducto,A forma sugere sentido; não fecha diagnóstico.,"OpenRN Medical Terminology 2e, cap. 1, NCBI Bookshelf NBK607453 (CC BY 4.0); OpenRN Medical Terminology 2e, NCBI Bookshelf NBK607454 (CC BY 4.0); Prompt mestre do usuário, corpus-base de terminologia médica, 2026-07-17",alta,candidato_validado_automaticamente,card_proprio,etim-v2-rai-vas-o,sim,reconhecimento,1,,,etim_uid::etim-v2-rai-vas-o;terminologia::nivel::nucleo;terminologia::tipo::raiz,Texto PT-BR; forma citada preservada.
etim-v2-rai-arteri-o,arteri/o,,,morfema,raiz,greco-latina; confirmar étimo apenas quando necessário,,,artéria,,artéria,,raiz,cardiovascular_hematologico,,cardiovascular;hematologico,3,3,2,0,23,nucleo,arteriografia,,,,,,,,artéria,A forma sugere sentido; não fecha diagnóstico.,"OpenRN Medical Terminology 2e, cap. 1, NCBI Bookshelf NBK607453 (CC BY 4.0); OpenRN Medical Terminology 2e, NCBI Bookshelf NBK607454 (CC BY 4.0); Prompt mestre do usuário, corpus-base de terminologia médica, 2026-07-17",alta,candidato_validado_automaticamente,card_proprio,etim-v2-rai-arteri-o,sim,reconhecimento,1,,,etim_uid::etim-v2-rai-arteri-o;terminologia::nivel::nucleo;terminologia::tipo::raiz,Texto PT-BR; forma citada preservada.
etim-v2-rai-arteriol-o,arteriol/o,,,morfema,raiz,greco-latina; confirmar étimo apenas quando necessário,,,arteríola,,arteríola,,raiz,cardiovascular_hematologico,,cardiovascular;hematologico,3,3,2,0,23,nucleo,arteriolar,,,,,,,,arteríola,A forma sugere sentido; não fecha diagnóstico.,"OpenRN Medical Terminology 2e, cap. 1, NCBI Bookshelf NBK607453 (CC BY 4.0); OpenRN Medical Terminology 2e, NCBI Bookshelf NBK607454 (CC BY 4.0); Prompt mestre do usuário, corpus-base de terminologia médica, 2026-07-17",alta,candidato_validado_automaticamente,card_proprio,etim-v2-rai-arteriol-o,sim,reconhecimento,1,,,etim_uid::etim-v2-rai-arteriol-o;terminologia::nivel::nucleo;terminologia::tipo::raiz,Texto PT-BR; forma citada preservada.
etim-v2-rai-aort-o,aort/o,,,morfema,raiz,greco-latina; confirmar étimo apenas quando necessário,,,aorta,,aorta,,raiz,cardiovascular_hematologico,,cardiovascular;hematologico,3,3,2,0,23,nucleo,aortografia,,,,,,,,aorta,A forma sugere sentido; não fecha diagnóstico.,"OpenRN Medical Terminology 2e, cap. 1, NCBI Bookshelf NBK607453 (CC BY 4.0); OpenRN Medical Terminology 2e, NCBI Bookshelf NBK607454 (CC BY 4.0); Prompt mestre do usuário, corpus-base de terminologia médica, 2026-07-17",alta,candidato_validado_automaticamente,card_proprio,etim-v2-rai-aort-o,sim,reconhecimento,1,,,etim_uid::etim-v2-rai-aort-o;terminologia::nivel::nucleo;terminologia::tipo::raiz,Texto PT-BR; forma citada preservada.
etim-v2-rai-ven-o,ven/o,,,morfema,raiz,greco-latina; confirmar étimo apenas quando necessário,,,veia,,veia,,raiz,cardiovascular_hematologico,,cardiovascular;hematologico,3,3,2,0,23,nucleo,venoso,,,,,,,,veia,A forma sugere sentido; não fecha diagnóstico.,"OpenRN Medical Terminology 2e, cap. 1, NCBI Bookshelf NBK607453 (CC BY 4.0); OpenRN Medical Terminology 2e, NCBI Bookshelf NBK607454 (CC BY 4.0); Prompt mestre do usuário, corpus-base de terminologia médica, 2026-07-17",alta,candidato_validado_automaticamente,card_proprio,etim-v2-rai-ven-o,sim,reconhecimento,1,,,etim_uid::etim-v2-rai-ven-o;terminologia::nivel::nucleo;terminologia::tipo::raiz,Texto PT-BR; forma citada preservada.
etim-v2-rai-fleb-o,fleb/o,phleb/o,phleb/o,morfema,raiz,greco-latina; confirmar étimo apenas quando necessário,,,veia,,veia,,raiz,cardiovascular_hematologico,,cardiovascular;hematologico,3,3,2,0,23,nucleo,flebite,,,,,,,,veia,A forma sugere sentido; não fecha diagnóstico.,"OpenRN Medical Terminology 2e, cap. 1, NCBI Bookshelf NBK607453 (CC BY 4.0); OpenRN Medical Terminology 2e, NCBI Bookshelf NBK607454 (CC BY 4.0); Prompt mestre do usuário, corpus-base de terminologia médica, 2026-07-17",alta,candidato_validado_automaticamente,card_proprio,etim-v2-rai-fleb-o,sim,reconhecimento,1,,,etim_uid::etim-v2-rai-fleb-o;terminologia::nivel::nucleo;terminologia::tipo::raiz,Texto PT-BR; forma citada preservada.
etim-v2-rai-capillar-o,capillar/o,,,morfema,raiz,greco-latina; confirmar étimo apenas quando necessário,,,capilar,,capilar,,raiz,cardiovascular_hematologico,,cardiovascular;hematologico,3,3,2,0,23,nucleo,capilaroscopia,,,,,,,,capilar,A forma sugere sentido; não fecha diagnóstico.,"OpenRN Medical Terminology 2e, cap. 1, NCBI Bookshelf NBK607453 (CC BY 4.0); OpenRN Medical Terminology 2e, NCBI Bookshelf NBK607454 (CC BY 4.0); Prompt mestre do usuário, corpus-base de terminologia médica, 2026-07-17",alta,candidato_validado_automaticamente,card_proprio,etim-v2-rai-capillar-o,sim,reconhecimento,1,,,etim_uid::etim-v2-rai-capillar-o;terminologia::nivel::nucleo;terminologia::tipo::raiz,Texto PT-BR; forma citada preservada.
etim-v2-rai-hem-o,hem/o,,,morfema,raiz,greco-latina; confirmar étimo apenas quando necessário,,,sangue,,sangue,,raiz,cardiovascular_hematologico,,cardiovascular;hematologico,3,3,2,0,23,nucleo,hemólise,,,,,,,,sangue,A forma sugere sentido; não fecha diagnóstico.,"OpenRN Medical Terminology 2e, cap. 1, NCBI Bookshelf NBK607453 (CC BY 4.0); OpenRN Medical Terminology 2e, NCBI Bookshelf NBK607454 (CC BY 4.0); Prompt mestre do usuário, corpus-base de terminologia médica, 2026-07-17",alta,candidato_validado_automaticamente,card_proprio,etim-v2-rai-hem-o,sim,reconhecimento,1,,,etim_uid::etim-v2-rai-hem-o;terminologia::nivel::nucleo;terminologia::tipo::raiz,Texto PT-BR; forma citada preservada.
etim-v2-rai-hemat-o,hemat/o,,,morfema,raiz,greco-latina; confirmar étimo apenas quando necessário,,,sangue,,sangue,,raiz,cardiovascular_hematologico,,cardiovascular;hematologico,3,3,2,0,23,nucleo,hematologia,,,,,,,,sangue,A forma sugere sentido; não fecha diagnóstico.,"OpenRN Medical Terminology 2e, cap. 1, NCBI Bookshelf NBK607453 (CC BY 4.0); OpenRN Medical Terminology 2e, NCBI Bookshelf NBK607454 (CC BY 4.0); Prompt mestre do usuário, corpus-base de terminologia médica, 2026-07-17",alta,candidato_validado_automaticamente,card_proprio,etim-v2-rai-hemat-o,sim,reconhecimento,1,,,etim_uid::etim-v2-rai-hemat-o;terminologia::nivel::nucleo;terminologia::tipo::raiz,Texto PT-BR; forma citada preservada.
etim-v2-rai-eritr-o,eritr/o,erythr/o,erythr/o,morfema,raiz,greco-latina; confirmar étimo apenas quando necessário,,,vermelho,,vermelho,,raiz,cardiovascular_hematologico,,cardiovascular;hematologico,3,3,2,0,23,nucleo,eritrócito,,,,,,,,vermelho,A forma sugere sentido; não fecha diagnóstico.,"OpenRN Medical Terminology 2e, cap. 1, NCBI Bookshelf NBK607453 (CC BY 4.0); OpenRN Medical Terminology 2e, NCBI Bookshelf NBK607454 (CC BY 4.0); Prompt mestre do usuário, corpus-base de terminologia médica, 2026-07-17",alta,candidato_validado_automaticamente,card_proprio,etim-v2-rai-eritr-o,sim,reconhecimento,1,,,etim_uid::etim-v2-rai-eritr-o;terminologia::nivel::nucleo;terminologia::tipo::raiz,Texto PT-BR; forma citada preservada.
etim-v2-rai-leuk-o,leuk/o,,,morfema,raiz,greco-latina; confirmar étimo apenas quando necessário,,,branco,,branco,,raiz,cardiovascular_hematologico,,cardiovascular;hematologico,3,3,2,0,23,nucleo,leucócito,,,,,,,,branco,A forma sugere sentido; não fecha diagnóstico.,"OpenRN Medical Terminology 2e, cap. 1, NCBI Bookshelf NBK607453 (CC BY 4.0); OpenRN Medical Terminology 2e, NCBI Bookshelf NBK607454 (CC BY 4.0); Prompt mestre do usuário, corpus-base de terminologia médica, 2026-07-17",alta,candidato_validado_automaticamente,card_proprio,etim-v2-rai-leuk-o,sim,reconhecimento,1,,,etim_uid::etim-v2-rai-leuk-o;terminologia::nivel::nucleo;terminologia::tipo::raiz,Texto PT-BR; forma citada preservada.
etim-v2-rai-tromb-o,tromb/o,thromb/o,thromb/o,morfema,raiz,greco-latina; confirmar étimo apenas quando necessário,,,coágulo,,coágulo,,raiz,cardiovascular_hematologico,,cardiovascular;hematologico,3,3,2,0,23,nucleo,trombose,,,,,,,,coágulo,A forma sugere sentido; não fecha diagnóstico.,"OpenRN Medical Terminology 2e, cap. 1, NCBI Bookshelf NBK607453 (CC BY 4.0); OpenRN Medical Terminology 2e, NCBI Bookshelf NBK607454 (CC BY 4.0); Prompt mestre do usuário, corpus-base de terminologia médica, 2026-07-17",alta,candidato_validado_automaticamente,card_proprio,etim-v2-rai-tromb-o,sim,reconhecimento,1,,,etim_uid::etim-v2-rai-tromb-o;terminologia::nivel::nucleo;terminologia::tipo::raiz,Texto PT-BR; forma citada preservada.
etim-v2-rai-embol-o,embol/o,,,morfema,raiz,greco-latina; confirmar étimo apenas quando necessário,,,êmbolo,,êmbolo,,raiz,cardiovascular_hematologico,,cardiovascular;hematologico,3,3,2,0,23,nucleo,embolia,,,,,,,,êmbolo,A forma sugere sentido; não fecha diagnóstico.,"OpenRN Medical Terminology 2e, cap. 1, NCBI Bookshelf NBK607453 (CC BY 4.0); OpenRN Medical Terminology 2e, NCBI Bookshelf NBK607454 (CC BY 4.0); Prompt mestre do usuário, corpus-base de terminologia médica, 2026-07-17",alta,candidato_validado_automaticamente,card_proprio,etim-v2-rai-embol-o,sim,reconhecimento,1,,,etim_uid::etim-v2-rai-embol-o;terminologia::nivel::nucleo;terminologia::tipo::raiz,Texto PT-BR; forma citada preservada.
etim-v2-rai-isquem-o,isquem/o,ischem/o,ischem/o,morfema,raiz,greco-latina; confirmar étimo apenas quando necessário,,,restrição sanguínea,,restrição sanguínea,,raiz,cardiovascular_hematologico,,cardiovascular;hematologico,3,3,2,0,23,nucleo,isquemia,,,,,,,,restrição sanguínea,A forma sugere sentido; não fecha diagnóstico.,"OpenRN Medical Terminology 2e, cap. 1, NCBI Bookshelf NBK607453 (CC BY 4.0); OpenRN Medical Terminology 2e, NCBI Bookshelf NBK607454 (CC BY 4.0); Prompt mestre do usuário, corpus-base de terminologia médica, 2026-07-17",alta,candidato_validado_automaticamente,card_proprio,etim-v2-rai-isquem-o,sim,reconhecimento,1,,,etim_uid::etim-v2-rai-isquem-o;terminologia::nivel::nucleo;terminologia::tipo::raiz,Texto PT-BR; forma citada preservada.
etim-v2-rai-esfigm-o,esfigm/o,sphygm/o,sphygm/o,morfema,raiz,greco-latina; confirmar étimo apenas quando necessário,,,pulso,,pulso,,raiz,cardiovascular_hematologico,,cardiovascular;hematologico,3,3,2,0,23,nucleo,esfigmomanômetro,,,,,,,,pulso,A forma sugere sentido; não fecha diagnóstico.,"OpenRN Medical Terminology 2e, cap. 1, NCBI Bookshelf NBK607453 (CC BY 4.0); OpenRN Medical Terminology 2e, NCBI Bookshelf NBK607454 (CC BY 4.0); Prompt mestre do usuário, corpus-base de terminologia médica, 2026-07-17",alta,candidato_validado_automaticamente,card_proprio,etim-v2-rai-esfigm-o,sim,reconhecimento,1,,,etim_uid::etim-v2-rai-esfigm-o;terminologia::nivel::nucleo;terminologia::tipo::raiz,Texto PT-BR; forma citada preservada.
etim-v2-rai-valv-o,valv/o,,,morfema,raiz,greco-latina; confirmar étimo apenas quando necessário,,,válvula,,válvula,,raiz,cardiovascular_hematologico,,cardiovascular;hematologico,3,3,2,0,23,nucleo,valvoplastia,,,,,,,,válvula,A forma sugere sentido; não fecha diagnóstico.,"OpenRN Medical Terminology 2e, cap. 1, NCBI Bookshelf NBK607453 (CC BY 4.0); OpenRN Medical Terminology 2e, NCBI Bookshelf NBK607454 (CC BY 4.0); Prompt mestre do usuário, corpus-base de terminologia médica, 2026-07-17",alta,candidato_validado_automaticamente,card_proprio,etim-v2-rai-valv-o,sim,reconhecimento,1,,,etim_uid::etim-v2-rai-valv-o;terminologia::nivel::nucleo;terminologia::tipo::raiz,Texto PT-BR; forma citada preservada.
etim-v2-rai-valvul-o,valvul/o,,,morfema,raiz,greco-latina; confirmar étimo apenas quando necessário,,,válvula,,válvula,,raiz,cardiovascular_hematologico,,cardiovascular;hematologico,3,3,2,0,23,nucleo,valvulopatia,,,,,,,,válvula,A forma sugere sentido; não fecha diagnóstico.,"OpenRN Medical Terminology 2e, cap. 1, NCBI Bookshelf NBK607453 (CC BY 4.0); OpenRN Medical Terminology 2e, NCBI Bookshelf NBK607454 (CC BY 4.0); Prompt mestre do usuário, corpus-base de terminologia médica, 2026-07-17",alta,candidato_validado_automaticamente,card_proprio,etim-v2-rai-valvul-o,sim,reconhecimento,1,,,etim_uid::etim-v2-rai-valvul-o;terminologia::nivel::nucleo;terminologia::tipo::raiz,Texto PT-BR; forma citada preservada.
etim-v2-rai-sept-o,sept/o,,,morfema,raiz,greco-latina; confirmar étimo apenas quando necessário,,,septo,,septo,,raiz,cardiovascular_hematologico,,cardiovascular;hematologico,3,3,2,0,23,nucleo,septal,,,,,,,,septo,A forma sugere sentido; não fecha diagnóstico.,"OpenRN Medical Terminology 2e, cap. 1, NCBI Bookshelf NBK607453 (CC BY 4.0); OpenRN Medical Terminology 2e, NCBI Bookshelf NBK607454 (CC BY 4.0); Prompt mestre do usuário, corpus-base de terminologia médica, 2026-07-17",alta,candidato_validado_automaticamente,card_proprio,etim-v2-rai-sept-o,sim,reconhecimento,1,,,etim_uid::etim-v2-rai-sept-o;terminologia::nivel::nucleo;terminologia::tipo::raiz,Texto PT-BR; forma citada preservada.
etim-v2-rai-endocardi-o,endocardi/o,,,morfema,raiz,greco-latina; confirmar étimo apenas quando necessário,,,endocárdio,,endocárdio,,raiz,cardiovascular_hematologico,,cardiovascular;hematologico,3,3,2,0,23,nucleo,endocardite,,,,,,,,endocárdio,A forma sugere sentido; não fecha diagnóstico.,"OpenRN Medical Terminology 2e, cap. 1, NCBI Bookshelf NBK607453 (CC BY 4.0); OpenRN Medical Terminology 2e, NCBI Bookshelf NBK607454 (CC BY 4.0); Prompt mestre do usuário, corpus-base de terminologia médica, 2026-07-17",alta,candidato_validado_automaticamente,card_proprio,etim-v2-rai-endocardi-o,sim,reconhecimento,1,,,etim_uid::etim-v2-rai-endocardi-o;terminologia::nivel::nucleo;terminologia::tipo::raiz,Texto PT-BR; forma citada preservada.
etim-v2-rai-myocardi-o,myocardi/o,,,morfema,raiz,greco-latina; confirmar étimo apenas quando necessário,,,miocárdio,,miocárdio,,raiz,cardiovascular_hematologico,,cardiovascular;hematologico,3,3,2,0,23,nucleo,miocardiopatia,,,,,,,,miocárdio,A forma sugere sentido; não fecha diagnóstico.,"OpenRN Medical Terminology 2e, cap. 1, NCBI Bookshelf NBK607453 (CC BY 4.0); OpenRN Medical Terminology 2e, NCBI Bookshelf NBK607454 (CC BY 4.0); Prompt mestre do usuário, corpus-base de terminologia médica, 2026-07-17",alta,candidato_validado_automaticamente,card_proprio,etim-v2-rai-myocardi-o,sim,reconhecimento,1,,,etim_uid::etim-v2-rai-myocardi-o;terminologia::nivel::nucleo;terminologia::tipo::raiz,Texto PT-BR; forma citada preservada.
etim-v2-rai-pericardi-o,pericardi/o,,,morfema,raiz,greco-latina; confirmar étimo apenas quando necessário,,,pericárdio,,pericárdio,,raiz,cardiovascular_hematologico,,cardiovascular;hematologico,3,3,2,0,23,nucleo,pericardite,,,,,,,,pericárdio,A forma sugere sentido; não fecha diagnóstico.,"OpenRN Medical Terminology 2e, cap. 1, NCBI Bookshelf NBK607453 (CC BY 4.0); OpenRN Medical Terminology 2e, NCBI Bookshelf NBK607454 (CC BY 4.0); Prompt mestre do usuário, corpus-base de terminologia médica, 2026-07-17",alta,candidato_validado_automaticamente,card_proprio,etim-v2-rai-pericardi-o,sim,reconhecimento,1,,,etim_uid::etim-v2-rai-pericardi-o;terminologia::nivel::nucleo;terminologia::tipo::raiz,Texto PT-BR; forma citada preservada.
etim-v2-rai-atri-o,atri/o,,,morfema,raiz,greco-latina; confirmar étimo apenas quando necessário,,,átrio,,átrio,,raiz,cardiovascular_hematologico,,cardiovascular;hematologico,3,3,2,0,23,nucleo,atrioventricular,,,,,,,,átrio,A forma sugere sentido; não fecha diagnóstico.,"OpenRN Medical Terminology 2e, cap. 1, NCBI Bookshelf NBK607453 (CC BY 4.0); OpenRN Medical Terminology 2e, NCBI Bookshelf NBK607454 (CC BY 4.0); Prompt mestre do usuário, corpus-base de terminologia médica, 2026-07-17",alta,candidato_validado_automaticamente,card_proprio,etim-v2-rai-atri-o,sim,reconhecimento,1,,,etim_uid::etim-v2-rai-atri-o;terminologia::nivel::nucleo;terminologia::tipo::raiz,Texto PT-BR; forma citada preservada.
etim-v2-rai-ventricul-o,ventricul/o,,,morfema,raiz,greco-latina; confirmar étimo apenas quando necessário,,,ventrículo,,ventrículo,,raiz,cardiovascular_hematologico,,cardiovascular;hematologico,3,2,2,0,20,nucleo,ventricular,,,,,,,,ventrículo,A forma sugere sentido; não fecha diagnóstico.,"OpenRN Medical Terminology 2e, cap. 1, NCBI Bookshelf NBK607453 (CC BY 4.0); OpenRN Medical Terminology 2e, NCBI Bookshelf NBK607454 (CC BY 4.0); Prompt mestre do usuário, corpus-base de terminologia médica, 2026-07-17",alta,candidato_validado_automaticamente,card_proprio,etim-v2-rai-ventricul-o,sim,reconhecimento,1,,,etim_uid::etim-v2-rai-ventricul-o;terminologia::nivel::nucleo;terminologia::tipo::raiz,Texto PT-BR; forma citada preservada.
etim-v2-rai-coagul-o,coagul/o,,,morfema,raiz,greco-latina; confirmar étimo apenas quando necessário,,,coagulação,,coagulação,,raiz,cardiovascular_hematologico,,cardiovascular;hematologico,3,2,2,0,20,nucleo,coagulopatia,,,,,,,,coagulação,A forma sugere sentido; não fecha diagnóstico.,"OpenRN Medical Terminology 2e, cap. 1, NCBI Bookshelf NBK607453 (CC BY 4.0); OpenRN Medical Terminology 2e, NCBI Bookshelf NBK607454 (CC BY 4.0); Prompt mestre do usuário, corpus-base de terminologia médica, 2026-07-17",alta,candidato_validado_automaticamente,card_proprio,etim-v2-rai-coagul-o,sim,reconhecimento,1,,,etim_uid::etim-v2-rai-coagul-o;terminologia::nivel::nucleo;terminologia::tipo::raiz,Texto PT-BR; forma citada preservada.
etim-v2-rai-fibrin-o,fibrin/o,,,morfema,raiz,greco-latina; confirmar étimo apenas quando necessário,,,fibrina,,fibrina,,raiz,cardiovascular_hematologico,,cardiovascular;hematologico,3,2,2,0,20,nucleo,fibrinólise,,,,,,,,fibrina,A forma sugere sentido; não fecha diagnóstico.,"OpenRN Medical Terminology 2e, cap. 1, NCBI Bookshelf NBK607453 (CC BY 4.0); OpenRN Medical Terminology 2e, NCBI Bookshelf NBK607454 (CC BY 4.0); Prompt mestre do usuário, corpus-base de terminologia médica, 2026-07-17",alta,candidato_validado_automaticamente,card_proprio,etim-v2-rai-fibrin-o,sim,reconhecimento,1,,,etim_uid::etim-v2-rai-fibrin-o;terminologia::nivel::nucleo;terminologia::tipo::raiz,Texto PT-BR; forma citada preservada.
etim-v2-rai-sider-o,sider/o,,,morfema,raiz,greco-latina; confirmar étimo apenas quando necessário,,,ferro,,ferro,,raiz,cardiovascular_hematologico,,cardiovascular;hematologico,3,2,2,0,20,nucleo,sideropenia,,,,,,,,ferro,A forma sugere sentido; não fecha diagnóstico.,"OpenRN Medical Terminology 2e, cap. 1, NCBI Bookshelf NBK607453 (CC BY 4.0); OpenRN Medical Terminology 2e, NCBI Bookshelf NBK607454 (CC BY 4.0); Prompt mestre do usuário, corpus-base de terminologia médica, 2026-07-17",alta,candidato_validado_automaticamente,card_proprio,etim-v2-rai-sider-o,sim,reconhecimento,1,,,etim_uid::etim-v2-rai-sider-o;terminologia::nivel::nucleo;terminologia::tipo::raiz,Texto PT-BR; forma citada preservada.
etim-v2-rai-ferr-o,ferr/o,,,morfema,raiz,greco-latina; confirmar étimo apenas quando necessário,,,ferro,,ferro,,raiz,cardiovascular_hematologico,,cardiovascular;hematologico,3,2,2,0,20,nucleo,ferritina,,,,,,,,ferro,A forma sugere sentido; não fecha diagnóstico.,"OpenRN Medical Terminology 2e, cap. 1, NCBI Bookshelf NBK607453 (CC BY 4.0); OpenRN Medical Terminology 2e, NCBI Bookshelf NBK607454 (CC BY 4.0); Prompt mestre do usuário, corpus-base de terminologia médica, 2026-07-17",alta,candidato_validado_automaticamente,card_proprio,etim-v2-rai-ferr-o,sim,reconhecimento,1,,,etim_uid::etim-v2-rai-ferr-o;terminologia::nivel::nucleo;terminologia::tipo::raiz,Texto PT-BR; forma citada preservada.
etim-v2-rai-rin-o,rin/o,rhin/o,rhin/o,morfema,raiz,greco-latina; confirmar étimo apenas quando necessário,,,nariz,,nariz,,raiz,respiratorio,,respiratorio,3,3,2,0,23,nucleo,rinite,,,,,,,,nariz,A forma sugere sentido; não fecha diagnóstico.,"OpenRN Medical Terminology 2e, cap. 1, NCBI Bookshelf NBK607453 (CC BY 4.0); OpenRN Medical Terminology 2e, NCBI Bookshelf NBK607454 (CC BY 4.0); Prompt mestre do usuário, corpus-base de terminologia médica, 2026-07-17",alta,candidato_validado_automaticamente,card_proprio,etim-v2-rai-rin-o,sim,reconhecimento,1,,,etim_uid::etim-v2-rai-rin-o;terminologia::nivel::nucleo;terminologia::tipo::raiz,Texto PT-BR; forma citada preservada.
etim-v2-rai-nas-o,nas/o,,,morfema,raiz,greco-latina; confirmar étimo apenas quando necessário,,,nariz,,nariz,,raiz,respiratorio,,respiratorio,3,3,2,0,23,nucleo,nasogástrico,,,,,,,,nariz,A forma sugere sentido; não fecha diagnóstico.,"OpenRN Medical Terminology 2e, cap. 1, NCBI Bookshelf NBK607453 (CC BY 4.0); OpenRN Medical Terminology 2e, NCBI Bookshelf NBK607454 (CC BY 4.0); Prompt mestre do usuário, corpus-base de terminologia médica, 2026-07-17",alta,candidato_validado_automaticamente,card_proprio,etim-v2-rai-nas-o,sim,reconhecimento,1,,,etim_uid::etim-v2-rai-nas-o;terminologia::nivel::nucleo;terminologia::tipo::raiz,Texto PT-BR; forma citada preservada.
etim-v2-rai-sinus-o,sinus/o,,,morfema,raiz,greco-latina; confirmar étimo apenas quando necessário,,,seio,,seio,,raiz,respiratorio,,respiratorio,3,3,2,0,23,nucleo,sinusite,,,,,,,,seio,A forma sugere sentido; não fecha diagnóstico.,"OpenRN Medical Terminology 2e, cap. 1, NCBI Bookshelf NBK607453 (CC BY 4.0); OpenRN Medical Terminology 2e, NCBI Bookshelf NBK607454 (CC BY 4.0); Prompt mestre do usuário, corpus-base de terminologia médica, 2026-07-17",alta,candidato_validado_automaticamente,card_proprio,etim-v2-rai-sinus-o,sim,reconhecimento,1,,,etim_uid::etim-v2-rai-sinus-o;terminologia::nivel::nucleo;terminologia::tipo::raiz,Texto PT-BR; forma citada preservada.
etim-v2-rai-faring-o,faring/o,pharyng/o,pharyng/o,morfema,raiz,greco-latina; confirmar étimo apenas quando necessário,,,faringe,,faringe,,raiz,respiratorio,,respiratorio,3,3,2,0,23,nucleo,faringite,,,,,,,,faringe,A forma sugere sentido; não fecha diagnóstico.,"OpenRN Medical Terminology 2e, cap. 1, NCBI Bookshelf NBK607453 (CC BY 4.0); OpenRN Medical Terminology 2e, NCBI Bookshelf NBK607454 (CC BY 4.0); Prompt mestre do usuário, corpus-base de terminologia médica, 2026-07-17",alta,candidato_validado_automaticamente,card_proprio,etim-v2-rai-faring-o,sim,reconhecimento,1,,,etim_uid::etim-v2-rai-faring-o;terminologia::nivel::nucleo;terminologia::tipo::raiz,Texto PT-BR; forma citada preservada.
etim-v2-rai-laring-o,laring/o,laryng/o,laryng/o,morfema,raiz,greco-latina; confirmar étimo apenas quando necessário,,,laringe,,laringe,,raiz,respiratorio,,respiratorio,3,3,2,0,23,nucleo,laringoscopia,,,,,,,,laringe,A forma sugere sentido; não fecha diagnóstico.,"OpenRN Medical Terminology 2e, cap. 1, NCBI Bookshelf NBK607453 (CC BY 4.0); OpenRN Medical Terminology 2e, NCBI Bookshelf NBK607454 (CC BY 4.0); Prompt mestre do usuário, corpus-base de terminologia médica, 2026-07-17",alta,candidato_validado_automaticamente,card_proprio,etim-v2-rai-laring-o,sim,reconhecimento,1,,,etim_uid::etim-v2-rai-laring-o;terminologia::nivel::nucleo;terminologia::tipo::raiz,Texto PT-BR; forma citada preservada.
etim-v2-rai-traque-o,traque/o,trache/o,trache/o,morfema,raiz,greco-latina; confirmar étimo apenas quando necessário,,,traqueia,,traqueia,,raiz,respiratorio,,respiratorio,3,3,2,0,23,nucleo,traqueostomia,,,,,,,,traqueia,A forma sugere sentido; não fecha diagnóstico.,"OpenRN Medical Terminology 2e, cap. 1, NCBI Bookshelf NBK607453 (CC BY 4.0); OpenRN Medical Terminology 2e, NCBI Bookshelf NBK607454 (CC BY 4.0); Prompt mestre do usuário, corpus-base de terminologia médica, 2026-07-17",alta,candidato_validado_automaticamente,card_proprio,etim-v2-rai-traque-o,sim,reconhecimento,1,,,etim_uid::etim-v2-rai-traque-o;terminologia::nivel::nucleo;terminologia::tipo::raiz,Texto PT-BR; forma citada preservada.
etim-v2-rai-bronc-o,bronc/o,bronch/o,bronch/o,morfema,raiz,greco-latina; confirmar étimo apenas quando necessário,,,brônquio,,brônquio,,raiz,respiratorio,,respiratorio,3,3,2,0,23,nucleo,broncoscopia,,,,,,,,brônquio,A forma sugere sentido; não fecha diagnóstico.,"OpenRN Medical Terminology 2e, cap. 1, NCBI Bookshelf NBK607453 (CC BY 4.0); OpenRN Medical Terminology 2e, NCBI Bookshelf NBK607454 (CC BY 4.0); Prompt mestre do usuário, corpus-base de terminologia médica, 2026-07-17",alta,candidato_validado_automaticamente,card_proprio,etim-v2-rai-bronc-o,sim,reconhecimento,1,,,etim_uid::etim-v2-rai-bronc-o;terminologia::nivel::nucleo;terminologia::tipo::raiz,Texto PT-BR; forma citada preservada.
etim-v2-rai-bronchiol-o,bronchiol/o,,,morfema,raiz,greco-latina; confirmar étimo apenas quando necessário,,,bronquíolo,,bronquíolo,,raiz,respiratorio,,respiratorio,3,3,2,0,23,nucleo,bronquiolite,,,,,,,,bronquíolo,A forma sugere sentido; não fecha diagnóstico.,"OpenRN Medical Terminology 2e, cap. 1, NCBI Bookshelf NBK607453 (CC BY 4.0); OpenRN Medical Terminology 2e, NCBI Bookshelf NBK607454 (CC BY 4.0); Prompt mestre do usuário, corpus-base de terminologia médica, 2026-07-17",alta,candidato_validado_automaticamente,card_proprio,etim-v2-rai-bronchiol-o,sim,reconhecimento,1,,,etim_uid::etim-v2-rai-bronchiol-o;terminologia::nivel::nucleo;terminologia::tipo::raiz,Texto PT-BR; forma citada preservada.
etim-v2-rai-pneum-o,pneum/o,,,morfema,raiz,greco-latina; confirmar étimo apenas quando necessário,,,ar ou pulmão,,ar ou pulmão,,raiz,respiratorio,,respiratorio,3,3,2,1,25,nucleo,pneumotórax,,,,,,,,ar ou pulmão,A forma sugere sentido; não fecha diagnóstico.,"OpenRN Medical Terminology 2e, cap. 1, NCBI Bookshelf NBK607453 (CC BY 4.0); OpenRN Medical Terminology 2e, NCBI Bookshelf NBK607454 (CC BY 4.0); Prompt mestre do usuário, corpus-base de terminologia médica, 2026-07-17",alta,candidato_validado_automaticamente,card_proprio,etim-v2-rai-pneum-o,sim,reconhecimento,1,,,etim_uid::etim-v2-rai-pneum-o;terminologia::nivel::nucleo;terminologia::tipo::raiz,Texto PT-BR; forma citada preservada.
etim-v2-rai-pneumon-o,pneumon/o,,,morfema,raiz,greco-latina; confirmar étimo apenas quando necessário,,,pulmão,,pulmão,,raiz,respiratorio,,respiratorio,3,3,2,0,23,nucleo,pneumonia,,,,,,,,pulmão,A forma sugere sentido; não fecha diagnóstico.,"OpenRN Medical Terminology 2e, cap. 1, NCBI Bookshelf NBK607453 (CC BY 4.0); OpenRN Medical Terminology 2e, NCBI Bookshelf NBK607454 (CC BY 4.0); Prompt mestre do usuário, corpus-base de terminologia médica, 2026-07-17",alta,candidato_validado_automaticamente,card_proprio,etim-v2-rai-pneumon-o,sim,reconhecimento,1,,,etim_uid::etim-v2-rai-pneumon-o;terminologia::nivel::nucleo;terminologia::tipo::raiz,Texto PT-BR; forma citada preservada.
etim-v2-rai-pulmon-o,pulmon/o,,,morfema,raiz,greco-latina; confirmar étimo apenas quando necessário,,,pulmão,,pulmão,,raiz,respiratorio,,respiratorio,3,3,2,0,23,nucleo,pulmonar,,,,,,,,pulmão,A forma sugere sentido; não fecha diagnóstico.,"OpenRN Medical Terminology 2e, cap. 1, NCBI Bookshelf NBK607453 (CC BY 4.0); OpenRN Medical Terminology 2e, NCBI Bookshelf NBK607454 (CC BY 4.0); Prompt mestre do usuário, corpus-base de terminologia médica, 2026-07-17",alta,candidato_validado_automaticamente,card_proprio,etim-v2-rai-pulmon-o,sim,reconhecimento,1,,,etim_uid::etim-v2-rai-pulmon-o;terminologia::nivel::nucleo;terminologia::tipo::raiz,Texto PT-BR; forma citada preservada.
etim-v2-rai-pleur-o,pleur/o,,,morfema,raiz,greco-latina; confirmar étimo apenas quando necessário,,,pleura,,pleura,,raiz,respiratorio,,respiratorio,3,3,2,0,23,nucleo,pleurite,,,,,,,,pleura,A forma sugere sentido; não fecha diagnóstico.,"OpenRN Medical Terminology 2e, cap. 1, NCBI Bookshelf NBK607453 (CC BY 4.0); OpenRN Medical Terminology 2e, NCBI Bookshelf NBK607454 (CC BY 4.0); Prompt mestre do usuário, corpus-base de terminologia médica, 2026-07-17",alta,candidato_validado_automaticamente,card_proprio,etim-v2-rai-pleur-o,sim,reconhecimento,1,,,etim_uid::etim-v2-rai-pleur-o;terminologia::nivel::nucleo;terminologia::tipo::raiz,Texto PT-BR; forma citada preservada.
etim-v2-rai-alveol-o,alveol/o,,,morfema,raiz,greco-latina; confirmar étimo apenas quando necessário,,,alvéolo,,alvéolo,,raiz,respiratorio,,respiratorio,3,3,2,0,23,nucleo,alveolar,,,,,,,,alvéolo,A forma sugere sentido; não fecha diagnóstico.,"OpenRN Medical Terminology 2e, cap. 1, NCBI Bookshelf NBK607453 (CC BY 4.0); OpenRN Medical Terminology 2e, NCBI Bookshelf NBK607454 (CC BY 4.0); Prompt mestre do usuário, corpus-base de terminologia médica, 2026-07-17",alta,candidato_validado_automaticamente,card_proprio,etim-v2-rai-alveol-o,sim,reconhecimento,1,,,etim_uid::etim-v2-rai-alveol-o;terminologia::nivel::nucleo;terminologia::tipo::raiz,Texto PT-BR; forma citada preservada.
etim-v2-rai-torac-o,torac/o,thorac/o,thorac/o,morfema,raiz,greco-latina; confirmar étimo apenas quando necessário,,,tórax,,tórax,,raiz,respiratorio,,respiratorio,3,3,2,0,23,nucleo,toracotomia,,,,,,,,tórax,A forma sugere sentido; não fecha diagnóstico.,"OpenRN Medical Terminology 2e, cap. 1, NCBI Bookshelf NBK607453 (CC BY 4.0); OpenRN Medical Terminology 2e, NCBI Bookshelf NBK607454 (CC BY 4.0); Prompt mestre do usuário, corpus-base de terminologia médica, 2026-07-17",alta,candidato_validado_automaticamente,card_proprio,etim-v2-rai-torac-o,sim,reconhecimento,1,,,etim_uid::etim-v2-rai-torac-o;terminologia::nivel::nucleo;terminologia::tipo::raiz,Texto PT-BR; forma citada preservada.
etim-v2-rai-ox-i,ox/i,,,morfema,raiz,greco-latina; confirmar étimo apenas quando necessário,,,oxigênio,,oxigênio,,raiz,respiratorio,,respiratorio,3,3,2,0,23,nucleo,oximetria,,,,,,,,oxigênio,A forma sugere sentido; não fecha diagnóstico.,"OpenRN Medical Terminology 2e, cap. 1, NCBI Bookshelf NBK607453 (CC BY 4.0); OpenRN Medical Terminology 2e, NCBI Bookshelf NBK607454 (CC BY 4.0); Prompt mestre do usuário, corpus-base de terminologia médica, 2026-07-17",alta,candidato_validado_automaticamente,card_proprio,etim-v2-rai-ox-i,sim,reconhecimento,1,,,etim_uid::etim-v2-rai-ox-i;terminologia::nivel::nucleo;terminologia::tipo::raiz,Texto PT-BR; forma citada preservada.
etim-v2-rai-capn-o,capn/o,,,morfema,raiz,greco-latina; confirmar étimo apenas quando necessário,,,dióxido de carbono,,dióxido de carbono,,raiz,respiratorio,,respiratorio,3,3,2,0,23,nucleo,capnografia,,,,,,,,dióxido de carbono,A forma sugere sentido; não fecha diagnóstico.,"OpenRN Medical Terminology 2e, cap. 1, NCBI Bookshelf NBK607453 (CC BY 4.0); OpenRN Medical Terminology 2e, NCBI Bookshelf NBK607454 (CC BY 4.0); Prompt mestre do usuário, corpus-base de terminologia médica, 2026-07-17",alta,candidato_validado_automaticamente,card_proprio,etim-v2-rai-capn-o,sim,reconhecimento,1,,,etim_uid::etim-v2-rai-capn-o;terminologia::nivel::nucleo;terminologia::tipo::raiz,Texto PT-BR; forma citada preservada.
etim-v2-rai-spir-o,spir/o,,,morfema,raiz,greco-latina; confirmar étimo apenas quando necessário,,,respiração,,respiração,,raiz,respiratorio,,respiratorio,3,3,2,0,23,nucleo,espirometria,,,,,,,,respiração,A forma sugere sentido; não fecha diagnóstico.,"OpenRN Medical Terminology 2e, cap. 1, NCBI Bookshelf NBK607453 (CC BY 4.0); OpenRN Medical Terminology 2e, NCBI Bookshelf NBK607454 (CC BY 4.0); Prompt mestre do usuário, corpus-base de terminologia médica, 2026-07-17",alta,candidato_validado_automaticamente,card_proprio,etim-v2-rai-spir-o,sim,reconhecimento,1,,,etim_uid::etim-v2-rai-spir-o;terminologia::nivel::nucleo;terminologia::tipo::raiz,Texto PT-BR; forma citada preservada.
etim-v2-rai-respir-o,respir/o,,,morfema,raiz,greco-latina; confirmar étimo apenas quando necessário,,,respiração,,respiração,,raiz,respiratorio,,respiratorio,3,3,2,0,23,nucleo,respiratório,,,,,,,,respiração,A forma sugere sentido; não fecha diagnóstico.,"OpenRN Medical Terminology 2e, cap. 1, NCBI Bookshelf NBK607453 (CC BY 4.0); OpenRN Medical Terminology 2e, NCBI Bookshelf NBK607454 (CC BY 4.0); Prompt mestre do usuário, corpus-base de terminologia médica, 2026-07-17",alta,candidato_validado_automaticamente,card_proprio,etim-v2-rai-respir-o,sim,reconhecimento,1,,,etim_uid::etim-v2-rai-respir-o;terminologia::nivel::nucleo;terminologia::tipo::raiz,Texto PT-BR; forma citada preservada.
etim-v2-rai-diafragmat-o,diafragmat/o,diaphragmat/o,diaphragmat/o,morfema,raiz,greco-latina; confirmar étimo apenas quando necessário,,,diafragma,,diafragma,,raiz,respiratorio,,respiratorio,3,3,2,0,23,nucleo,diafragmático,,,,,,,,diafragma,A forma sugere sentido; não fecha diagnóstico.,"OpenRN Medical Terminology 2e, cap. 1, NCBI Bookshelf NBK607453 (CC BY 4.0); OpenRN Medical Terminology 2e, NCBI Bookshelf NBK607454 (CC BY 4.0); Prompt mestre do usuário, corpus-base de terminologia médica, 2026-07-17",alta,candidato_validado_automaticamente,card_proprio,etim-v2-rai-diafragmat-o,sim,reconhecimento,1,,,etim_uid::etim-v2-rai-diafragmat-o;terminologia::nivel::nucleo;terminologia::tipo::raiz,Texto PT-BR; forma citada preservada.
etim-v2-rai-mediastin-o,mediastin/o,,,morfema,raiz,greco-latina; confirmar étimo apenas quando necessário,,,mediastino,,mediastino,,raiz,respiratorio,,respiratorio,3,3,2,0,23,nucleo,mediastinoscopia,,,,,,,,mediastino,A forma sugere sentido; não fecha diagnóstico.,"OpenRN Medical Terminology 2e, cap. 1, NCBI Bookshelf NBK607453 (CC BY 4.0); OpenRN Medical Terminology 2e, NCBI Bookshelf NBK607454 (CC BY 4.0); Prompt mestre do usuário, corpus-base de terminologia médica, 2026-07-17",alta,candidato_validado_automaticamente,card_proprio,etim-v2-rai-mediastin-o,sim,reconhecimento,1,,,etim_uid::etim-v2-rai-mediastin-o;terminologia::nivel::nucleo;terminologia::tipo::raiz,Texto PT-BR; forma citada preservada.
etim-v2-rai-lob-o,lob/o,,,morfema,raiz,greco-latina; confirmar étimo apenas quando necessário,,,lobo,,lobo,,raiz,respiratorio,,respiratorio,3,3,2,0,23,nucleo,lobectomia,,,,,,,,lobo,A forma sugere sentido; não fecha diagnóstico.,"OpenRN Medical Terminology 2e, cap. 1, NCBI Bookshelf NBK607453 (CC BY 4.0); OpenRN Medical Terminology 2e, NCBI Bookshelf NBK607454 (CC BY 4.0); Prompt mestre do usuário, corpus-base de terminologia médica, 2026-07-17",alta,candidato_validado_automaticamente,card_proprio,etim-v2-rai-lob-o,sim,reconhecimento,1,,,etim_uid::etim-v2-rai-lob-o;terminologia::nivel::nucleo;terminologia::tipo::raiz,Texto PT-BR; forma citada preservada.
etim-v2-rai-hil-o,hil/o,,,morfema,raiz,greco-latina; confirmar étimo apenas quando necessário,,,hilo,,hilo,,raiz,respiratorio,,respiratorio,3,3,2,0,23,nucleo,hilar,,,,,,,,hilo,A forma sugere sentido; não fecha diagnóstico.,"OpenRN Medical Terminology 2e, cap. 1, NCBI Bookshelf NBK607453 (CC BY 4.0); OpenRN Medical Terminology 2e, NCBI Bookshelf NBK607454 (CC BY 4.0); Prompt mestre do usuário, corpus-base de terminologia médica, 2026-07-17",alta,candidato_validado_automaticamente,card_proprio,etim-v2-rai-hil-o,sim,reconhecimento,1,,,etim_uid::etim-v2-rai-hil-o;terminologia::nivel::nucleo;terminologia::tipo::raiz,Texto PT-BR; forma citada preservada.
etim-v2-rai-or-o,or/o,,,morfema,raiz,greco-latina; confirmar étimo apenas quando necessário,,,boca,,boca,,raiz,gastro_hepatobiliar,,gastro;hepatobiliar,3,3,2,0,23,nucleo,oral,,,,,,,,boca,A forma sugere sentido; não fecha diagnóstico.,"OpenRN Medical Terminology 2e, cap. 1, NCBI Bookshelf NBK607453 (CC BY 4.0); OpenRN Medical Terminology 2e, NCBI Bookshelf NBK607454 (CC BY 4.0); Prompt mestre do usuário, corpus-base de terminologia médica, 2026-07-17",alta,candidato_validado_automaticamente,card_proprio,etim-v2-rai-or-o,sim,reconhecimento,1,,,etim_uid::etim-v2-rai-or-o;terminologia::nivel::nucleo;terminologia::tipo::raiz,Texto PT-BR; forma citada preservada.
etim-v2-rai-stomat-o,stomat/o,,,morfema,raiz,greco-latina; confirmar étimo apenas quando necessário,,,boca,,boca,,raiz,gastro_hepatobiliar,,gastro;hepatobiliar,3,3,2,0,23,nucleo,estomatite,,,,,,,,boca,A forma sugere sentido; não fecha diagnóstico.,"OpenRN Medical Terminology 2e, cap. 1, NCBI Bookshelf NBK607453 (CC BY 4.0); OpenRN Medical Terminology 2e, NCBI Bookshelf NBK607454 (CC BY 4.0); Prompt mestre do usuário, corpus-base de terminologia médica, 2026-07-17",alta,candidato_validado_automaticamente,card_proprio,etim-v2-rai-stomat-o,sim,reconhecimento,1,,,etim_uid::etim-v2-rai-stomat-o;terminologia::nivel::nucleo;terminologia::tipo::raiz,Texto PT-BR; forma citada preservada.
etim-v2-rai-odont-o,odont/o,,,morfema,raiz,greco-latina; confirmar étimo apenas quando necessário,,,dente,,dente,,raiz,gastro_hepatobiliar,,gastro;hepatobiliar,3,3,2,0,23,nucleo,odontologia,,,,,,,,dente,A forma sugere sentido; não fecha diagnóstico.,"OpenRN Medical Terminology 2e, cap. 1, NCBI Bookshelf NBK607453 (CC BY 4.0); OpenRN Medical Terminology 2e, NCBI Bookshelf NBK607454 (CC BY 4.0); Prompt mestre do usuário, corpus-base de terminologia médica, 2026-07-17",alta,candidato_validado_automaticamente,card_proprio,etim-v2-rai-odont-o,sim,reconhecimento,1,,,etim_uid::etim-v2-rai-odont-o;terminologia::nivel::nucleo;terminologia::tipo::raiz,Texto PT-BR; forma citada preservada.
etim-v2-rai-dent-o,dent/o,,,morfema,raiz,greco-latina; confirmar étimo apenas quando necessário,,,dente,,dente,,raiz,gastro_hepatobiliar,,gastro;hepatobiliar,3,3,2,0,23,nucleo,dental,,,,,,,,dente,A forma sugere sentido; não fecha diagnóstico.,"OpenRN Medical Terminology 2e, cap. 1, NCBI Bookshelf NBK607453 (CC BY 4.0); OpenRN Medical Terminology 2e, NCBI Bookshelf NBK607454 (CC BY 4.0); Prompt mestre do usuário, corpus-base de terminologia médica, 2026-07-17",alta,candidato_validado_automaticamente,card_proprio,etim-v2-rai-dent-o,sim,reconhecimento,1,,,etim_uid::etim-v2-rai-dent-o;terminologia::nivel::nucleo;terminologia::tipo::raiz,Texto PT-BR; forma citada preservada.
etim-v2-rai-gloss-o,gloss/o,,,morfema,raiz,greco-latina; confirmar étimo apenas quando necessário,,,língua,,língua,,raiz,gastro_hepatobiliar,,gastro;hepatobiliar,3,3,2,0,23,nucleo,glossite,,,,,,,,língua,A forma sugere sentido; não fecha diagnóstico.,"OpenRN Medical Terminology 2e, cap. 1, NCBI Bookshelf NBK607453 (CC BY 4.0); OpenRN Medical Terminology 2e, NCBI Bookshelf NBK607454 (CC BY 4.0); Prompt mestre do usuário, corpus-base de terminologia médica, 2026-07-17",alta,candidato_validado_automaticamente,card_proprio,etim-v2-rai-gloss-o,sim,reconhecimento,1,,,etim_uid::etim-v2-rai-gloss-o;terminologia::nivel::nucleo;terminologia::tipo::raiz,Texto PT-BR; forma citada preservada.
etim-v2-rai-lingu-o,lingu/o,,,morfema,raiz,greco-latina; confirmar étimo apenas quando necessário,,,língua,,língua,,raiz,gastro_hepatobiliar,,gastro;hepatobiliar,3,3,2,0,23,nucleo,sublingual,,,,,,,,língua,A forma sugere sentido; não fecha diagnóstico.,"OpenRN Medical Terminology 2e, cap. 1, NCBI Bookshelf NBK607453 (CC BY 4.0); OpenRN Medical Terminology 2e, NCBI Bookshelf NBK607454 (CC BY 4.0); Prompt mestre do usuário, corpus-base de terminologia médica, 2026-07-17",alta,candidato_validado_automaticamente,card_proprio,etim-v2-rai-lingu-o,sim,reconhecimento,1,,,etim_uid::etim-v2-rai-lingu-o;terminologia::nivel::nucleo;terminologia::tipo::raiz,Texto PT-BR; forma citada preservada.
etim-v2-rai-sial-o,sial/o,,,morfema,raiz,greco-latina; confirmar étimo apenas quando necessário,,,saliva,,saliva,,raiz,gastro_hepatobiliar,,gastro;hepatobiliar,3,3,2,0,23,nucleo,sialorreia,,,,,,,,saliva,A forma sugere sentido; não fecha diagnóstico.,"OpenRN Medical Terminology 2e, cap. 1, NCBI Bookshelf NBK607453 (CC BY 4.0); OpenRN Medical Terminology 2e, NCBI Bookshelf NBK607454 (CC BY 4.0); Prompt mestre do usuário, corpus-base de terminologia médica, 2026-07-17",alta,candidato_validado_automaticamente,card_proprio,etim-v2-rai-sial-o,sim,reconhecimento,1,,,etim_uid::etim-v2-rai-sial-o;terminologia::nivel::nucleo;terminologia::tipo::raiz,Texto PT-BR; forma citada preservada.
etim-v2-rai-esofag-o,esofag/o,esophag/o,esophag/o,morfema,raiz,greco-latina; confirmar étimo apenas quando necessário,,,esôfago,,esôfago,,raiz,gastro_hepatobiliar,,gastro;hepatobiliar,3,3,2,0,23,nucleo,esofagite,,,,,,,,esôfago,A forma sugere sentido; não fecha diagnóstico.,"OpenRN Medical Terminology 2e, cap. 1, NCBI Bookshelf NBK607453 (CC BY 4.0); OpenRN Medical Terminology 2e, NCBI Bookshelf NBK607454 (CC BY 4.0); Prompt mestre do usuário, corpus-base de terminologia médica, 2026-07-17",alta,candidato_validado_automaticamente,card_proprio,etim-v2-rai-esofag-o,sim,reconhecimento,1,,,etim_uid::etim-v2-rai-esofag-o;terminologia::nivel::nucleo;terminologia::tipo::raiz,Texto PT-BR; forma citada preservada.
etim-v2-rai-gastr-o,gastr/o,,,morfema,raiz,greco-latina; confirmar étimo apenas quando necessário,,,estômago,,estômago,,raiz,gastro_hepatobiliar,,gastro;hepatobiliar,3,3,2,0,23,nucleo,gastrite,,,,,,,,estômago,A forma sugere sentido; não fecha diagnóstico.,"OpenRN Medical Terminology 2e, cap. 1, NCBI Bookshelf NBK607453 (CC BY 4.0); OpenRN Medical Terminology 2e, NCBI Bookshelf NBK607454 (CC BY 4.0); Prompt mestre do usuário, corpus-base de terminologia médica, 2026-07-17",alta,candidato_validado_automaticamente,card_proprio,etim-v2-rai-gastr-o,sim,reconhecimento,1,,,etim_uid::etim-v2-rai-gastr-o;terminologia::nivel::nucleo;terminologia::tipo::raiz,Texto PT-BR; forma citada preservada.
etim-v2-rai-enter-o,enter/o,,,morfema,raiz,greco-latina; confirmar étimo apenas quando necessário,,,intestino,,intestino,,raiz,gastro_hepatobiliar,,gastro;hepatobiliar,3,3,2,0,23,nucleo,enterite,,,,,,,,intestino,A forma sugere sentido; não fecha diagnóstico.,"OpenRN Medical Terminology 2e, cap. 1, NCBI Bookshelf NBK607453 (CC BY 4.0); OpenRN Medical Terminology 2e, NCBI Bookshelf NBK607454 (CC BY 4.0); Prompt mestre do usuário, corpus-base de terminologia médica, 2026-07-17",alta,candidato_validado_automaticamente,card_proprio,etim-v2-rai-enter-o,sim,reconhecimento,1,,,etim_uid::etim-v2-rai-enter-o;terminologia::nivel::nucleo;terminologia::tipo::raiz,Texto PT-BR; forma citada preservada.
etim-v2-rai-duoden-o,duoden/o,,,morfema,raiz,greco-latina; confirmar étimo apenas quando necessário,,,duodeno,,duodeno,,raiz,gastro_hepatobiliar,,gastro;hepatobiliar,3,3,2,0,23,nucleo,duodenite,,,,,,,,duodeno,A forma sugere sentido; não fecha diagnóstico.,"OpenRN Medical Terminology 2e, cap. 1, NCBI Bookshelf NBK607453 (CC BY 4.0); OpenRN Medical Terminology 2e, NCBI Bookshelf NBK607454 (CC BY 4.0); Prompt mestre do usuário, corpus-base de terminologia médica, 2026-07-17",alta,candidato_validado_automaticamente,card_proprio,etim-v2-rai-duoden-o,sim,reconhecimento,1,,,etim_uid::etim-v2-rai-duoden-o;terminologia::nivel::nucleo;terminologia::tipo::raiz,Texto PT-BR; forma citada preservada.
etim-v2-rai-jejun-o,jejun/o,,,morfema,raiz,greco-latina; confirmar étimo apenas quando necessário,,,jejuno,,jejuno,,raiz,gastro_hepatobiliar,,gastro;hepatobiliar,3,3,2,0,23,nucleo,jejunostomia,,,,,,,,jejuno,A forma sugere sentido; não fecha diagnóstico.,"OpenRN Medical Terminology 2e, cap. 1, NCBI Bookshelf NBK607453 (CC BY 4.0); OpenRN Medical Terminology 2e, NCBI Bookshelf NBK607454 (CC BY 4.0); Prompt mestre do usuário, corpus-base de terminologia médica, 2026-07-17",alta,candidato_validado_automaticamente,card_proprio,etim-v2-rai-jejun-o,sim,reconhecimento,1,,,etim_uid::etim-v2-rai-jejun-o;terminologia::nivel::nucleo;terminologia::tipo::raiz,Texto PT-BR; forma citada preservada.
etim-v2-rai-ile-o,ile/o,,,morfema,raiz,greco-latina; confirmar étimo apenas quando necessário,,,íleo,,íleo,,raiz,gastro_hepatobiliar,,gastro;hepatobiliar,3,3,2,0,23,nucleo,ileostomia,,,,,,,,íleo,A forma sugere sentido; não fecha diagnóstico.,"OpenRN Medical Terminology 2e, cap. 1, NCBI Bookshelf NBK607453 (CC BY 4.0); OpenRN Medical Terminology 2e, NCBI Bookshelf NBK607454 (CC BY 4.0); Prompt mestre do usuário, corpus-base de terminologia médica, 2026-07-17",alta,candidato_validado_automaticamente,card_proprio,etim-v2-rai-ile-o,sim,reconhecimento,1,,,etim_uid::etim-v2-rai-ile-o;terminologia::nivel::nucleo;terminologia::tipo::raiz,Texto PT-BR; forma citada preservada.
etim-v2-rai-cec-o,cec/o,,,morfema,raiz,greco-latina; confirmar étimo apenas quando necessário,,,ceco,,ceco,,raiz,gastro_hepatobiliar,,gastro;hepatobiliar,3,3,2,0,23,nucleo,cecostomia,,,,,,,,ceco,A forma sugere sentido; não fecha diagnóstico.,"OpenRN Medical Terminology 2e, cap. 1, NCBI Bookshelf NBK607453 (CC BY 4.0); OpenRN Medical Terminology 2e, NCBI Bookshelf NBK607454 (CC BY 4.0); Prompt mestre do usuário, corpus-base de terminologia médica, 2026-07-17",alta,candidato_validado_automaticamente,card_proprio,etim-v2-rai-cec-o,sim,reconhecimento,1,,,etim_uid::etim-v2-rai-cec-o;terminologia::nivel::nucleo;terminologia::tipo::raiz,Texto PT-BR; forma citada preservada.
etim-v2-rai-appendic-o,appendic/o,,,morfema,raiz,greco-latina; confirmar étimo apenas quando necessário,,,apêndice,,apêndice,,raiz,gastro_hepatobiliar,,gastro;hepatobiliar,3,3,2,0,23,nucleo,apendicite,,,,,,,,apêndice,A forma sugere sentido; não fecha diagnóstico.,"OpenRN Medical Terminology 2e, cap. 1, NCBI Bookshelf NBK607453 (CC BY 4.0); OpenRN Medical Terminology 2e, NCBI Bookshelf NBK607454 (CC BY 4.0); Prompt mestre do usuário, corpus-base de terminologia médica, 2026-07-17",alta,candidato_validado_automaticamente,card_proprio,etim-v2-rai-appendic-o,sim,reconhecimento,1,,,etim_uid::etim-v2-rai-appendic-o;terminologia::nivel::nucleo;terminologia::tipo::raiz,Texto PT-BR; forma citada preservada.
etim-v2-rai-col-o,col/o,,,morfema,raiz,greco-latina; confirmar étimo apenas quando necessário,,,cólon,,cólon,,raiz,gastro_hepatobiliar,,gastro;hepatobiliar,3,3,2,0,23,nucleo,colite,,,,,,,,cólon,A forma sugere sentido; não fecha diagnóstico.,"OpenRN Medical Terminology 2e, cap. 1, NCBI Bookshelf NBK607453 (CC BY 4.0); OpenRN Medical Terminology 2e, NCBI Bookshelf NBK607454 (CC BY 4.0); Prompt mestre do usuário, corpus-base de terminologia médica, 2026-07-17",alta,candidato_validado_automaticamente,card_proprio,etim-v2-rai-col-o,sim,reconhecimento,1,,,etim_uid::etim-v2-rai-col-o;terminologia::nivel::nucleo;terminologia::tipo::raiz,Texto PT-BR; forma citada preservada.
etim-v2-rai-colon-o,colon/o,,,morfema,raiz,greco-latina; confirmar étimo apenas quando necessário,,,cólon,,cólon,,raiz,gastro_hepatobiliar,,gastro;hepatobiliar,3,3,2,0,23,nucleo,colonoscopia,,,,,,,,cólon,A forma sugere sentido; não fecha diagnóstico.,"OpenRN Medical Terminology 2e, cap. 1, NCBI Bookshelf NBK607453 (CC BY 4.0); OpenRN Medical Terminology 2e, NCBI Bookshelf NBK607454 (CC BY 4.0); Prompt mestre do usuário, corpus-base de terminologia médica, 2026-07-17",alta,candidato_validado_automaticamente,card_proprio,etim-v2-rai-colon-o,sim,reconhecimento,1,,,etim_uid::etim-v2-rai-colon-o;terminologia::nivel::nucleo;terminologia::tipo::raiz,Texto PT-BR; forma citada preservada.
etim-v2-rai-sigmoid-o,sigmoid/o,,,morfema,raiz,greco-latina; confirmar étimo apenas quando necessário,,,sigmoide,,sigmoide,,raiz,gastro_hepatobiliar,,gastro;hepatobiliar,3,3,2,0,23,nucleo,sigmoidectomia,,,,,,,,sigmoide,A forma sugere sentido; não fecha diagnóstico.,"OpenRN Medical Terminology 2e, cap. 1, NCBI Bookshelf NBK607453 (CC BY 4.0); OpenRN Medical Terminology 2e, NCBI Bookshelf NBK607454 (CC BY 4.0); Prompt mestre do usuário, corpus-base de terminologia médica, 2026-07-17",alta,candidato_validado_automaticamente,card_proprio,etim-v2-rai-sigmoid-o,sim,reconhecimento,1,,,etim_uid::etim-v2-rai-sigmoid-o;terminologia::nivel::nucleo;terminologia::tipo::raiz,Texto PT-BR; forma citada preservada.
etim-v2-rai-proct-o,proct/o,,,morfema,raiz,greco-latina; confirmar étimo apenas quando necessário,,,reto ou ânus,,reto ou ânus,,raiz,gastro_hepatobiliar,,gastro;hepatobiliar,3,3,2,1,25,nucleo,proctologia,,,,,,,,reto ou ânus,A forma sugere sentido; não fecha diagnóstico.,"OpenRN Medical Terminology 2e, cap. 1, NCBI Bookshelf NBK607453 (CC BY 4.0); OpenRN Medical Terminology 2e, NCBI Bookshelf NBK607454 (CC BY 4.0); Prompt mestre do usuário, corpus-base de terminologia médica, 2026-07-17",alta,candidato_validado_automaticamente,card_proprio,etim-v2-rai-proct-o,sim,reconhecimento,1,,,etim_uid::etim-v2-rai-proct-o;terminologia::nivel::nucleo;terminologia::tipo::raiz,Texto PT-BR; forma citada preservada.
etim-v2-rai-rect-o,rect/o,,,morfema,raiz,greco-latina; confirmar étimo apenas quando necessário,,,reto,,reto,,raiz,gastro_hepatobiliar,,gastro;hepatobiliar,3,3,2,0,23,nucleo,retal,,,,,,,,reto,A forma sugere sentido; não fecha diagnóstico.,"OpenRN Medical Terminology 2e, cap. 1, NCBI Bookshelf NBK607453 (CC BY 4.0); OpenRN Medical Terminology 2e, NCBI Bookshelf NBK607454 (CC BY 4.0); Prompt mestre do usuário, corpus-base de terminologia médica, 2026-07-17",alta,candidato_validado_automaticamente,card_proprio,etim-v2-rai-rect-o,sim,reconhecimento,1,,,etim_uid::etim-v2-rai-rect-o;terminologia::nivel::nucleo;terminologia::tipo::raiz,Texto PT-BR; forma citada preservada.
etim-v2-rai-an-o,an/o,,,morfema,raiz,greco-latina; confirmar étimo apenas quando necessário,,,ânus,,ânus,,raiz,gastro_hepatobiliar,,gastro;hepatobiliar,3,3,2,0,23,nucleo,anorretal,,,,,,,,ânus,A forma sugere sentido; não fecha diagnóstico.,"OpenRN Medical Terminology 2e, cap. 1, NCBI Bookshelf NBK607453 (CC BY 4.0); OpenRN Medical Terminology 2e, NCBI Bookshelf NBK607454 (CC BY 4.0); Prompt mestre do usuário, corpus-base de terminologia médica, 2026-07-17",alta,candidato_validado_automaticamente,card_proprio,etim-v2-rai-an-o,sim,reconhecimento,1,,,etim_uid::etim-v2-rai-an-o;terminologia::nivel::nucleo;terminologia::tipo::raiz,Texto PT-BR; forma citada preservada.
etim-v2-rai-hepat-o,hepat/o,,,morfema,raiz,greco-latina; confirmar étimo apenas quando necessário,,,fígado,,fígado,,raiz,gastro_hepatobiliar,,gastro;hepatobiliar,3,3,2,0,23,nucleo,hepatite,,,,,,,,fígado,A forma sugere sentido; não fecha diagnóstico.,"OpenRN Medical Terminology 2e, cap. 1, NCBI Bookshelf NBK607453 (CC BY 4.0); OpenRN Medical Terminology 2e, NCBI Bookshelf NBK607454 (CC BY 4.0); Prompt mestre do usuário, corpus-base de terminologia médica, 2026-07-17",alta,candidato_validado_automaticamente,card_proprio,etim-v2-rai-hepat-o,sim,reconhecimento,1,,,etim_uid::etim-v2-rai-hepat-o;terminologia::nivel::nucleo;terminologia::tipo::raiz,Texto PT-BR; forma citada preservada.
etim-v2-rai-bil-i,bil/i,,,morfema,raiz,greco-latina; confirmar étimo apenas quando necessário,,,bile,,bile,,raiz,gastro_hepatobiliar,,gastro;hepatobiliar,3,3,2,0,23,nucleo,biliar,,,,,,,,bile,A forma sugere sentido; não fecha diagnóstico.,"OpenRN Medical Terminology 2e, cap. 1, NCBI Bookshelf NBK607453 (CC BY 4.0); OpenRN Medical Terminology 2e, NCBI Bookshelf NBK607454 (CC BY 4.0); Prompt mestre do usuário, corpus-base de terminologia médica, 2026-07-17",alta,candidato_validado_automaticamente,card_proprio,etim-v2-rai-bil-i,sim,reconhecimento,1,,,etim_uid::etim-v2-rai-bil-i;terminologia::nivel::nucleo;terminologia::tipo::raiz,Texto PT-BR; forma citada preservada.
etim-v2-rai-chol-e,chol/e,,,morfema,raiz,greco-latina; confirmar étimo apenas quando necessário,,,bile,,bile,,raiz,gastro_hepatobiliar,,gastro;hepatobiliar,3,3,2,0,23,nucleo,colelitíase,,,,,,,,bile,A forma sugere sentido; não fecha diagnóstico.,"OpenRN Medical Terminology 2e, cap. 1, NCBI Bookshelf NBK607453 (CC BY 4.0); OpenRN Medical Terminology 2e, NCBI Bookshelf NBK607454 (CC BY 4.0); Prompt mestre do usuário, corpus-base de terminologia médica, 2026-07-17",alta,candidato_validado_automaticamente,card_proprio,etim-v2-rai-chol-e,sim,reconhecimento,1,,,etim_uid::etim-v2-rai-chol-e;terminologia::nivel::nucleo;terminologia::tipo::raiz,Texto PT-BR; forma citada preservada.
etim-v2-rai-colangi-o,colangi/o,cholangi/o,cholangi/o,morfema,raiz,greco-latina; confirmar étimo apenas quando necessário,,,ducto biliar,,ducto biliar,,raiz,gastro_hepatobiliar,,gastro;hepatobiliar,3,3,2,0,23,nucleo,colangite,,,,,,,,ducto biliar,A forma sugere sentido; não fecha diagnóstico.,"OpenRN Medical Terminology 2e, cap. 1, NCBI Bookshelf NBK607453 (CC BY 4.0); OpenRN Medical Terminology 2e, NCBI Bookshelf NBK607454 (CC BY 4.0); Prompt mestre do usuário, corpus-base de terminologia médica, 2026-07-17",alta,candidato_validado_automaticamente,card_proprio,etim-v2-rai-colangi-o,sim,reconhecimento,1,,,etim_uid::etim-v2-rai-colangi-o;terminologia::nivel::nucleo;terminologia::tipo::raiz,Texto PT-BR; forma citada preservada.
etim-v2-rai-colecist-o,colecist/o,cholecyst/o,cholecyst/o,morfema,raiz,greco-latina; confirmar étimo apenas quando necessário,,,vesícula biliar,,vesícula biliar,,raiz,gastro_hepatobiliar,,gastro;hepatobiliar,3,2,2,0,20,nucleo,colecistectomia,,,,,,,,vesícula biliar,A forma sugere sentido; não fecha diagnóstico.,"OpenRN Medical Terminology 2e, cap. 1, NCBI Bookshelf NBK607453 (CC BY 4.0); OpenRN Medical Terminology 2e, NCBI Bookshelf NBK607454 (CC BY 4.0); Prompt mestre do usuário, corpus-base de terminologia médica, 2026-07-17",alta,candidato_validado_automaticamente,card_proprio,etim-v2-rai-colecist-o,sim,reconhecimento,1,,,etim_uid::etim-v2-rai-colecist-o;terminologia::nivel::nucleo;terminologia::tipo::raiz,Texto PT-BR; forma citada preservada.
etim-v2-rai-pancreat-o,pancreat/o,,,morfema,raiz,greco-latina; confirmar étimo apenas quando necessário,,,pâncreas,,pâncreas,,raiz,gastro_hepatobiliar;endocrino_metabolico,,gastro;hepatobiliar,3,2,2,0,20,nucleo,pancreatite;pancreático,,,,,,,,pâncreas,A forma sugere sentido; não fecha diagnóstico.,"OpenRN Medical Terminology 2e, cap. 1, NCBI Bookshelf NBK607453 (CC BY 4.0); OpenRN Medical Terminology 2e, NCBI Bookshelf NBK607454 (CC BY 4.0); Prompt mestre do usuário, corpus-base de terminologia médica, 2026-07-17",alta,candidato_validado_automaticamente,card_proprio,etim-v2-rai-pancreat-o,sim,reconhecimento,1,,,etim_uid::etim-v2-rai-pancreat-o;terminologia::nivel::nucleo;terminologia::tipo::raiz,Texto PT-BR; forma citada preservada.
etim-v2-rai-peritone-o,peritone/o,,,morfema,raiz,greco-latina; confirmar étimo apenas quando necessário,,,peritônio,,peritônio,,raiz,gastro_hepatobiliar,,gastro;hepatobiliar,3,2,2,0,20,nucleo,peritonite,,,,,,,,peritônio,A forma sugere sentido; não fecha diagnóstico.,"OpenRN Medical Terminology 2e, cap. 1, NCBI Bookshelf NBK607453 (CC BY 4.0); OpenRN Medical Terminology 2e, NCBI Bookshelf NBK607454 (CC BY 4.0); Prompt mestre do usuário, corpus-base de terminologia médica, 2026-07-17",alta,candidato_validado_automaticamente,card_proprio,etim-v2-rai-peritone-o,sim,reconhecimento,1,,,etim_uid::etim-v2-rai-peritone-o;terminologia::nivel::nucleo;terminologia::tipo::raiz,Texto PT-BR; forma citada preservada.
etim-v2-rai-mesenter-o,mesenter/o,,,morfema,raiz,greco-latina; confirmar étimo apenas quando necessário,,,mesentério,,mesentério,,raiz,gastro_hepatobiliar,,gastro;hepatobiliar,3,2,2,0,20,nucleo,mesentérico,,,,,,,,mesentério,A forma sugere sentido; não fecha diagnóstico.,"OpenRN Medical Terminology 2e, cap. 1, NCBI Bookshelf NBK607453 (CC BY 4.0); OpenRN Medical Terminology 2e, NCBI Bookshelf NBK607454 (CC BY 4.0); Prompt mestre do usuário, corpus-base de terminologia médica, 2026-07-17",alta,candidato_validado_automaticamente,card_proprio,etim-v2-rai-mesenter-o,sim,reconhecimento,1,,,etim_uid::etim-v2-rai-mesenter-o;terminologia::nivel::nucleo;terminologia::tipo::raiz,Texto PT-BR; forma citada preservada.
etim-v2-rai-oment-o,oment/o,,,morfema,raiz,greco-latina; confirmar étimo apenas quando necessário,,,omento,,omento,,raiz,gastro_hepatobiliar,,gastro;hepatobiliar,3,2,2,0,20,nucleo,omentectomia,,,,,,,,omento,A forma sugere sentido; não fecha diagnóstico.,"OpenRN Medical Terminology 2e, cap. 1, NCBI Bookshelf NBK607453 (CC BY 4.0); OpenRN Medical Terminology 2e, NCBI Bookshelf NBK607454 (CC BY 4.0); Prompt mestre do usuário, corpus-base de terminologia médica, 2026-07-17",alta,candidato_validado_automaticamente,card_proprio,etim-v2-rai-oment-o,sim,reconhecimento,1,,,etim_uid::etim-v2-rai-oment-o;terminologia::nivel::nucleo;terminologia::tipo::raiz,Texto PT-BR; forma citada preservada.
etim-v2-rai-lapar-o,lapar/o,,,morfema,raiz,greco-latina; confirmar étimo apenas quando necessário,,,abdome,,abdome,,raiz,gastro_hepatobiliar,,gastro;hepatobiliar,3,2,2,0,20,nucleo,laparotomia,,,,,,,,abdome,A forma sugere sentido; não fecha diagnóstico.,"OpenRN Medical Terminology 2e, cap. 1, NCBI Bookshelf NBK607453 (CC BY 4.0); OpenRN Medical Terminology 2e, NCBI Bookshelf NBK607454 (CC BY 4.0); Prompt mestre do usuário, corpus-base de terminologia médica, 2026-07-17",alta,candidato_validado_automaticamente,card_proprio,etim-v2-rai-lapar-o,sim,reconhecimento,1,,,etim_uid::etim-v2-rai-lapar-o;terminologia::nivel::nucleo;terminologia::tipo::raiz,Texto PT-BR; forma citada preservada.
etim-v2-rai-abdomin-o,abdomin/o,,,morfema,raiz,greco-latina; confirmar étimo apenas quando necessário,,,abdome,,abdome,,raiz,gastro_hepatobiliar,,gastro;hepatobiliar,3,2,2,0,20,nucleo,abdominal,,,,,,,,abdome,A forma sugere sentido; não fecha diagnóstico.,"OpenRN Medical Terminology 2e, cap. 1, NCBI Bookshelf NBK607453 (CC BY 4.0); OpenRN Medical Terminology 2e, NCBI Bookshelf NBK607454 (CC BY 4.0); Prompt mestre do usuário, corpus-base de terminologia médica, 2026-07-17",alta,candidato_validado_automaticamente,card_proprio,etim-v2-rai-abdomin-o,sim,reconhecimento,1,,,etim_uid::etim-v2-rai-abdomin-o;terminologia::nivel::nucleo;terminologia::tipo::raiz,Texto PT-BR; forma citada preservada.
etim-v2-rai-fec-o,fec/o,,,morfema,raiz,greco-latina; confirmar étimo apenas quando necessário,,,fezes,,fezes,,raiz,gastro_hepatobiliar,,gastro;hepatobiliar,3,2,2,0,20,nucleo,fecal,,,,,,,,fezes,A forma sugere sentido; não fecha diagnóstico.,"OpenRN Medical Terminology 2e, cap. 1, NCBI Bookshelf NBK607453 (CC BY 4.0); OpenRN Medical Terminology 2e, NCBI Bookshelf NBK607454 (CC BY 4.0); Prompt mestre do usuário, corpus-base de terminologia médica, 2026-07-17",alta,candidato_validado_automaticamente,card_proprio,etim-v2-rai-fec-o,sim,reconhecimento,1,,,etim_uid::etim-v2-rai-fec-o;terminologia::nivel::nucleo;terminologia::tipo::raiz,Texto PT-BR; forma citada preservada.
etim-v2-rai-copr-o,copr/o,,,morfema,raiz,greco-latina; confirmar étimo apenas quando necessário,,,fezes,,fezes,,raiz,gastro_hepatobiliar,,gastro;hepatobiliar,3,2,2,0,20,nucleo,coprocultura,,,,,,,,fezes,A forma sugere sentido; não fecha diagnóstico.,"OpenRN Medical Terminology 2e, cap. 1, NCBI Bookshelf NBK607453 (CC BY 4.0); OpenRN Medical Terminology 2e, NCBI Bookshelf NBK607454 (CC BY 4.0); Prompt mestre do usuário, corpus-base de terminologia médica, 2026-07-17",alta,candidato_validado_automaticamente,card_proprio,etim-v2-rai-copr-o,sim,reconhecimento,1,,,etim_uid::etim-v2-rai-copr-o;terminologia::nivel::nucleo;terminologia::tipo::raiz,Texto PT-BR; forma citada preservada.
etim-v2-rai-nefr-o,nefr/o,nephr/o,nephr/o,morfema,raiz,greco-latina; confirmar étimo apenas quando necessário,,,rim,,rim,,raiz,renal_urinario,,renal;urinario,3,3,2,0,23,nucleo,nefrite,,,,,,,,rim,A forma sugere sentido; não fecha diagnóstico.,"OpenRN Medical Terminology 2e, cap. 1, NCBI Bookshelf NBK607453 (CC BY 4.0); OpenRN Medical Terminology 2e, NCBI Bookshelf NBK607454 (CC BY 4.0); Prompt mestre do usuário, corpus-base de terminologia médica, 2026-07-17",alta,candidato_validado_automaticamente,card_proprio,etim-v2-rai-nefr-o,sim,reconhecimento,1,,,etim_uid::etim-v2-rai-nefr-o;terminologia::nivel::nucleo;terminologia::tipo::raiz,Texto PT-BR; forma citada preservada.
etim-v2-rai-ren-o,ren/o,,,morfema,raiz,greco-latina; confirmar étimo apenas quando necessário,,,rim,,rim,,raiz,renal_urinario,,renal;urinario,3,3,2,0,23,nucleo,renal,,,,,,,,rim,A forma sugere sentido; não fecha diagnóstico.,"OpenRN Medical Terminology 2e, cap. 1, NCBI Bookshelf NBK607453 (CC BY 4.0); OpenRN Medical Terminology 2e, NCBI Bookshelf NBK607454 (CC BY 4.0); Prompt mestre do usuário, corpus-base de terminologia médica, 2026-07-17",alta,candidato_validado_automaticamente,card_proprio,etim-v2-rai-ren-o,sim,reconhecimento,1,,,etim_uid::etim-v2-rai-ren-o;terminologia::nivel::nucleo;terminologia::tipo::raiz,Texto PT-BR; forma citada preservada.
etim-v2-rai-glomerul-o,glomerul/o,,,morfema,raiz,greco-latina; confirmar étimo apenas quando necessário,,,glomérulo,,glomérulo,,raiz,renal_urinario,,renal;urinario,3,3,2,0,23,nucleo,glomerulonefrite,,,,,,,,glomérulo,A forma sugere sentido; não fecha diagnóstico.,"OpenRN Medical Terminology 2e, cap. 1, NCBI Bookshelf NBK607453 (CC BY 4.0); OpenRN Medical Terminology 2e, NCBI Bookshelf NBK607454 (CC BY 4.0); Prompt mestre do usuário, corpus-base de terminologia médica, 2026-07-17",alta,candidato_validado_automaticamente,card_proprio,etim-v2-rai-glomerul-o,sim,reconhecimento,1,,,etim_uid::etim-v2-rai-glomerul-o;terminologia::nivel::nucleo;terminologia::tipo::raiz,Texto PT-BR; forma citada preservada.
etim-v2-rai-pyel-o,pyel/o,,,morfema,raiz,greco-latina; confirmar étimo apenas quando necessário,,,pelve renal,,pelve renal,,raiz,renal_urinario,,renal;urinario,3,3,2,0,23,nucleo,pielonefrite,,,,,,,,pelve renal,A forma sugere sentido; não fecha diagnóstico.,"OpenRN Medical Terminology 2e, cap. 1, NCBI Bookshelf NBK607453 (CC BY 4.0); OpenRN Medical Terminology 2e, NCBI Bookshelf NBK607454 (CC BY 4.0); Prompt mestre do usuário, corpus-base de terminologia médica, 2026-07-17",alta,candidato_validado_automaticamente,card_proprio,etim-v2-rai-pyel-o,sim,reconhecimento,1,,,etim_uid::etim-v2-rai-pyel-o;terminologia::nivel::nucleo;terminologia::tipo::raiz,Texto PT-BR; forma citada preservada.
etim-v2-rai-calyc-o,calyc/o,,,morfema,raiz,greco-latina; confirmar étimo apenas quando necessário,,,cálice renal,,cálice renal,,raiz,renal_urinario,,renal;urinario,3,3,2,0,23,nucleo,calicial,,,,,,,,cálice renal,A forma sugere sentido; não fecha diagnóstico.,"OpenRN Medical Terminology 2e, cap. 1, NCBI Bookshelf NBK607453 (CC BY 4.0); OpenRN Medical Terminology 2e, NCBI Bookshelf NBK607454 (CC BY 4.0); Prompt mestre do usuário, corpus-base de terminologia médica, 2026-07-17",alta,candidato_validado_automaticamente,card_proprio,etim-v2-rai-calyc-o,sim,reconhecimento,1,,,etim_uid::etim-v2-rai-calyc-o;terminologia::nivel::nucleo;terminologia::tipo::raiz,Texto PT-BR; forma citada preservada.
etim-v2-rai-ureter-o,ureter/o,,,morfema,raiz,greco-latina; confirmar étimo apenas quando necessário,,,ureter,,ureter,,raiz,renal_urinario,,renal;urinario,3,3,2,0,23,nucleo,ureteroscopia,,,,,,,,ureter,A forma sugere sentido; não fecha diagnóstico.,"OpenRN Medical Terminology 2e, cap. 1, NCBI Bookshelf NBK607453 (CC BY 4.0); OpenRN Medical Terminology 2e, NCBI Bookshelf NBK607454 (CC BY 4.0); Prompt mestre do usuário, corpus-base de terminologia médica, 2026-07-17",alta,candidato_validado_automaticamente,card_proprio,etim-v2-rai-ureter-o,sim,reconhecimento,1,,,etim_uid::etim-v2-rai-ureter-o;terminologia::nivel::nucleo;terminologia::tipo::raiz,Texto PT-BR; forma citada preservada.
etim-v2-rai-cyst-o,cyst/o,,,morfema,raiz,greco-latina; confirmar étimo apenas quando necessário,,,bexiga ou cisto,,bexiga ou cisto,,raiz,renal_urinario,,renal;urinario,3,3,2,1,25,nucleo,cistite,,,,,,,,bexiga ou cisto,A forma sugere sentido; não fecha diagnóstico.,"OpenRN Medical Terminology 2e, cap. 1, NCBI Bookshelf NBK607453 (CC BY 4.0); OpenRN Medical Terminology 2e, NCBI Bookshelf NBK607454 (CC BY 4.0); Prompt mestre do usuário, corpus-base de terminologia médica, 2026-07-17",alta,candidato_validado_automaticamente,card_proprio,etim-v2-rai-cyst-o,sim,reconhecimento,1,,,etim_uid::etim-v2-rai-cyst-o;terminologia::nivel::nucleo;terminologia::tipo::raiz,Texto PT-BR; forma citada preservada.
etim-v2-rai-vesic-o,vesic/o,,,morfema,raiz,greco-latina; confirmar étimo apenas quando necessário,,,bexiga,,bexiga,,raiz,renal_urinario,,renal;urinario,3,3,2,0,23,nucleo,vesical,,,,,,,,bexiga,A forma sugere sentido; não fecha diagnóstico.,"OpenRN Medical Terminology 2e, cap. 1, NCBI Bookshelf NBK607453 (CC BY 4.0); OpenRN Medical Terminology 2e, NCBI Bookshelf NBK607454 (CC BY 4.0); Prompt mestre do usuário, corpus-base de terminologia médica, 2026-07-17",alta,candidato_validado_automaticamente,card_proprio,etim-v2-rai-vesic-o,sim,reconhecimento,1,,,etim_uid::etim-v2-rai-vesic-o;terminologia::nivel::nucleo;terminologia::tipo::raiz,Texto PT-BR; forma citada preservada.
etim-v2-rai-urethr-o,urethr/o,,,morfema,raiz,greco-latina; confirmar étimo apenas quando necessário,,,uretra,,uretra,,raiz,renal_urinario,,renal;urinario,3,3,2,0,23,nucleo,uretrite,,,,,,,,uretra,A forma sugere sentido; não fecha diagnóstico.,"OpenRN Medical Terminology 2e, cap. 1, NCBI Bookshelf NBK607453 (CC BY 4.0); OpenRN Medical Terminology 2e, NCBI Bookshelf NBK607454 (CC BY 4.0); Prompt mestre do usuário, corpus-base de terminologia médica, 2026-07-17",alta,candidato_validado_automaticamente,card_proprio,etim-v2-rai-urethr-o,sim,reconhecimento,1,,,etim_uid::etim-v2-rai-urethr-o;terminologia::nivel::nucleo;terminologia::tipo::raiz,Texto PT-BR; forma citada preservada.
etim-v2-rai-urin-o,urin/o,,,morfema,raiz,greco-latina; confirmar étimo apenas quando necessário,,,urina,,urina,,raiz,renal_urinario,,renal;urinario,3,3,2,0,23,nucleo,urinário,,,,,,,,urina,A forma sugere sentido; não fecha diagnóstico.,"OpenRN Medical Terminology 2e, cap. 1, NCBI Bookshelf NBK607453 (CC BY 4.0); OpenRN Medical Terminology 2e, NCBI Bookshelf NBK607454 (CC BY 4.0); Prompt mestre do usuário, corpus-base de terminologia médica, 2026-07-17",alta,candidato_validado_automaticamente,card_proprio,etim-v2-rai-urin-o,sim,reconhecimento,1,,,etim_uid::etim-v2-rai-urin-o;terminologia::nivel::nucleo;terminologia::tipo::raiz,Texto PT-BR; forma citada preservada.
etim-v2-rai-ur-o,ur/o,,,morfema,raiz,greco-latina; confirmar étimo apenas quando necessário,,,urina,,urina,,raiz,renal_urinario;endocrino_metabolico,,renal;urinario,3,3,2,0,23,nucleo,urologia;uremia,,,,,,,,urina,A forma sugere sentido; não fecha diagnóstico.,"OpenRN Medical Terminology 2e, cap. 1, NCBI Bookshelf NBK607453 (CC BY 4.0); OpenRN Medical Terminology 2e, NCBI Bookshelf NBK607454 (CC BY 4.0); Prompt mestre do usuário, corpus-base de terminologia médica, 2026-07-17",alta,candidato_validado_automaticamente,card_proprio,etim-v2-rai-ur-o,sim,reconhecimento,1,,,etim_uid::etim-v2-rai-ur-o;terminologia::nivel::nucleo;terminologia::tipo::raiz,Texto PT-BR; forma citada preservada.
etim-v2-rai-lith-o,lith/o,,,morfema,raiz,greco-latina; confirmar étimo apenas quando necessário,,,cálculo,,cálculo,,raiz,renal_urinario,,renal;urinario,3,3,2,0,23,nucleo,litotripsia,,,,,,,,cálculo,A forma sugere sentido; não fecha diagnóstico.,"OpenRN Medical Terminology 2e, cap. 1, NCBI Bookshelf NBK607453 (CC BY 4.0); OpenRN Medical Terminology 2e, NCBI Bookshelf NBK607454 (CC BY 4.0); Prompt mestre do usuário, corpus-base de terminologia médica, 2026-07-17",alta,candidato_validado_automaticamente,card_proprio,etim-v2-rai-lith-o,sim,reconhecimento,1,,,etim_uid::etim-v2-rai-lith-o;terminologia::nivel::nucleo;terminologia::tipo::raiz,Texto PT-BR; forma citada preservada.
etim-v2-rai-azot-o,azot/o,,,morfema,raiz,greco-latina; confirmar étimo apenas quando necessário,,,nitrogênio,,nitrogênio,,raiz,renal_urinario,,renal;urinario,3,3,2,0,23,nucleo,azotemia,,,,,,,,nitrogênio,A forma sugere sentido; não fecha diagnóstico.,"OpenRN Medical Terminology 2e, cap. 1, NCBI Bookshelf NBK607453 (CC BY 4.0); OpenRN Medical Terminology 2e, NCBI Bookshelf NBK607454 (CC BY 4.0); Prompt mestre do usuário, corpus-base de terminologia médica, 2026-07-17",alta,candidato_validado_automaticamente,card_proprio,etim-v2-rai-azot-o,sim,reconhecimento,1,,,etim_uid::etim-v2-rai-azot-o;terminologia::nivel::nucleo;terminologia::tipo::raiz,Texto PT-BR; forma citada preservada.
etim-v2-rai-albumin-o,albumin/o,,,morfema,raiz,greco-latina; confirmar étimo apenas quando necessário,,,albumina,,albumina,,raiz,renal_urinario,,renal;urinario,3,3,2,0,23,nucleo,albuminúria,,,,,,,,albumina,A forma sugere sentido; não fecha diagnóstico.,"OpenRN Medical Terminology 2e, cap. 1, NCBI Bookshelf NBK607453 (CC BY 4.0); OpenRN Medical Terminology 2e, NCBI Bookshelf NBK607454 (CC BY 4.0); Prompt mestre do usuário, corpus-base de terminologia médica, 2026-07-17",alta,candidato_validado_automaticamente,card_proprio,etim-v2-rai-albumin-o,sim,reconhecimento,1,,,etim_uid::etim-v2-rai-albumin-o;terminologia::nivel::nucleo;terminologia::tipo::raiz,Texto PT-BR; forma citada preservada.
etim-v2-rai-protein-o,protein/o,,,morfema,raiz,greco-latina; confirmar étimo apenas quando necessário,,,proteína,,proteína,,raiz,renal_urinario,,renal;urinario,3,3,2,0,23,nucleo,proteinúria,,,,,,,,proteína,A forma sugere sentido; não fecha diagnóstico.,"OpenRN Medical Terminology 2e, cap. 1, NCBI Bookshelf NBK607453 (CC BY 4.0); OpenRN Medical Terminology 2e, NCBI Bookshelf NBK607454 (CC BY 4.0); Prompt mestre do usuário, corpus-base de terminologia médica, 2026-07-17",alta,candidato_validado_automaticamente,card_proprio,etim-v2-rai-protein-o,sim,reconhecimento,1,,,etim_uid::etim-v2-rai-protein-o;terminologia::nivel::nucleo;terminologia::tipo::raiz,Texto PT-BR; forma citada preservada.
etim-v2-rai-keton-o,keton/o,,,morfema,raiz,greco-latina; confirmar étimo apenas quando necessário,,,cetona,,cetona,,raiz,renal_urinario,,renal;urinario,3,3,2,0,23,nucleo,cetonúria,,,,,,,,cetona,A forma sugere sentido; não fecha diagnóstico.,"OpenRN Medical Terminology 2e, cap. 1, NCBI Bookshelf NBK607453 (CC BY 4.0); OpenRN Medical Terminology 2e, NCBI Bookshelf NBK607454 (CC BY 4.0); Prompt mestre do usuário, corpus-base de terminologia médica, 2026-07-17",alta,candidato_validado_automaticamente,card_proprio,etim-v2-rai-keton-o,sim,reconhecimento,1,,,etim_uid::etim-v2-rai-keton-o;terminologia::nivel::nucleo;terminologia::tipo::raiz,Texto PT-BR; forma citada preservada.
etim-v2-rai-glyc-o,glyc/o,,,morfema,raiz,greco-latina; confirmar étimo apenas quando necessário,,,açúcar,,açúcar,,raiz,renal_urinario;endocrino_metabolico,,renal;urinario,3,3,2,0,23,nucleo,glicosúria;glicogênio,,,,,,,,açúcar,A forma sugere sentido; não fecha diagnóstico.,"OpenRN Medical Terminology 2e, cap. 1, NCBI Bookshelf NBK607453 (CC BY 4.0); OpenRN Medical Terminology 2e, NCBI Bookshelf NBK607454 (CC BY 4.0); Prompt mestre do usuário, corpus-base de terminologia médica, 2026-07-17",alta,candidato_validado_automaticamente,card_proprio,etim-v2-rai-glyc-o,sim,reconhecimento,1,,,etim_uid::etim-v2-rai-glyc-o;terminologia::nivel::nucleo;terminologia::tipo::raiz,Texto PT-BR; forma citada preservada.
etim-v2-rai-noct-o,noct/o,,,morfema,raiz,greco-latina; confirmar étimo apenas quando necessário,,,noite,,noite,,raiz,renal_urinario,,renal;urinario,3,3,2,0,23,nucleo,noctúria,,,,,,,,noite,A forma sugere sentido; não fecha diagnóstico.,"OpenRN Medical Terminology 2e, cap. 1, NCBI Bookshelf NBK607453 (CC BY 4.0); OpenRN Medical Terminology 2e, NCBI Bookshelf NBK607454 (CC BY 4.0); Prompt mestre do usuário, corpus-base de terminologia médica, 2026-07-17",alta,candidato_validado_automaticamente,card_proprio,etim-v2-rai-noct-o,sim,reconhecimento,1,,,etim_uid::etim-v2-rai-noct-o;terminologia::nivel::nucleo;terminologia::tipo::raiz,Texto PT-BR; forma citada preservada.
etim-v2-rai-hydr-o,hydr/o,,,morfema,raiz,greco-latina; confirmar étimo apenas quando necessário,,,água,,água,,raiz,renal_urinario,,renal;urinario,3,3,2,0,23,nucleo,hidronefrose,,,,,,,,água,A forma sugere sentido; não fecha diagnóstico.,"OpenRN Medical Terminology 2e, cap. 1, NCBI Bookshelf NBK607453 (CC BY 4.0); OpenRN Medical Terminology 2e, NCBI Bookshelf NBK607454 (CC BY 4.0); Prompt mestre do usuário, corpus-base de terminologia médica, 2026-07-17",alta,candidato_validado_automaticamente,card_proprio,etim-v2-rai-hydr-o,sim,reconhecimento,1,,,etim_uid::etim-v2-rai-hydr-o;terminologia::nivel::nucleo;terminologia::tipo::raiz,Texto PT-BR; forma citada preservada.
etim-v2-rai-neur-o,neur/o,,,morfema,raiz,greco-latina; confirmar étimo apenas quando necessário,,,nervo,,nervo,,raiz,nervoso_sentidos,,nervoso;sentidos,3,3,2,0,23,nucleo,neurologia,,,,,,,,nervo,A forma sugere sentido; não fecha diagnóstico.,"OpenRN Medical Terminology 2e, cap. 1, NCBI Bookshelf NBK607453 (CC BY 4.0); OpenRN Medical Terminology 2e, NCBI Bookshelf NBK607454 (CC BY 4.0); Prompt mestre do usuário, corpus-base de terminologia médica, 2026-07-17",alta,candidato_validado_automaticamente,card_proprio,etim-v2-rai-neur-o,sim,reconhecimento,1,,,etim_uid::etim-v2-rai-neur-o;terminologia::nivel::nucleo;terminologia::tipo::raiz,Texto PT-BR; forma citada preservada.
etim-v2-rai-encefal-o,encefal/o,encephal/o,encephal/o,morfema,raiz,greco-latina; confirmar étimo apenas quando necessário,,,encéfalo,,encéfalo,,raiz,nervoso_sentidos,,nervoso;sentidos,3,3,2,0,23,nucleo,encefalite,,,,,,,,encéfalo,A forma sugere sentido; não fecha diagnóstico.,"OpenRN Medical Terminology 2e, cap. 1, NCBI Bookshelf NBK607453 (CC BY 4.0); OpenRN Medical Terminology 2e, NCBI Bookshelf NBK607454 (CC BY 4.0); Prompt mestre do usuário, corpus-base de terminologia médica, 2026-07-17",alta,candidato_validado_automaticamente,card_proprio,etim-v2-rai-encefal-o,sim,reconhecimento,1,,,etim_uid::etim-v2-rai-encefal-o;terminologia::nivel::nucleo;terminologia::tipo::raiz,Texto PT-BR; forma citada preservada.
etim-v2-rai-cerebr-o,cerebr/o,,,morfema,raiz,greco-latina; confirmar étimo apenas quando necessário,,,cérebro,,cérebro,,raiz,nervoso_sentidos,,nervoso;sentidos,3,3,2,0,23,nucleo,cerebral,,,,,,,,cérebro,A forma sugere sentido; não fecha diagnóstico.,"OpenRN Medical Terminology 2e, cap. 1, NCBI Bookshelf NBK607453 (CC BY 4.0); OpenRN Medical Terminology 2e, NCBI Bookshelf NBK607454 (CC BY 4.0); Prompt mestre do usuário, corpus-base de terminologia médica, 2026-07-17",alta,candidato_validado_automaticamente,card_proprio,etim-v2-rai-cerebr-o,sim,reconhecimento,1,,,etim_uid::etim-v2-rai-cerebr-o;terminologia::nivel::nucleo;terminologia::tipo::raiz,Texto PT-BR; forma citada preservada.
etim-v2-rai-cerebell-o,cerebell/o,,,morfema,raiz,greco-latina; confirmar étimo apenas quando necessário,,,cerebelo,,cerebelo,,raiz,nervoso_sentidos,,nervoso;sentidos,3,3,2,0,23,nucleo,cerebelar,,,,,,,,cerebelo,A forma sugere sentido; não fecha diagnóstico.,"OpenRN Medical Terminology 2e, cap. 1, NCBI Bookshelf NBK607453 (CC BY 4.0); OpenRN Medical Terminology 2e, NCBI Bookshelf NBK607454 (CC BY 4.0); Prompt mestre do usuário, corpus-base de terminologia médica, 2026-07-17",alta,candidato_validado_automaticamente,card_proprio,etim-v2-rai-cerebell-o,sim,reconhecimento,1,,,etim_uid::etim-v2-rai-cerebell-o;terminologia::nivel::nucleo;terminologia::tipo::raiz,Texto PT-BR; forma citada preservada.
etim-v2-rai-miel-o,miel/o,myel/o,myel/o,morfema,raiz,greco-latina; confirmar étimo apenas quando necessário,,,medula óssea ou espinal,,medula óssea ou espinal,,raiz,nervoso_sentidos,,nervoso;sentidos,3,3,2,1,25,nucleo,mielopatia,,,,,,,,medula óssea ou espinal,A forma sugere sentido; não fecha diagnóstico.,"OpenRN Medical Terminology 2e, cap. 1, NCBI Bookshelf NBK607453 (CC BY 4.0); OpenRN Medical Terminology 2e, NCBI Bookshelf NBK607454 (CC BY 4.0); Prompt mestre do usuário, corpus-base de terminologia médica, 2026-07-17",alta,candidato_validado_automaticamente,card_proprio,etim-v2-rai-miel-o,sim,reconhecimento,1,,,etim_uid::etim-v2-rai-miel-o;terminologia::nivel::nucleo;terminologia::tipo::raiz,Texto PT-BR; forma citada preservada.
etim-v2-rai-mening-o,mening/o,,,morfema,raiz,greco-latina; confirmar étimo apenas quando necessário,,,meninge,,meninge,,raiz,nervoso_sentidos,,nervoso;sentidos,3,3,2,0,23,nucleo,meningite,,,,,,,,meninge,A forma sugere sentido; não fecha diagnóstico.,"OpenRN Medical Terminology 2e, cap. 1, NCBI Bookshelf NBK607453 (CC BY 4.0); OpenRN Medical Terminology 2e, NCBI Bookshelf NBK607454 (CC BY 4.0); Prompt mestre do usuário, corpus-base de terminologia médica, 2026-07-17",alta,candidato_validado_automaticamente,card_proprio,etim-v2-rai-mening-o,sim,reconhecimento,1,,,etim_uid::etim-v2-rai-mening-o;terminologia::nivel::nucleo;terminologia::tipo::raiz,Texto PT-BR; forma citada preservada.
etim-v2-rai-dur-o,dur/o,,,morfema,raiz,greco-latina; confirmar étimo apenas quando necessário,,,dura-máter,,dura-máter,,raiz,nervoso_sentidos,,nervoso;sentidos,3,3,2,0,23,nucleo,subdural,,,,,,,,dura-máter,A forma sugere sentido; não fecha diagnóstico.,"OpenRN Medical Terminology 2e, cap. 1, NCBI Bookshelf NBK607453 (CC BY 4.0); OpenRN Medical Terminology 2e, NCBI Bookshelf NBK607454 (CC BY 4.0); Prompt mestre do usuário, corpus-base de terminologia médica, 2026-07-17",alta,candidato_validado_automaticamente,card_proprio,etim-v2-rai-dur-o,sim,reconhecimento,1,,,etim_uid::etim-v2-rai-dur-o;terminologia::nivel::nucleo;terminologia::tipo::raiz,Texto PT-BR; forma citada preservada.
etim-v2-rai-aracnoid-o,aracnoid/o,arachnoid/o,arachnoid/o,morfema,raiz,greco-latina; confirmar étimo apenas quando necessário,,,aracnoide,,aracnoide,,raiz,nervoso_sentidos,,nervoso;sentidos,3,3,2,0,23,nucleo,aracnoidite,,,,,,,,aracnoide,A forma sugere sentido; não fecha diagnóstico.,"OpenRN Medical Terminology 2e, cap. 1, NCBI Bookshelf NBK607453 (CC BY 4.0); OpenRN Medical Terminology 2e, NCBI Bookshelf NBK607454 (CC BY 4.0); Prompt mestre do usuário, corpus-base de terminologia médica, 2026-07-17",alta,candidato_validado_automaticamente,card_proprio,etim-v2-rai-aracnoid-o,sim,reconhecimento,1,,,etim_uid::etim-v2-rai-aracnoid-o;terminologia::nivel::nucleo;terminologia::tipo::raiz,Texto PT-BR; forma citada preservada.
etim-v2-rai-gangli-o,gangli/o,,,morfema,raiz,greco-latina; confirmar étimo apenas quando necessário,,,gânglio,,gânglio,,raiz,nervoso_sentidos,,nervoso;sentidos,3,3,2,0,23,nucleo,ganglionar,,,,,,,,gânglio,A forma sugere sentido; não fecha diagnóstico.,"OpenRN Medical Terminology 2e, cap. 1, NCBI Bookshelf NBK607453 (CC BY 4.0); OpenRN Medical Terminology 2e, NCBI Bookshelf NBK607454 (CC BY 4.0); Prompt mestre do usuário, corpus-base de terminologia médica, 2026-07-17",alta,candidato_validado_automaticamente,card_proprio,etim-v2-rai-gangli-o,sim,reconhecimento,1,,,etim_uid::etim-v2-rai-gangli-o;terminologia::nivel::nucleo;terminologia::tipo::raiz,Texto PT-BR; forma citada preservada.
etim-v2-rai-gli-o,gli/o,,,morfema,raiz,greco-latina; confirmar étimo apenas quando necessário,,,glia,,glia,,raiz,nervoso_sentidos,,nervoso;sentidos,3,3,2,0,23,nucleo,glioma,,,,,,,,glia,A forma sugere sentido; não fecha diagnóstico.,"OpenRN Medical Terminology 2e, cap. 1, NCBI Bookshelf NBK607453 (CC BY 4.0); OpenRN Medical Terminology 2e, NCBI Bookshelf NBK607454 (CC BY 4.0); Prompt mestre do usuário, corpus-base de terminologia médica, 2026-07-17",alta,candidato_validado_automaticamente,card_proprio,etim-v2-rai-gli-o,sim,reconhecimento,1,,,etim_uid::etim-v2-rai-gli-o;terminologia::nivel::nucleo;terminologia::tipo::raiz,Texto PT-BR; forma citada preservada.
etim-v2-rai-radicul-o,radicul/o,,,morfema,raiz,greco-latina; confirmar étimo apenas quando necessário,,,raiz nervosa,,raiz nervosa,,raiz,nervoso_sentidos,,nervoso;sentidos,3,3,2,0,23,nucleo,radiculopatia,,,,,,,,raiz nervosa,A forma sugere sentido; não fecha diagnóstico.,"OpenRN Medical Terminology 2e, cap. 1, NCBI Bookshelf NBK607453 (CC BY 4.0); OpenRN Medical Terminology 2e, NCBI Bookshelf NBK607454 (CC BY 4.0); Prompt mestre do usuário, corpus-base de terminologia médica, 2026-07-17",alta,candidato_validado_automaticamente,card_proprio,etim-v2-rai-radicul-o,sim,reconhecimento,1,,,etim_uid::etim-v2-rai-radicul-o;terminologia::nivel::nucleo;terminologia::tipo::raiz,Texto PT-BR; forma citada preservada.
etim-v2-rai-esthesi-o,esthesi/o,,,morfema,raiz,greco-latina; confirmar étimo apenas quando necessário,,,sensibilidade,,sensibilidade,,raiz,nervoso_sentidos,,nervoso;sentidos,3,3,2,0,23,nucleo,anestesia,,,,,,,,sensibilidade,A forma sugere sentido; não fecha diagnóstico.,"OpenRN Medical Terminology 2e, cap. 1, NCBI Bookshelf NBK607453 (CC BY 4.0); OpenRN Medical Terminology 2e, NCBI Bookshelf NBK607454 (CC BY 4.0); Prompt mestre do usuário, corpus-base de terminologia médica, 2026-07-17",alta,candidato_validado_automaticamente,card_proprio,etim-v2-rai-esthesi-o,sim,reconhecimento,1,,,etim_uid::etim-v2-rai-esthesi-o;terminologia::nivel::nucleo;terminologia::tipo::raiz,Texto PT-BR; forma citada preservada.
etim-v2-rai-algesi-o,algesi/o,,,morfema,raiz,greco-latina; confirmar étimo apenas quando necessário,,,dor,,dor,,raiz,nervoso_sentidos,,nervoso;sentidos,3,3,2,0,23,nucleo,analgesia,,,,,,,,dor,A forma sugere sentido; não fecha diagnóstico.,"OpenRN Medical Terminology 2e, cap. 1, NCBI Bookshelf NBK607453 (CC BY 4.0); OpenRN Medical Terminology 2e, NCBI Bookshelf NBK607454 (CC BY 4.0); Prompt mestre do usuário, corpus-base de terminologia médica, 2026-07-17",alta,candidato_validado_automaticamente,card_proprio,etim-v2-rai-algesi-o,sim,reconhecimento,1,,,etim_uid::etim-v2-rai-algesi-o;terminologia::nivel::nucleo;terminologia::tipo::raiz,Texto PT-BR; forma citada preservada.
etim-v2-rai-kines-o,kines/o,,,morfema,raiz,greco-latina; confirmar étimo apenas quando necessário,,,movimento,,movimento,,raiz,nervoso_sentidos,,nervoso;sentidos,3,3,2,0,23,nucleo,cinesia,,,,,,,,movimento,A forma sugere sentido; não fecha diagnóstico.,"OpenRN Medical Terminology 2e, cap. 1, NCBI Bookshelf NBK607453 (CC BY 4.0); OpenRN Medical Terminology 2e, NCBI Bookshelf NBK607454 (CC BY 4.0); Prompt mestre do usuário, corpus-base de terminologia médica, 2026-07-17",alta,candidato_validado_automaticamente,card_proprio,etim-v2-rai-kines-o,sim,reconhecimento,1,,,etim_uid::etim-v2-rai-kines-o;terminologia::nivel::nucleo;terminologia::tipo::raiz,Texto PT-BR; forma citada preservada.
etim-v2-rai-psic-o,psic/o,psych/o,psych/o,morfema,raiz,greco-latina; confirmar étimo apenas quando necessário,,,mente,,mente,,raiz,nervoso_sentidos,,nervoso;sentidos,3,3,2,0,23,nucleo,psicose,,,,,,,,mente,A forma sugere sentido; não fecha diagnóstico.,"OpenRN Medical Terminology 2e, cap. 1, NCBI Bookshelf NBK607453 (CC BY 4.0); OpenRN Medical Terminology 2e, NCBI Bookshelf NBK607454 (CC BY 4.0); Prompt mestre do usuário, corpus-base de terminologia médica, 2026-07-17",alta,candidato_validado_automaticamente,card_proprio,etim-v2-rai-psic-o,sim,reconhecimento,1,,,etim_uid::etim-v2-rai-psic-o;terminologia::nivel::nucleo;terminologia::tipo::raiz,Texto PT-BR; forma citada preservada.
etim-v2-rai-autonom-o,autonom/o,,,morfema,raiz,greco-latina; confirmar étimo apenas quando necessário,,,autônomo,,autônomo,,raiz,nervoso_sentidos,,nervoso;sentidos,3,3,2,0,23,nucleo,disautonomia,,,,,,,,autônomo,A forma sugere sentido; não fecha diagnóstico.,"OpenRN Medical Terminology 2e, cap. 1, NCBI Bookshelf NBK607453 (CC BY 4.0); OpenRN Medical Terminology 2e, NCBI Bookshelf NBK607454 (CC BY 4.0); Prompt mestre do usuário, corpus-base de terminologia médica, 2026-07-17",alta,candidato_validado_automaticamente,card_proprio,etim-v2-rai-autonom-o,sim,reconhecimento,1,,,etim_uid::etim-v2-rai-autonom-o;terminologia::nivel::nucleo;terminologia::tipo::raiz,Texto PT-BR; forma citada preservada.
etim-v2-rai-simpat-o,simpat/o,sympath/o,sympath/o,morfema,raiz,greco-latina; confirmar étimo apenas quando necessário,,,simpático,,simpático,,raiz,nervoso_sentidos,,nervoso;sentidos,3,3,2,0,23,nucleo,simpatectomia,,,,,,,,simpático,A forma sugere sentido; não fecha diagnóstico.,"OpenRN Medical Terminology 2e, cap. 1, NCBI Bookshelf NBK607453 (CC BY 4.0); OpenRN Medical Terminology 2e, NCBI Bookshelf NBK607454 (CC BY 4.0); Prompt mestre do usuário, corpus-base de terminologia médica, 2026-07-17",alta,candidato_validado_automaticamente,card_proprio,etim-v2-rai-simpat-o,sim,reconhecimento,1,,,etim_uid::etim-v2-rai-simpat-o;terminologia::nivel::nucleo;terminologia::tipo::raiz,Texto PT-BR; forma citada preservada.
etim-v2-rai-parassimpat-o,parassimpat/o,parasympath/o,parasympath/o,morfema,raiz,greco-latina; confirmar étimo apenas quando necessário,,,parassimpático,,parassimpático,,raiz,nervoso_sentidos,,nervoso;sentidos,3,3,2,0,23,nucleo,parassimpático,,,,,,,,parassimpático,A forma sugere sentido; não fecha diagnóstico.,"OpenRN Medical Terminology 2e, cap. 1, NCBI Bookshelf NBK607453 (CC BY 4.0); OpenRN Medical Terminology 2e, NCBI Bookshelf NBK607454 (CC BY 4.0); Prompt mestre do usuário, corpus-base de terminologia médica, 2026-07-17",alta,candidato_validado_automaticamente,card_proprio,etim-v2-rai-parassimpat-o,sim,reconhecimento,1,,,etim_uid::etim-v2-rai-parassimpat-o;terminologia::nivel::nucleo;terminologia::tipo::raiz,Texto PT-BR; forma citada preservada.
etim-v2-rai-talam-o,talam/o,thalam/o,thalam/o,morfema,raiz,greco-latina; confirmar étimo apenas quando necessário,,,tálamo,,tálamo,,raiz,nervoso_sentidos,,nervoso;sentidos,3,3,2,0,23,nucleo,talâmico,,,,,,,,tálamo,A forma sugere sentido; não fecha diagnóstico.,"OpenRN Medical Terminology 2e, cap. 1, NCBI Bookshelf NBK607453 (CC BY 4.0); OpenRN Medical Terminology 2e, NCBI Bookshelf NBK607454 (CC BY 4.0); Prompt mestre do usuário, corpus-base de terminologia médica, 2026-07-17",alta,candidato_validado_automaticamente,card_proprio,etim-v2-rai-talam-o,sim,reconhecimento,1,,,etim_uid::etim-v2-rai-talam-o;terminologia::nivel::nucleo;terminologia::tipo::raiz,Texto PT-BR; forma citada preservada.
etim-v2-rai-hipotalam-o,hipotalam/o,hypothalam/o,hypothalam/o,morfema,raiz,greco-latina; confirmar étimo apenas quando necessário,,,hipotálamo,,hipotálamo,,raiz,nervoso_sentidos,,nervoso;sentidos,3,3,2,0,23,nucleo,hipotalâmico,,,,,,,,hipotálamo,A forma sugere sentido; não fecha diagnóstico.,"OpenRN Medical Terminology 2e, cap. 1, NCBI Bookshelf NBK607453 (CC BY 4.0); OpenRN Medical Terminology 2e, NCBI Bookshelf NBK607454 (CC BY 4.0); Prompt mestre do usuário, corpus-base de terminologia médica, 2026-07-17",alta,candidato_validado_automaticamente,card_proprio,etim-v2-rai-hipotalam-o,sim,reconhecimento,1,,,etim_uid::etim-v2-rai-hipotalam-o;terminologia::nivel::nucleo;terminologia::tipo::raiz,Texto PT-BR; forma citada preservada.
etim-v2-rai-hipocamp-o,hipocamp/o,hippocamp/o,hippocamp/o,morfema,raiz,greco-latina; confirmar étimo apenas quando necessário,,,hipocampo,,hipocampo,,raiz,nervoso_sentidos,,nervoso;sentidos,3,3,2,0,23,nucleo,hipocampal,,,,,,,,hipocampo,A forma sugere sentido; não fecha diagnóstico.,"OpenRN Medical Terminology 2e, cap. 1, NCBI Bookshelf NBK607453 (CC BY 4.0); OpenRN Medical Terminology 2e, NCBI Bookshelf NBK607454 (CC BY 4.0); Prompt mestre do usuário, corpus-base de terminologia médica, 2026-07-17",alta,candidato_validado_automaticamente,card_proprio,etim-v2-rai-hipocamp-o,sim,reconhecimento,1,,,etim_uid::etim-v2-rai-hipocamp-o;terminologia::nivel::nucleo;terminologia::tipo::raiz,Texto PT-BR; forma citada preservada.
etim-v2-rai-cortic-o,cortic/o,,,morfema,raiz,greco-latina; confirmar étimo apenas quando necessário,,,córtex,,córtex,,raiz,nervoso_sentidos,,nervoso;sentidos,3,3,2,0,23,nucleo,cortical,,,,,,,,córtex,A forma sugere sentido; não fecha diagnóstico.,"OpenRN Medical Terminology 2e, cap. 1, NCBI Bookshelf NBK607453 (CC BY 4.0); OpenRN Medical Terminology 2e, NCBI Bookshelf NBK607454 (CC BY 4.0); Prompt mestre do usuário, corpus-base de terminologia médica, 2026-07-17",alta,candidato_validado_automaticamente,card_proprio,etim-v2-rai-cortic-o,sim,reconhecimento,1,,,etim_uid::etim-v2-rai-cortic-o;terminologia::nivel::nucleo;terminologia::tipo::raiz,Texto PT-BR; forma citada preservada.
etim-v2-rai-medull-o,medull/o,,,morfema,raiz,greco-latina; confirmar étimo apenas quando necessário,,,medula,,medula,,raiz,nervoso_sentidos,,nervoso;sentidos,3,3,2,0,23,nucleo,medular,,,,,,,,medula,A forma sugere sentido; não fecha diagnóstico.,"OpenRN Medical Terminology 2e, cap. 1, NCBI Bookshelf NBK607453 (CC BY 4.0); OpenRN Medical Terminology 2e, NCBI Bookshelf NBK607454 (CC BY 4.0); Prompt mestre do usuário, corpus-base de terminologia médica, 2026-07-17",alta,candidato_validado_automaticamente,card_proprio,etim-v2-rai-medull-o,sim,reconhecimento,1,,,etim_uid::etim-v2-rai-medull-o;terminologia::nivel::nucleo;terminologia::tipo::raiz,Texto PT-BR; forma citada preservada.
etim-v2-rai-pont-o,pont/o,,,morfema,raiz,greco-latina; confirmar étimo apenas quando necessário,,,ponte,,ponte,,raiz,nervoso_sentidos,,nervoso;sentidos,3,3,2,0,23,nucleo,pontino,,,,,,,,ponte,A forma sugere sentido; não fecha diagnóstico.,"OpenRN Medical Terminology 2e, cap. 1, NCBI Bookshelf NBK607453 (CC BY 4.0); OpenRN Medical Terminology 2e, NCBI Bookshelf NBK607454 (CC BY 4.0); Prompt mestre do usuário, corpus-base de terminologia médica, 2026-07-17",alta,candidato_validado_automaticamente,card_proprio,etim-v2-rai-pont-o,sim,reconhecimento,1,,,etim_uid::etim-v2-rai-pont-o;terminologia::nivel::nucleo;terminologia::tipo::raiz,Texto PT-BR; forma citada preservada.
etim-v2-rai-cran-o,cran/o,,,morfema,raiz,greco-latina; confirmar étimo apenas quando necessário,,,crânio,,crânio,,raiz,nervoso_sentidos,,nervoso;sentidos,3,3,2,0,23,nucleo,intracraniano,,,,,,,,crânio,A forma sugere sentido; não fecha diagnóstico.,"OpenRN Medical Terminology 2e, cap. 1, NCBI Bookshelf NBK607453 (CC BY 4.0); OpenRN Medical Terminology 2e, NCBI Bookshelf NBK607454 (CC BY 4.0); Prompt mestre do usuário, corpus-base de terminologia médica, 2026-07-17",alta,candidato_validado_automaticamente,card_proprio,etim-v2-rai-cran-o,sim,reconhecimento,1,,,etim_uid::etim-v2-rai-cran-o;terminologia::nivel::nucleo;terminologia::tipo::raiz,Texto PT-BR; forma citada preservada.
etim-v2-rai-plex-o,plex/o,,,morfema,raiz,greco-latina; confirmar étimo apenas quando necessário,,,plexo,,plexo,,raiz,nervoso_sentidos,,nervoso;sentidos,3,2,2,0,20,nucleo,plexopatia,,,,,,,,plexo,A forma sugere sentido; não fecha diagnóstico.,"OpenRN Medical Terminology 2e, cap. 1, NCBI Bookshelf NBK607453 (CC BY 4.0); OpenRN Medical Terminology 2e, NCBI Bookshelf NBK607454 (CC BY 4.0); Prompt mestre do usuário, corpus-base de terminologia médica, 2026-07-17",alta,candidato_validado_automaticamente,card_proprio,etim-v2-rai-plex-o,sim,reconhecimento,1,,,etim_uid::etim-v2-rai-plex-o;terminologia::nivel::nucleo;terminologia::tipo::raiz,Texto PT-BR; forma citada preservada.
etim-v2-rai-synaps-o,synaps/o,,,morfema,raiz,greco-latina; confirmar étimo apenas quando necessário,,,sinapse,,sinapse,,raiz,nervoso_sentidos,,nervoso;sentidos,3,2,2,0,20,nucleo,sináptico,,,,,,,,sinapse,A forma sugere sentido; não fecha diagnóstico.,"OpenRN Medical Terminology 2e, cap. 1, NCBI Bookshelf NBK607453 (CC BY 4.0); OpenRN Medical Terminology 2e, NCBI Bookshelf NBK607454 (CC BY 4.0); Prompt mestre do usuário, corpus-base de terminologia médica, 2026-07-17",alta,candidato_validado_automaticamente,card_proprio,etim-v2-rai-synaps-o,sim,reconhecimento,1,,,etim_uid::etim-v2-rai-synaps-o;terminologia::nivel::nucleo;terminologia::tipo::raiz,Texto PT-BR; forma citada preservada.
etim-v2-rai-axon-o,axon/o,,,morfema,raiz,greco-latina; confirmar étimo apenas quando necessário,,,axônio,,axônio,,raiz,nervoso_sentidos,,nervoso;sentidos,3,2,2,0,20,nucleo,axonal,,,,,,,,axônio,A forma sugere sentido; não fecha diagnóstico.,"OpenRN Medical Terminology 2e, cap. 1, NCBI Bookshelf NBK607453 (CC BY 4.0); OpenRN Medical Terminology 2e, NCBI Bookshelf NBK607454 (CC BY 4.0); Prompt mestre do usuário, corpus-base de terminologia médica, 2026-07-17",alta,candidato_validado_automaticamente,card_proprio,etim-v2-rai-axon-o,sim,reconhecimento,1,,,etim_uid::etim-v2-rai-axon-o;terminologia::nivel::nucleo;terminologia::tipo::raiz,Texto PT-BR; forma citada preservada.
etim-v2-rai-dendr-o,dendr/o,,,morfema,raiz,greco-latina; confirmar étimo apenas quando necessário,,,ramificação,,ramificação,,raiz,nervoso_sentidos,,nervoso;sentidos,3,2,2,0,20,nucleo,dendrito,,,,,,,,ramificação,A forma sugere sentido; não fecha diagnóstico.,"OpenRN Medical Terminology 2e, cap. 1, NCBI Bookshelf NBK607453 (CC BY 4.0); OpenRN Medical Terminology 2e, NCBI Bookshelf NBK607454 (CC BY 4.0); Prompt mestre do usuário, corpus-base de terminologia médica, 2026-07-17",alta,candidato_validado_automaticamente,card_proprio,etim-v2-rai-dendr-o,sim,reconhecimento,1,,,etim_uid::etim-v2-rai-dendr-o;terminologia::nivel::nucleo;terminologia::tipo::raiz,Texto PT-BR; forma citada preservada.
etim-v2-rai-oftalm-o,oftalm/o,ophthalm/o,ophthalm/o,morfema,raiz,greco-latina; confirmar étimo apenas quando necessário,,,olho,,olho,,raiz,nervoso_sentidos,,nervoso;sentidos,3,2,2,0,20,nucleo,oftalmologia,,,,,,,,olho,A forma sugere sentido; não fecha diagnóstico.,"OpenRN Medical Terminology 2e, cap. 1, NCBI Bookshelf NBK607453 (CC BY 4.0); OpenRN Medical Terminology 2e, NCBI Bookshelf NBK607454 (CC BY 4.0); Prompt mestre do usuário, corpus-base de terminologia médica, 2026-07-17",alta,candidato_validado_automaticamente,card_proprio,etim-v2-rai-oftalm-o,sim,reconhecimento,1,,,etim_uid::etim-v2-rai-oftalm-o;terminologia::nivel::nucleo;terminologia::tipo::raiz,Texto PT-BR; forma citada preservada.
etim-v2-rai-ocul-o,ocul/o,,,morfema,raiz,greco-latina; confirmar étimo apenas quando necessário,,,olho,,olho,,raiz,nervoso_sentidos,,nervoso;sentidos,3,2,2,0,20,nucleo,ocular,,,,,,,,olho,A forma sugere sentido; não fecha diagnóstico.,"OpenRN Medical Terminology 2e, cap. 1, NCBI Bookshelf NBK607453 (CC BY 4.0); OpenRN Medical Terminology 2e, NCBI Bookshelf NBK607454 (CC BY 4.0); Prompt mestre do usuário, corpus-base de terminologia médica, 2026-07-17",alta,candidato_validado_automaticamente,card_proprio,etim-v2-rai-ocul-o,sim,reconhecimento,1,,,etim_uid::etim-v2-rai-ocul-o;terminologia::nivel::nucleo;terminologia::tipo::raiz,Texto PT-BR; forma citada preservada.
etim-v2-rai-opt-o,opt/o,,,morfema,raiz,greco-latina; confirmar étimo apenas quando necessário,,,visão,,visão,,raiz,nervoso_sentidos,,nervoso;sentidos,3,2,2,0,20,nucleo,óptico,,,,,,,,visão,A forma sugere sentido; não fecha diagnóstico.,"OpenRN Medical Terminology 2e, cap. 1, NCBI Bookshelf NBK607453 (CC BY 4.0); OpenRN Medical Terminology 2e, NCBI Bookshelf NBK607454 (CC BY 4.0); Prompt mestre do usuário, corpus-base de terminologia médica, 2026-07-17",alta,candidato_validado_automaticamente,card_proprio,etim-v2-rai-opt-o,sim,reconhecimento,1,,,etim_uid::etim-v2-rai-opt-o;terminologia::nivel::nucleo;terminologia::tipo::raiz,Texto PT-BR; forma citada preservada.
etim-v2-rai-retin-o,retin/o,,,morfema,raiz,greco-latina; confirmar étimo apenas quando necessário,,,retina,,retina,,raiz,nervoso_sentidos,,nervoso;sentidos,3,2,2,0,20,nucleo,retinopatia,,,,,,,,retina,A forma sugere sentido; não fecha diagnóstico.,"OpenRN Medical Terminology 2e, cap. 1, NCBI Bookshelf NBK607453 (CC BY 4.0); OpenRN Medical Terminology 2e, NCBI Bookshelf NBK607454 (CC BY 4.0); Prompt mestre do usuário, corpus-base de terminologia médica, 2026-07-17",alta,candidato_validado_automaticamente,card_proprio,etim-v2-rai-retin-o,sim,reconhecimento,1,,,etim_uid::etim-v2-rai-retin-o;terminologia::nivel::nucleo;terminologia::tipo::raiz,Texto PT-BR; forma citada preservada.
etim-v2-rai-corne-o,corne/o,,,morfema,raiz,greco-latina; confirmar étimo apenas quando necessário,,,córnea,,córnea,,raiz,nervoso_sentidos,,nervoso;sentidos,3,2,2,0,20,nucleo,corneano,,,,,,,,córnea,A forma sugere sentido; não fecha diagnóstico.,"OpenRN Medical Terminology 2e, cap. 1, NCBI Bookshelf NBK607453 (CC BY 4.0); OpenRN Medical Terminology 2e, NCBI Bookshelf NBK607454 (CC BY 4.0); Prompt mestre do usuário, corpus-base de terminologia médica, 2026-07-17",alta,candidato_validado_automaticamente,card_proprio,etim-v2-rai-corne-o,sim,reconhecimento,1,,,etim_uid::etim-v2-rai-corne-o;terminologia::nivel::nucleo;terminologia::tipo::raiz,Texto PT-BR; forma citada preservada.
etim-v2-rai-kerat-o,kerat/o,,,morfema,raiz,greco-latina; confirmar étimo apenas quando necessário,,,córnea ou queratina,,córnea ou queratina,,raiz,nervoso_sentidos;pele_imune_micro,,nervoso;sentidos,3,2,2,1,22,nucleo,ceratite;hiperceratose,,,,,,,,córnea ou queratina,A forma sugere sentido; não fecha diagnóstico.,"OpenRN Medical Terminology 2e, cap. 1, NCBI Bookshelf NBK607453 (CC BY 4.0); OpenRN Medical Terminology 2e, NCBI Bookshelf NBK607454 (CC BY 4.0); Prompt mestre do usuário, corpus-base de terminologia médica, 2026-07-17",alta,candidato_validado_automaticamente,card_proprio,etim-v2-rai-kerat-o,sim,reconhecimento,1,,,etim_uid::etim-v2-rai-kerat-o;terminologia::nivel::nucleo;terminologia::tipo::raiz,Texto PT-BR; forma citada preservada.
etim-v2-rai-irid-o,irid/o,,,morfema,raiz,greco-latina; confirmar étimo apenas quando necessário,,,íris,,íris,,raiz,nervoso_sentidos,,nervoso;sentidos,3,2,2,0,20,nucleo,iridectomia,,,,,,,,íris,A forma sugere sentido; não fecha diagnóstico.,"OpenRN Medical Terminology 2e, cap. 1, NCBI Bookshelf NBK607453 (CC BY 4.0); OpenRN Medical Terminology 2e, NCBI Bookshelf NBK607454 (CC BY 4.0); Prompt mestre do usuário, corpus-base de terminologia médica, 2026-07-17",alta,candidato_validado_automaticamente,card_proprio,etim-v2-rai-irid-o,sim,reconhecimento,1,,,etim_uid::etim-v2-rai-irid-o;terminologia::nivel::nucleo;terminologia::tipo::raiz,Texto PT-BR; forma citada preservada.
etim-v2-rai-uve-o,uve/o,,,morfema,raiz,greco-latina; confirmar étimo apenas quando necessário,,,úvea,,úvea,,raiz,nervoso_sentidos,,nervoso;sentidos,3,2,2,0,20,nucleo,uveíte,,,,,,,,úvea,A forma sugere sentido; não fecha diagnóstico.,"OpenRN Medical Terminology 2e, cap. 1, NCBI Bookshelf NBK607453 (CC BY 4.0); OpenRN Medical Terminology 2e, NCBI Bookshelf NBK607454 (CC BY 4.0); Prompt mestre do usuário, corpus-base de terminologia médica, 2026-07-17",alta,candidato_validado_automaticamente,card_proprio,etim-v2-rai-uve-o,sim,reconhecimento,1,,,etim_uid::etim-v2-rai-uve-o;terminologia::nivel::nucleo;terminologia::tipo::raiz,Texto PT-BR; forma citada preservada.
etim-v2-rai-blephar-o,blephar/o,,,morfema,raiz,greco-latina; confirmar étimo apenas quando necessário,,,pálpebra,,pálpebra,,raiz,nervoso_sentidos,,nervoso;sentidos,3,2,2,0,20,nucleo,blefarite,,,,,,,,pálpebra,A forma sugere sentido; não fecha diagnóstico.,"OpenRN Medical Terminology 2e, cap. 1, NCBI Bookshelf NBK607453 (CC BY 4.0); OpenRN Medical Terminology 2e, NCBI Bookshelf NBK607454 (CC BY 4.0); Prompt mestre do usuário, corpus-base de terminologia médica, 2026-07-17",alta,candidato_validado_automaticamente,card_proprio,etim-v2-rai-blephar-o,sim,reconhecimento,1,,,etim_uid::etim-v2-rai-blephar-o;terminologia::nivel::nucleo;terminologia::tipo::raiz,Texto PT-BR; forma citada preservada.
etim-v2-rai-dacry-o,dacry/o,,,morfema,raiz,greco-latina; confirmar étimo apenas quando necessário,,,lágrima,,lágrima,,raiz,nervoso_sentidos,,nervoso;sentidos,3,2,2,0,20,nucleo,dacriocistite,,,,,,,,lágrima,A forma sugere sentido; não fecha diagnóstico.,"OpenRN Medical Terminology 2e, cap. 1, NCBI Bookshelf NBK607453 (CC BY 4.0); OpenRN Medical Terminology 2e, NCBI Bookshelf NBK607454 (CC BY 4.0); Prompt mestre do usuário, corpus-base de terminologia médica, 2026-07-17",alta,candidato_validado_automaticamente,card_proprio,etim-v2-rai-dacry-o,sim,reconhecimento,1,,,etim_uid::etim-v2-rai-dacry-o;terminologia::nivel::nucleo;terminologia::tipo::raiz,Texto PT-BR; forma citada preservada.
etim-v2-rai-ot-o,ot/o,,,morfema,raiz,greco-latina; confirmar étimo apenas quando necessário,,,orelha,,orelha,,raiz,nervoso_sentidos,,nervoso;sentidos,3,2,2,0,20,nucleo,otite,,,,,,,,orelha,A forma sugere sentido; não fecha diagnóstico.,"OpenRN Medical Terminology 2e, cap. 1, NCBI Bookshelf NBK607453 (CC BY 4.0); OpenRN Medical Terminology 2e, NCBI Bookshelf NBK607454 (CC BY 4.0); Prompt mestre do usuário, corpus-base de terminologia médica, 2026-07-17",alta,candidato_validado_automaticamente,card_proprio,etim-v2-rai-ot-o,sim,reconhecimento,1,,,etim_uid::etim-v2-rai-ot-o;terminologia::nivel::nucleo;terminologia::tipo::raiz,Texto PT-BR; forma citada preservada.
etim-v2-rai-aur-o,aur/o,,,morfema,raiz,greco-latina; confirmar étimo apenas quando necessário,,,orelha,,orelha,,raiz,nervoso_sentidos,,nervoso;sentidos,3,2,2,0,20,nucleo,auricular,,,,,,,,orelha,A forma sugere sentido; não fecha diagnóstico.,"OpenRN Medical Terminology 2e, cap. 1, NCBI Bookshelf NBK607453 (CC BY 4.0); OpenRN Medical Terminology 2e, NCBI Bookshelf NBK607454 (CC BY 4.0); Prompt mestre do usuário, corpus-base de terminologia médica, 2026-07-17",alta,candidato_validado_automaticamente,card_proprio,etim-v2-rai-aur-o,sim,reconhecimento,1,,,etim_uid::etim-v2-rai-aur-o;terminologia::nivel::nucleo;terminologia::tipo::raiz,Texto PT-BR; forma citada preservada.
etim-v2-rai-audi-o,audi/o,,,morfema,raiz,greco-latina; confirmar étimo apenas quando necessário,,,audição,,audição,,raiz,nervoso_sentidos,,nervoso;sentidos,3,2,2,0,20,nucleo,audiometria,,,,,,,,audição,A forma sugere sentido; não fecha diagnóstico.,"OpenRN Medical Terminology 2e, cap. 1, NCBI Bookshelf NBK607453 (CC BY 4.0); OpenRN Medical Terminology 2e, NCBI Bookshelf NBK607454 (CC BY 4.0); Prompt mestre do usuário, corpus-base de terminologia médica, 2026-07-17",alta,candidato_validado_automaticamente,card_proprio,etim-v2-rai-audi-o,sim,reconhecimento,1,,,etim_uid::etim-v2-rai-audi-o;terminologia::nivel::nucleo;terminologia::tipo::raiz,Texto PT-BR; forma citada preservada.
etim-v2-rai-acous-o,acous/o,,,morfema,raiz,greco-latina; confirmar étimo apenas quando necessário,,,audição,,audição,,raiz,nervoso_sentidos,,nervoso;sentidos,3,2,2,0,20,nucleo,hipoacusia,,,,,,,,audição,A forma sugere sentido; não fecha diagnóstico.,"OpenRN Medical Terminology 2e, cap. 1, NCBI Bookshelf NBK607453 (CC BY 4.0); OpenRN Medical Terminology 2e, NCBI Bookshelf NBK607454 (CC BY 4.0); Prompt mestre do usuário, corpus-base de terminologia médica, 2026-07-17",alta,candidato_validado_automaticamente,card_proprio,etim-v2-rai-acous-o,sim,reconhecimento,1,,,etim_uid::etim-v2-rai-acous-o;terminologia::nivel::nucleo;terminologia::tipo::raiz,Texto PT-BR; forma citada preservada.
etim-v2-rai-timpan-o,timpan/o,tympan/o,tympan/o,morfema,raiz,greco-latina; confirmar étimo apenas quando necessário,,,tímpano,,tímpano,,raiz,nervoso_sentidos,,nervoso;sentidos,3,2,2,0,20,nucleo,timpanoplastia,,,,,,,,tímpano,A forma sugere sentido; não fecha diagnóstico.,"OpenRN Medical Terminology 2e, cap. 1, NCBI Bookshelf NBK607453 (CC BY 4.0); OpenRN Medical Terminology 2e, NCBI Bookshelf NBK607454 (CC BY 4.0); Prompt mestre do usuário, corpus-base de terminologia médica, 2026-07-17",alta,candidato_validado_automaticamente,card_proprio,etim-v2-rai-timpan-o,sim,reconhecimento,1,,,etim_uid::etim-v2-rai-timpan-o;terminologia::nivel::nucleo;terminologia::tipo::raiz,Texto PT-BR; forma citada preservada.
etim-v2-rai-miring-o,miring/o,myring/o,myring/o,morfema,raiz,greco-latina; confirmar étimo apenas quando necessário,,,membrana timpânica,,membrana timpânica,,raiz,nervoso_sentidos,,nervoso;sentidos,3,2,2,0,20,nucleo,miringotomia,,,,,,,,membrana timpânica,A forma sugere sentido; não fecha diagnóstico.,"OpenRN Medical Terminology 2e, cap. 1, NCBI Bookshelf NBK607453 (CC BY 4.0); OpenRN Medical Terminology 2e, NCBI Bookshelf NBK607454 (CC BY 4.0); Prompt mestre do usuário, corpus-base de terminologia médica, 2026-07-17",alta,candidato_validado_automaticamente,card_proprio,etim-v2-rai-miring-o,sim,reconhecimento,1,,,etim_uid::etim-v2-rai-miring-o;terminologia::nivel::nucleo;terminologia::tipo::raiz,Texto PT-BR; forma citada preservada.
etim-v2-rai-vestibul-o,vestibul/o,,,morfema,raiz,greco-latina; confirmar étimo apenas quando necessário,,,vestíbulo,,vestíbulo,,raiz,nervoso_sentidos,,nervoso;sentidos,3,2,2,0,20,nucleo,vestibulopatia,,,,,,,,vestíbulo,A forma sugere sentido; não fecha diagnóstico.,"OpenRN Medical Terminology 2e, cap. 1, NCBI Bookshelf NBK607453 (CC BY 4.0); OpenRN Medical Terminology 2e, NCBI Bookshelf NBK607454 (CC BY 4.0); Prompt mestre do usuário, corpus-base de terminologia médica, 2026-07-17",alta,candidato_validado_automaticamente,card_proprio,etim-v2-rai-vestibul-o,sim,reconhecimento,1,,,etim_uid::etim-v2-rai-vestibul-o;terminologia::nivel::nucleo;terminologia::tipo::raiz,Texto PT-BR; forma citada preservada.
etim-v2-rai-cocle-o,cocle/o,cochle/o,cochle/o,morfema,raiz,greco-latina; confirmar étimo apenas quando necessário,,,cóclea,,cóclea,,raiz,nervoso_sentidos,,nervoso;sentidos,3,2,2,0,20,nucleo,coclear,,,,,,,,cóclea,A forma sugere sentido; não fecha diagnóstico.,"OpenRN Medical Terminology 2e, cap. 1, NCBI Bookshelf NBK607453 (CC BY 4.0); OpenRN Medical Terminology 2e, NCBI Bookshelf NBK607454 (CC BY 4.0); Prompt mestre do usuário, corpus-base de terminologia médica, 2026-07-17",alta,candidato_validado_automaticamente,card_proprio,etim-v2-rai-cocle-o,sim,reconhecimento,1,,,etim_uid::etim-v2-rai-cocle-o;terminologia::nivel::nucleo;terminologia::tipo::raiz,Texto PT-BR; forma citada preservada.
etim-v2-rai-oste-o,oste/o,,,morfema,raiz,greco-latina; confirmar étimo apenas quando necessário,,,osso,,osso,,raiz,musculoesqueletico,,musculoesqueletico,3,3,2,0,23,nucleo,osteologia,,,,,,,,osso,A forma sugere sentido; não fecha diagnóstico.,"OpenRN Medical Terminology 2e, cap. 1, NCBI Bookshelf NBK607453 (CC BY 4.0); OpenRN Medical Terminology 2e, NCBI Bookshelf NBK607454 (CC BY 4.0); Prompt mestre do usuário, corpus-base de terminologia médica, 2026-07-17",alta,candidato_validado_automaticamente,card_proprio,etim-v2-rai-oste-o,sim,reconhecimento,1,,,etim_uid::etim-v2-rai-oste-o;terminologia::nivel::nucleo;terminologia::tipo::raiz,Texto PT-BR; forma citada preservada.
etim-v2-rai-oss-i,oss/i,,,morfema,raiz,greco-latina; confirmar étimo apenas quando necessário,,,osso,,osso,,raiz,musculoesqueletico,,musculoesqueletico,3,3,2,0,23,nucleo,ossificação,,,,,,,,osso,A forma sugere sentido; não fecha diagnóstico.,"OpenRN Medical Terminology 2e, cap. 1, NCBI Bookshelf NBK607453 (CC BY 4.0); OpenRN Medical Terminology 2e, NCBI Bookshelf NBK607454 (CC BY 4.0); Prompt mestre do usuário, corpus-base de terminologia médica, 2026-07-17",alta,candidato_validado_automaticamente,card_proprio,etim-v2-rai-oss-i,sim,reconhecimento,1,,,etim_uid::etim-v2-rai-oss-i;terminologia::nivel::nucleo;terminologia::tipo::raiz,Texto PT-BR; forma citada preservada.
etim-v2-rai-artr-o,artr/o,arthr/o,arthr/o,morfema,raiz,greco-latina; confirmar étimo apenas quando necessário,,,articulação,,articulação,,raiz,musculoesqueletico,,musculoesqueletico,3,3,2,0,23,nucleo,artrite,,,,,,,,articulação,A forma sugere sentido; não fecha diagnóstico.,"OpenRN Medical Terminology 2e, cap. 1, NCBI Bookshelf NBK607453 (CC BY 4.0); OpenRN Medical Terminology 2e, NCBI Bookshelf NBK607454 (CC BY 4.0); Prompt mestre do usuário, corpus-base de terminologia médica, 2026-07-17",alta,candidato_validado_automaticamente,card_proprio,etim-v2-rai-artr-o,sim,reconhecimento,1,,,etim_uid::etim-v2-rai-artr-o;terminologia::nivel::nucleo;terminologia::tipo::raiz,Texto PT-BR; forma citada preservada.
etim-v2-rai-condr-o,condr/o,chondr/o,chondr/o,morfema,raiz,greco-latina; confirmar étimo apenas quando necessário,,,cartilagem,,cartilagem,,raiz,musculoesqueletico,,musculoesqueletico,3,3,2,0,23,nucleo,condromalácia,,,,,,,,cartilagem,A forma sugere sentido; não fecha diagnóstico.,"OpenRN Medical Terminology 2e, cap. 1, NCBI Bookshelf NBK607453 (CC BY 4.0); OpenRN Medical Terminology 2e, NCBI Bookshelf NBK607454 (CC BY 4.0); Prompt mestre do usuário, corpus-base de terminologia médica, 2026-07-17",alta,candidato_validado_automaticamente,card_proprio,etim-v2-rai-condr-o,sim,reconhecimento,1,,,etim_uid::etim-v2-rai-condr-o;terminologia::nivel::nucleo;terminologia::tipo::raiz,Texto PT-BR; forma citada preservada.
etim-v2-rai-mi-o,mi/o,my/o,my/o,morfema,raiz,greco-latina; confirmar étimo apenas quando necessário,,,músculo,,músculo,,raiz,musculoesqueletico,,musculoesqueletico,3,3,2,0,23,nucleo,miopatia,,,,,,,,músculo,A forma sugere sentido; não fecha diagnóstico.,"OpenRN Medical Terminology 2e, cap. 1, NCBI Bookshelf NBK607453 (CC BY 4.0); OpenRN Medical Terminology 2e, NCBI Bookshelf NBK607454 (CC BY 4.0); Prompt mestre do usuário, corpus-base de terminologia médica, 2026-07-17",alta,candidato_validado_automaticamente,card_proprio,etim-v2-rai-mi-o,sim,reconhecimento,1,,,etim_uid::etim-v2-rai-mi-o;terminologia::nivel::nucleo;terminologia::tipo::raiz,Texto PT-BR; forma citada preservada.
etim-v2-rai-mios-o,mios/o,myos/o,myos/o,morfema,raiz,greco-latina; confirmar étimo apenas quando necessário,,,músculo,,músculo,,raiz,musculoesqueletico,,musculoesqueletico,3,3,2,0,23,nucleo,miosite,,,,,,,,músculo,A forma sugere sentido; não fecha diagnóstico.,"OpenRN Medical Terminology 2e, cap. 1, NCBI Bookshelf NBK607453 (CC BY 4.0); OpenRN Medical Terminology 2e, NCBI Bookshelf NBK607454 (CC BY 4.0); Prompt mestre do usuário, corpus-base de terminologia médica, 2026-07-17",alta,candidato_validado_automaticamente,card_proprio,etim-v2-rai-mios-o,sim,reconhecimento,1,,,etim_uid::etim-v2-rai-mios-o;terminologia::nivel::nucleo;terminologia::tipo::raiz,Texto PT-BR; forma citada preservada.
etim-v2-rai-ten-o,ten/o,,,morfema,raiz,greco-latina; confirmar étimo apenas quando necessário,,,tendão,,tendão,,raiz,musculoesqueletico,,musculoesqueletico,3,3,2,0,23,nucleo,tenotomia,,,,,,,,tendão,A forma sugere sentido; não fecha diagnóstico.,"OpenRN Medical Terminology 2e, cap. 1, NCBI Bookshelf NBK607453 (CC BY 4.0); OpenRN Medical Terminology 2e, NCBI Bookshelf NBK607454 (CC BY 4.0); Prompt mestre do usuário, corpus-base de terminologia médica, 2026-07-17",alta,candidato_validado_automaticamente,card_proprio,etim-v2-rai-ten-o,sim,reconhecimento,1,,,etim_uid::etim-v2-rai-ten-o;terminologia::nivel::nucleo;terminologia::tipo::raiz,Texto PT-BR; forma citada preservada.
etim-v2-rai-tendin-o,tendin/o,,,morfema,raiz,greco-latina; confirmar étimo apenas quando necessário,,,tendão,,tendão,,raiz,musculoesqueletico,,musculoesqueletico,3,3,2,0,23,nucleo,tendinopatia,,,,,,,,tendão,A forma sugere sentido; não fecha diagnóstico.,"OpenRN Medical Terminology 2e, cap. 1, NCBI Bookshelf NBK607453 (CC BY 4.0); OpenRN Medical Terminology 2e, NCBI Bookshelf NBK607454 (CC BY 4.0); Prompt mestre do usuário, corpus-base de terminologia médica, 2026-07-17",alta,candidato_validado_automaticamente,card_proprio,etim-v2-rai-tendin-o,sim,reconhecimento,1,,,etim_uid::etim-v2-rai-tendin-o;terminologia::nivel::nucleo;terminologia::tipo::raiz,Texto PT-BR; forma citada preservada.
etim-v2-rai-ligament-o,ligament/o,,,morfema,raiz,greco-latina; confirmar étimo apenas quando necessário,,,ligamento,,ligamento,,raiz,musculoesqueletico,,musculoesqueletico,3,3,2,0,23,nucleo,ligamentar,,,,,,,,ligamento,A forma sugere sentido; não fecha diagnóstico.,"OpenRN Medical Terminology 2e, cap. 1, NCBI Bookshelf NBK607453 (CC BY 4.0); OpenRN Medical Terminology 2e, NCBI Bookshelf NBK607454 (CC BY 4.0); Prompt mestre do usuário, corpus-base de terminologia médica, 2026-07-17",alta,candidato_validado_automaticamente,card_proprio,etim-v2-rai-ligament-o,sim,reconhecimento,1,,,etim_uid::etim-v2-rai-ligament-o;terminologia::nivel::nucleo;terminologia::tipo::raiz,Texto PT-BR; forma citada preservada.
etim-v2-rai-fasci-o,fasci/o,,,morfema,raiz,greco-latina; confirmar étimo apenas quando necessário,,,fáscia,,fáscia,,raiz,musculoesqueletico,,musculoesqueletico,3,3,2,0,23,nucleo,fasciíte,,,,,,,,fáscia,A forma sugere sentido; não fecha diagnóstico.,"OpenRN Medical Terminology 2e, cap. 1, NCBI Bookshelf NBK607453 (CC BY 4.0); OpenRN Medical Terminology 2e, NCBI Bookshelf NBK607454 (CC BY 4.0); Prompt mestre do usuário, corpus-base de terminologia médica, 2026-07-17",alta,candidato_validado_automaticamente,card_proprio,etim-v2-rai-fasci-o,sim,reconhecimento,1,,,etim_uid::etim-v2-rai-fasci-o;terminologia::nivel::nucleo;terminologia::tipo::raiz,Texto PT-BR; forma citada preservada.
etim-v2-rai-burs-o,burs/o,,,morfema,raiz,greco-latina; confirmar étimo apenas quando necessário,,,bursa,,bursa,,raiz,musculoesqueletico,,musculoesqueletico,3,3,2,0,23,nucleo,bursite,,,,,,,,bursa,A forma sugere sentido; não fecha diagnóstico.,"OpenRN Medical Terminology 2e, cap. 1, NCBI Bookshelf NBK607453 (CC BY 4.0); OpenRN Medical Terminology 2e, NCBI Bookshelf NBK607454 (CC BY 4.0); Prompt mestre do usuário, corpus-base de terminologia médica, 2026-07-17",alta,candidato_validado_automaticamente,card_proprio,etim-v2-rai-burs-o,sim,reconhecimento,1,,,etim_uid::etim-v2-rai-burs-o;terminologia::nivel::nucleo;terminologia::tipo::raiz,Texto PT-BR; forma citada preservada.
etim-v2-rai-synovi-o,synovi/o,,,morfema,raiz,greco-latina; confirmar étimo apenas quando necessário,,,sinóvia,,sinóvia,,raiz,musculoesqueletico,,musculoesqueletico,3,3,2,0,23,nucleo,sinovite,,,,,,,,sinóvia,A forma sugere sentido; não fecha diagnóstico.,"OpenRN Medical Terminology 2e, cap. 1, NCBI Bookshelf NBK607453 (CC BY 4.0); OpenRN Medical Terminology 2e, NCBI Bookshelf NBK607454 (CC BY 4.0); Prompt mestre do usuário, corpus-base de terminologia médica, 2026-07-17",alta,candidato_validado_automaticamente,card_proprio,etim-v2-rai-synovi-o,sim,reconhecimento,1,,,etim_uid::etim-v2-rai-synovi-o;terminologia::nivel::nucleo;terminologia::tipo::raiz,Texto PT-BR; forma citada preservada.
etim-v2-rai-espondil-o,espondil/o,spondyl/o,spondyl/o,morfema,raiz,greco-latina; confirmar étimo apenas quando necessário,,,vértebra,,vértebra,,raiz,musculoesqueletico,,musculoesqueletico,3,3,2,0,23,nucleo,espondilose,,,,,,,,vértebra,A forma sugere sentido; não fecha diagnóstico.,"OpenRN Medical Terminology 2e, cap. 1, NCBI Bookshelf NBK607453 (CC BY 4.0); OpenRN Medical Terminology 2e, NCBI Bookshelf NBK607454 (CC BY 4.0); Prompt mestre do usuário, corpus-base de terminologia médica, 2026-07-17",alta,candidato_validado_automaticamente,card_proprio,etim-v2-rai-espondil-o,sim,reconhecimento,1,,,etim_uid::etim-v2-rai-espondil-o;terminologia::nivel::nucleo;terminologia::tipo::raiz,Texto PT-BR; forma citada preservada.
etim-v2-rai-vertebr-o,vertebr/o,,,morfema,raiz,greco-latina; confirmar étimo apenas quando necessário,,,vértebra,,vértebra,,raiz,musculoesqueletico,,musculoesqueletico,3,3,2,0,23,nucleo,vertebral,,,,,,,,vértebra,A forma sugere sentido; não fecha diagnóstico.,"OpenRN Medical Terminology 2e, cap. 1, NCBI Bookshelf NBK607453 (CC BY 4.0); OpenRN Medical Terminology 2e, NCBI Bookshelf NBK607454 (CC BY 4.0); Prompt mestre do usuário, corpus-base de terminologia médica, 2026-07-17",alta,candidato_validado_automaticamente,card_proprio,etim-v2-rai-vertebr-o,sim,reconhecimento,1,,,etim_uid::etim-v2-rai-vertebr-o;terminologia::nivel::nucleo;terminologia::tipo::raiz,Texto PT-BR; forma citada preservada.
etim-v2-rai-cost-o,cost/o,,,morfema,raiz,greco-latina; confirmar étimo apenas quando necessário,,,costela,,costela,,raiz,musculoesqueletico,,musculoesqueletico,3,3,2,0,23,nucleo,intercostal,,,,,,,,costela,A forma sugere sentido; não fecha diagnóstico.,"OpenRN Medical Terminology 2e, cap. 1, NCBI Bookshelf NBK607453 (CC BY 4.0); OpenRN Medical Terminology 2e, NCBI Bookshelf NBK607454 (CC BY 4.0); Prompt mestre do usuário, corpus-base de terminologia médica, 2026-07-17",alta,candidato_validado_automaticamente,card_proprio,etim-v2-rai-cost-o,sim,reconhecimento,1,,,etim_uid::etim-v2-rai-cost-o;terminologia::nivel::nucleo;terminologia::tipo::raiz,Texto PT-BR; forma citada preservada.
etim-v2-rai-crani-o,crani/o,,,morfema,raiz,greco-latina; confirmar étimo apenas quando necessário,,,crânio,,crânio,,raiz,musculoesqueletico,,musculoesqueletico,3,3,2,0,23,nucleo,craniotomia,,,,,,,,crânio,A forma sugere sentido; não fecha diagnóstico.,"OpenRN Medical Terminology 2e, cap. 1, NCBI Bookshelf NBK607453 (CC BY 4.0); OpenRN Medical Terminology 2e, NCBI Bookshelf NBK607454 (CC BY 4.0); Prompt mestre do usuário, corpus-base de terminologia médica, 2026-07-17",alta,candidato_validado_automaticamente,card_proprio,etim-v2-rai-crani-o,sim,reconhecimento,1,,,etim_uid::etim-v2-rai-crani-o;terminologia::nivel::nucleo;terminologia::tipo::raiz,Texto PT-BR; forma citada preservada.
etim-v2-rai-cefal-o,cefal/o,cephal/o,cephal/o,morfema,raiz,greco-latina; confirmar étimo apenas quando necessário,,,cabeça,,cabeça,,raiz,musculoesqueletico,,musculoesqueletico,3,3,2,0,23,nucleo,cefaleia,,,,,,,,cabeça,A forma sugere sentido; não fecha diagnóstico.,"OpenRN Medical Terminology 2e, cap. 1, NCBI Bookshelf NBK607453 (CC BY 4.0); OpenRN Medical Terminology 2e, NCBI Bookshelf NBK607454 (CC BY 4.0); Prompt mestre do usuário, corpus-base de terminologia médica, 2026-07-17",alta,candidato_validado_automaticamente,card_proprio,etim-v2-rai-cefal-o,sim,reconhecimento,1,,,etim_uid::etim-v2-rai-cefal-o;terminologia::nivel::nucleo;terminologia::tipo::raiz,Texto PT-BR; forma citada preservada.
etim-v2-rai-raqui-o,raqui/o,rachi/o,rachi/o,morfema,raiz,greco-latina; confirmar étimo apenas quando necessário,,,coluna,,coluna,,raiz,musculoesqueletico,,musculoesqueletico,3,3,2,0,23,nucleo,raquialgia,,,,,,,,coluna,A forma sugere sentido; não fecha diagnóstico.,"OpenRN Medical Terminology 2e, cap. 1, NCBI Bookshelf NBK607453 (CC BY 4.0); OpenRN Medical Terminology 2e, NCBI Bookshelf NBK607454 (CC BY 4.0); Prompt mestre do usuário, corpus-base de terminologia médica, 2026-07-17",alta,candidato_validado_automaticamente,card_proprio,etim-v2-rai-raqui-o,sim,reconhecimento,1,,,etim_uid::etim-v2-rai-raqui-o;terminologia::nivel::nucleo;terminologia::tipo::raiz,Texto PT-BR; forma citada preservada.
etim-v2-rai-cif-o,cif/o,kyph/o,kyph/o,morfema,raiz,greco-latina; confirmar étimo apenas quando necessário,,,cifose,,cifose,,raiz,musculoesqueletico,,musculoesqueletico,3,3,2,0,23,nucleo,cifótico,,,,,,,,cifose,A forma sugere sentido; não fecha diagnóstico.,"OpenRN Medical Terminology 2e, cap. 1, NCBI Bookshelf NBK607453 (CC BY 4.0); OpenRN Medical Terminology 2e, NCBI Bookshelf NBK607454 (CC BY 4.0); Prompt mestre do usuário, corpus-base de terminologia médica, 2026-07-17",alta,candidato_validado_automaticamente,card_proprio,etim-v2-rai-cif-o,sim,reconhecimento,1,,,etim_uid::etim-v2-rai-cif-o;terminologia::nivel::nucleo;terminologia::tipo::raiz,Texto PT-BR; forma citada preservada.
etim-v2-rai-lord-o,lord/o,,,morfema,raiz,greco-latina; confirmar étimo apenas quando necessário,,,lordose,,lordose,,raiz,musculoesqueletico,,musculoesqueletico,3,3,2,0,23,nucleo,lordótico,,,,,,,,lordose,A forma sugere sentido; não fecha diagnóstico.,"OpenRN Medical Terminology 2e, cap. 1, NCBI Bookshelf NBK607453 (CC BY 4.0); OpenRN Medical Terminology 2e, NCBI Bookshelf NBK607454 (CC BY 4.0); Prompt mestre do usuário, corpus-base de terminologia médica, 2026-07-17",alta,candidato_validado_automaticamente,card_proprio,etim-v2-rai-lord-o,sim,reconhecimento,1,,,etim_uid::etim-v2-rai-lord-o;terminologia::nivel::nucleo;terminologia::tipo::raiz,Texto PT-BR; forma citada preservada.
etim-v2-rai-scoli-o,scoli/o,,,morfema,raiz,greco-latina; confirmar étimo apenas quando necessário,,,curvo,,curvo,,raiz,musculoesqueletico,,musculoesqueletico,3,3,2,0,23,nucleo,escoliose,,,,,,,,curvo,A forma sugere sentido; não fecha diagnóstico.,"OpenRN Medical Terminology 2e, cap. 1, NCBI Bookshelf NBK607453 (CC BY 4.0); OpenRN Medical Terminology 2e, NCBI Bookshelf NBK607454 (CC BY 4.0); Prompt mestre do usuário, corpus-base de terminologia médica, 2026-07-17",alta,candidato_validado_automaticamente,card_proprio,etim-v2-rai-scoli-o,sim,reconhecimento,1,,,etim_uid::etim-v2-rai-scoli-o;terminologia::nivel::nucleo;terminologia::tipo::raiz,Texto PT-BR; forma citada preservada.
etim-v2-rai-pod-o,pod/o,,,morfema,raiz,greco-latina; confirmar étimo apenas quando necessário,,,pé,,pé,,raiz,musculoesqueletico,,musculoesqueletico,3,3,2,0,23,nucleo,podologia,,,,,,,,pé,A forma sugere sentido; não fecha diagnóstico.,"OpenRN Medical Terminology 2e, cap. 1, NCBI Bookshelf NBK607453 (CC BY 4.0); OpenRN Medical Terminology 2e, NCBI Bookshelf NBK607454 (CC BY 4.0); Prompt mestre do usuário, corpus-base de terminologia médica, 2026-07-17",alta,candidato_validado_automaticamente,card_proprio,etim-v2-rai-pod-o,sim,reconhecimento,1,,,etim_uid::etim-v2-rai-pod-o;terminologia::nivel::nucleo;terminologia::tipo::raiz,Texto PT-BR; forma citada preservada.
etim-v2-rai-ped-o,ped/o,,,morfema,raiz,greco-latina; confirmar étimo apenas quando necessário,,,pé ou criança,,pé ou criança,,raiz,musculoesqueletico,,musculoesqueletico,3,3,2,1,25,nucleo,pedal,,,,,,,,pé ou criança,A forma sugere sentido; não fecha diagnóstico.,"OpenRN Medical Terminology 2e, cap. 1, NCBI Bookshelf NBK607453 (CC BY 4.0); OpenRN Medical Terminology 2e, NCBI Bookshelf NBK607454 (CC BY 4.0); Prompt mestre do usuário, corpus-base de terminologia médica, 2026-07-17",alta,candidato_validado_automaticamente,card_proprio,etim-v2-rai-ped-o,sim,reconhecimento,1,,,etim_uid::etim-v2-rai-ped-o;terminologia::nivel::nucleo;terminologia::tipo::raiz,Texto PT-BR; forma citada preservada.
etim-v2-rai-chir-o,chir/o,,,morfema,raiz,greco-latina; confirmar étimo apenas quando necessário,,,mão,,mão,,raiz,musculoesqueletico,,musculoesqueletico,3,3,2,0,23,nucleo,quiropraxia,,,,,,,,mão,A forma sugere sentido; não fecha diagnóstico.,"OpenRN Medical Terminology 2e, cap. 1, NCBI Bookshelf NBK607453 (CC BY 4.0); OpenRN Medical Terminology 2e, NCBI Bookshelf NBK607454 (CC BY 4.0); Prompt mestre do usuário, corpus-base de terminologia médica, 2026-07-17",alta,candidato_validado_automaticamente,card_proprio,etim-v2-rai-chir-o,sim,reconhecimento,1,,,etim_uid::etim-v2-rai-chir-o;terminologia::nivel::nucleo;terminologia::tipo::raiz,Texto PT-BR; forma citada preservada.
etim-v2-rai-dactyl-o,dactyl/o,,,morfema,raiz,greco-latina; confirmar étimo apenas quando necessário,,,dedo,,dedo,,raiz,musculoesqueletico,,musculoesqueletico,3,3,2,0,23,nucleo,polidactilia,,,,,,,,dedo,A forma sugere sentido; não fecha diagnóstico.,"OpenRN Medical Terminology 2e, cap. 1, NCBI Bookshelf NBK607453 (CC BY 4.0); OpenRN Medical Terminology 2e, NCBI Bookshelf NBK607454 (CC BY 4.0); Prompt mestre do usuário, corpus-base de terminologia médica, 2026-07-17",alta,candidato_validado_automaticamente,card_proprio,etim-v2-rai-dactyl-o,sim,reconhecimento,1,,,etim_uid::etim-v2-rai-dactyl-o;terminologia::nivel::nucleo;terminologia::tipo::raiz,Texto PT-BR; forma citada preservada.
etim-v2-rai-falang-o,falang/o,phalang/o,phalang/o,morfema,raiz,greco-latina; confirmar étimo apenas quando necessário,,,falange,,falange,,raiz,musculoesqueletico,,musculoesqueletico,3,2,2,0,20,nucleo,interfalângica,,,,,,,,falange,A forma sugere sentido; não fecha diagnóstico.,"OpenRN Medical Terminology 2e, cap. 1, NCBI Bookshelf NBK607453 (CC BY 4.0); OpenRN Medical Terminology 2e, NCBI Bookshelf NBK607454 (CC BY 4.0); Prompt mestre do usuário, corpus-base de terminologia médica, 2026-07-17",alta,candidato_validado_automaticamente,card_proprio,etim-v2-rai-falang-o,sim,reconhecimento,1,,,etim_uid::etim-v2-rai-falang-o;terminologia::nivel::nucleo;terminologia::tipo::raiz,Texto PT-BR; forma citada preservada.
etim-v2-rai-carp-o,carp/o,,,morfema,raiz,greco-latina; confirmar étimo apenas quando necessário,,,carpo,,carpo,,raiz,musculoesqueletico,,musculoesqueletico,3,2,2,0,20,nucleo,carpal,,,,,,,,carpo,A forma sugere sentido; não fecha diagnóstico.,"OpenRN Medical Terminology 2e, cap. 1, NCBI Bookshelf NBK607453 (CC BY 4.0); OpenRN Medical Terminology 2e, NCBI Bookshelf NBK607454 (CC BY 4.0); Prompt mestre do usuário, corpus-base de terminologia médica, 2026-07-17",alta,candidato_validado_automaticamente,card_proprio,etim-v2-rai-carp-o,sim,reconhecimento,1,,,etim_uid::etim-v2-rai-carp-o;terminologia::nivel::nucleo;terminologia::tipo::raiz,Texto PT-BR; forma citada preservada.
etim-v2-rai-tars-o,tars/o,,,morfema,raiz,greco-latina; confirmar étimo apenas quando necessário,,,tarso,,tarso,,raiz,musculoesqueletico,,musculoesqueletico,3,2,2,0,20,nucleo,tarsal,,,,,,,,tarso,A forma sugere sentido; não fecha diagnóstico.,"OpenRN Medical Terminology 2e, cap. 1, NCBI Bookshelf NBK607453 (CC BY 4.0); OpenRN Medical Terminology 2e, NCBI Bookshelf NBK607454 (CC BY 4.0); Prompt mestre do usuário, corpus-base de terminologia médica, 2026-07-17",alta,candidato_validado_automaticamente,card_proprio,etim-v2-rai-tars-o,sim,reconhecimento,1,,,etim_uid::etim-v2-rai-tars-o;terminologia::nivel::nucleo;terminologia::tipo::raiz,Texto PT-BR; forma citada preservada.
etim-v2-rai-scapul-o,scapul/o,,,morfema,raiz,greco-latina; confirmar étimo apenas quando necessário,,,escápula,,escápula,,raiz,musculoesqueletico,,musculoesqueletico,3,2,2,0,20,nucleo,escapular,,,,,,,,escápula,A forma sugere sentido; não fecha diagnóstico.,"OpenRN Medical Terminology 2e, cap. 1, NCBI Bookshelf NBK607453 (CC BY 4.0); OpenRN Medical Terminology 2e, NCBI Bookshelf NBK607454 (CC BY 4.0); Prompt mestre do usuário, corpus-base de terminologia médica, 2026-07-17",alta,candidato_validado_automaticamente,card_proprio,etim-v2-rai-scapul-o,sim,reconhecimento,1,,,etim_uid::etim-v2-rai-scapul-o;terminologia::nivel::nucleo;terminologia::tipo::raiz,Texto PT-BR; forma citada preservada.
etim-v2-rai-clavicul-o,clavicul/o,,,morfema,raiz,greco-latina; confirmar étimo apenas quando necessário,,,clavícula,,clavícula,,raiz,musculoesqueletico,,musculoesqueletico,3,2,2,0,20,nucleo,clavicular,,,,,,,,clavícula,A forma sugere sentido; não fecha diagnóstico.,"OpenRN Medical Terminology 2e, cap. 1, NCBI Bookshelf NBK607453 (CC BY 4.0); OpenRN Medical Terminology 2e, NCBI Bookshelf NBK607454 (CC BY 4.0); Prompt mestre do usuário, corpus-base de terminologia médica, 2026-07-17",alta,candidato_validado_automaticamente,card_proprio,etim-v2-rai-clavicul-o,sim,reconhecimento,1,,,etim_uid::etim-v2-rai-clavicul-o;terminologia::nivel::nucleo;terminologia::tipo::raiz,Texto PT-BR; forma citada preservada.
etim-v2-rai-humer-o,humer/o,,,morfema,raiz,greco-latina; confirmar étimo apenas quando necessário,,,úmero,,úmero,,raiz,musculoesqueletico,,musculoesqueletico,3,2,2,0,20,nucleo,umeral,,,,,,,,úmero,A forma sugere sentido; não fecha diagnóstico.,"OpenRN Medical Terminology 2e, cap. 1, NCBI Bookshelf NBK607453 (CC BY 4.0); OpenRN Medical Terminology 2e, NCBI Bookshelf NBK607454 (CC BY 4.0); Prompt mestre do usuário, corpus-base de terminologia médica, 2026-07-17",alta,candidato_validado_automaticamente,card_proprio,etim-v2-rai-humer-o,sim,reconhecimento,1,,,etim_uid::etim-v2-rai-humer-o;terminologia::nivel::nucleo;terminologia::tipo::raiz,Texto PT-BR; forma citada preservada.
etim-v2-rai-radi-o,radi/o,,,morfema,raiz,greco-latina; confirmar étimo apenas quando necessário,,,rádio,,rádio,,raiz,musculoesqueletico,,musculoesqueletico,3,2,2,0,20,nucleo,radioulnar,,,,,,,,rádio,A forma sugere sentido; não fecha diagnóstico.,"OpenRN Medical Terminology 2e, cap. 1, NCBI Bookshelf NBK607453 (CC BY 4.0); OpenRN Medical Terminology 2e, NCBI Bookshelf NBK607454 (CC BY 4.0); Prompt mestre do usuário, corpus-base de terminologia médica, 2026-07-17",alta,candidato_validado_automaticamente,card_proprio,etim-v2-rai-radi-o,sim,reconhecimento,1,,,etim_uid::etim-v2-rai-radi-o;terminologia::nivel::nucleo;terminologia::tipo::raiz,Texto PT-BR; forma citada preservada.
etim-v2-rai-uln-o,uln/o,,,morfema,raiz,greco-latina; confirmar étimo apenas quando necessário,,,ulna,,ulna,,raiz,musculoesqueletico,,musculoesqueletico,3,2,2,0,20,nucleo,ulnar,,,,,,,,ulna,A forma sugere sentido; não fecha diagnóstico.,"OpenRN Medical Terminology 2e, cap. 1, NCBI Bookshelf NBK607453 (CC BY 4.0); OpenRN Medical Terminology 2e, NCBI Bookshelf NBK607454 (CC BY 4.0); Prompt mestre do usuário, corpus-base de terminologia médica, 2026-07-17",alta,candidato_validado_automaticamente,card_proprio,etim-v2-rai-uln-o,sim,reconhecimento,1,,,etim_uid::etim-v2-rai-uln-o;terminologia::nivel::nucleo;terminologia::tipo::raiz,Texto PT-BR; forma citada preservada.
etim-v2-rai-femor-o,femor/o,,,morfema,raiz,greco-latina; confirmar étimo apenas quando necessário,,,fêmur,,fêmur,,raiz,musculoesqueletico,,musculoesqueletico,3,2,2,0,20,nucleo,femoral,,,,,,,,fêmur,A forma sugere sentido; não fecha diagnóstico.,"OpenRN Medical Terminology 2e, cap. 1, NCBI Bookshelf NBK607453 (CC BY 4.0); OpenRN Medical Terminology 2e, NCBI Bookshelf NBK607454 (CC BY 4.0); Prompt mestre do usuário, corpus-base de terminologia médica, 2026-07-17",alta,candidato_validado_automaticamente,card_proprio,etim-v2-rai-femor-o,sim,reconhecimento,1,,,etim_uid::etim-v2-rai-femor-o;terminologia::nivel::nucleo;terminologia::tipo::raiz,Texto PT-BR; forma citada preservada.
etim-v2-rai-patell-o,patell/o,,,morfema,raiz,greco-latina; confirmar étimo apenas quando necessário,,,patela,,patela,,raiz,musculoesqueletico,,musculoesqueletico,3,2,2,0,20,nucleo,patelar,,,,,,,,patela,A forma sugere sentido; não fecha diagnóstico.,"OpenRN Medical Terminology 2e, cap. 1, NCBI Bookshelf NBK607453 (CC BY 4.0); OpenRN Medical Terminology 2e, NCBI Bookshelf NBK607454 (CC BY 4.0); Prompt mestre do usuário, corpus-base de terminologia médica, 2026-07-17",alta,candidato_validado_automaticamente,card_proprio,etim-v2-rai-patell-o,sim,reconhecimento,1,,,etim_uid::etim-v2-rai-patell-o;terminologia::nivel::nucleo;terminologia::tipo::raiz,Texto PT-BR; forma citada preservada.
etim-v2-rai-tibi-o,tibi/o,,,morfema,raiz,greco-latina; confirmar étimo apenas quando necessário,,,tíbia,,tíbia,,raiz,musculoesqueletico,,musculoesqueletico,3,2,2,0,20,nucleo,tibial,,,,,,,,tíbia,A forma sugere sentido; não fecha diagnóstico.,"OpenRN Medical Terminology 2e, cap. 1, NCBI Bookshelf NBK607453 (CC BY 4.0); OpenRN Medical Terminology 2e, NCBI Bookshelf NBK607454 (CC BY 4.0); Prompt mestre do usuário, corpus-base de terminologia médica, 2026-07-17",alta,candidato_validado_automaticamente,card_proprio,etim-v2-rai-tibi-o,sim,reconhecimento,1,,,etim_uid::etim-v2-rai-tibi-o;terminologia::nivel::nucleo;terminologia::tipo::raiz,Texto PT-BR; forma citada preservada.
etim-v2-rai-fibul-o,fibul/o,,,morfema,raiz,greco-latina; confirmar étimo apenas quando necessário,,,fíbula,,fíbula,,raiz,musculoesqueletico,,musculoesqueletico,3,2,2,0,20,nucleo,fibular,,,,,,,,fíbula,A forma sugere sentido; não fecha diagnóstico.,"OpenRN Medical Terminology 2e, cap. 1, NCBI Bookshelf NBK607453 (CC BY 4.0); OpenRN Medical Terminology 2e, NCBI Bookshelf NBK607454 (CC BY 4.0); Prompt mestre do usuário, corpus-base de terminologia médica, 2026-07-17",alta,candidato_validado_automaticamente,card_proprio,etim-v2-rai-fibul-o,sim,reconhecimento,1,,,etim_uid::etim-v2-rai-fibul-o;terminologia::nivel::nucleo;terminologia::tipo::raiz,Texto PT-BR; forma citada preservada.
etim-v2-rai-pelv-i,pelv/i,,,morfema,raiz,greco-latina; confirmar étimo apenas quando necessário,,,pelve,,pelve,,raiz,musculoesqueletico,,musculoesqueletico,3,2,2,0,20,nucleo,pélvico,,,,,,,,pelve,A forma sugere sentido; não fecha diagnóstico.,"OpenRN Medical Terminology 2e, cap. 1, NCBI Bookshelf NBK607453 (CC BY 4.0); OpenRN Medical Terminology 2e, NCBI Bookshelf NBK607454 (CC BY 4.0); Prompt mestre do usuário, corpus-base de terminologia médica, 2026-07-17",alta,candidato_validado_automaticamente,card_proprio,etim-v2-rai-pelv-i,sim,reconhecimento,1,,,etim_uid::etim-v2-rai-pelv-i;terminologia::nivel::nucleo;terminologia::tipo::raiz,Texto PT-BR; forma citada preservada.
etim-v2-rai-acetabul-o,acetabul/o,,,morfema,raiz,greco-latina; confirmar étimo apenas quando necessário,,,acetábulo,,acetábulo,,raiz,musculoesqueletico,,musculoesqueletico,3,2,2,0,20,nucleo,acetabular,,,,,,,,acetábulo,A forma sugere sentido; não fecha diagnóstico.,"OpenRN Medical Terminology 2e, cap. 1, NCBI Bookshelf NBK607453 (CC BY 4.0); OpenRN Medical Terminology 2e, NCBI Bookshelf NBK607454 (CC BY 4.0); Prompt mestre do usuário, corpus-base de terminologia médica, 2026-07-17",alta,candidato_validado_automaticamente,card_proprio,etim-v2-rai-acetabul-o,sim,reconhecimento,1,,,etim_uid::etim-v2-rai-acetabul-o;terminologia::nivel::nucleo;terminologia::tipo::raiz,Texto PT-BR; forma citada preservada.
etim-v2-rai-endocrin-o,endocrin/o,,,morfema,raiz,greco-latina; confirmar étimo apenas quando necessário,,,endócrino,,endócrino,,raiz,endocrino_metabolico,,endocrino;metabolico,3,3,2,0,23,nucleo,endocrinologia,,,,,,,,endócrino,A forma sugere sentido; não fecha diagnóstico.,"OpenRN Medical Terminology 2e, cap. 1, NCBI Bookshelf NBK607453 (CC BY 4.0); OpenRN Medical Terminology 2e, NCBI Bookshelf NBK607454 (CC BY 4.0); Prompt mestre do usuário, corpus-base de terminologia médica, 2026-07-17",alta,candidato_validado_automaticamente,card_proprio,etim-v2-rai-endocrin-o,sim,reconhecimento,1,,,etim_uid::etim-v2-rai-endocrin-o;terminologia::nivel::nucleo;terminologia::tipo::raiz,Texto PT-BR; forma citada preservada.
etim-v2-rai-hormon-o,hormon/o,,,morfema,raiz,greco-latina; confirmar étimo apenas quando necessário,,,hormônio,,hormônio,,raiz,endocrino_metabolico,,endocrino;metabolico,3,3,2,0,23,nucleo,hormonal,,,,,,,,hormônio,A forma sugere sentido; não fecha diagnóstico.,"OpenRN Medical Terminology 2e, cap. 1, NCBI Bookshelf NBK607453 (CC BY 4.0); OpenRN Medical Terminology 2e, NCBI Bookshelf NBK607454 (CC BY 4.0); Prompt mestre do usuário, corpus-base de terminologia médica, 2026-07-17",alta,candidato_validado_automaticamente,card_proprio,etim-v2-rai-hormon-o,sim,reconhecimento,1,,,etim_uid::etim-v2-rai-hormon-o;terminologia::nivel::nucleo;terminologia::tipo::raiz,Texto PT-BR; forma citada preservada.
etim-v2-rai-hipofis-o,hipofis/o,hypophys/o,hypophys/o,morfema,raiz,greco-latina; confirmar étimo apenas quando necessário,,,hipófise,,hipófise,,raiz,endocrino_metabolico,,endocrino;metabolico,3,3,2,0,23,nucleo,hipofisário,,,,,,,,hipófise,A forma sugere sentido; não fecha diagnóstico.,"OpenRN Medical Terminology 2e, cap. 1, NCBI Bookshelf NBK607453 (CC BY 4.0); OpenRN Medical Terminology 2e, NCBI Bookshelf NBK607454 (CC BY 4.0); Prompt mestre do usuário, corpus-base de terminologia médica, 2026-07-17",alta,candidato_validado_automaticamente,card_proprio,etim-v2-rai-hipofis-o,sim,reconhecimento,1,,,etim_uid::etim-v2-rai-hipofis-o;terminologia::nivel::nucleo;terminologia::tipo::raiz,Texto PT-BR; forma citada preservada.
etim-v2-rai-pituitar-o,pituitar/o,,,morfema,raiz,greco-latina; confirmar étimo apenas quando necessário,,,hipófise,,hipófise,,raiz,endocrino_metabolico,,endocrino;metabolico,3,3,2,0,23,nucleo,pituitário,,,,,,,,hipófise,A forma sugere sentido; não fecha diagnóstico.,"OpenRN Medical Terminology 2e, cap. 1, NCBI Bookshelf NBK607453 (CC BY 4.0); OpenRN Medical Terminology 2e, NCBI Bookshelf NBK607454 (CC BY 4.0); Prompt mestre do usuário, corpus-base de terminologia médica, 2026-07-17",alta,candidato_validado_automaticamente,card_proprio,etim-v2-rai-pituitar-o,sim,reconhecimento,1,,,etim_uid::etim-v2-rai-pituitar-o;terminologia::nivel::nucleo;terminologia::tipo::raiz,Texto PT-BR; forma citada preservada.
etim-v2-rai-tireoid-o,tireoid/o,thyroid/o,thyroid/o,morfema,raiz,greco-latina; confirmar étimo apenas quando necessário,,,tireoide,,tireoide,,raiz,endocrino_metabolico,,endocrino;metabolico,3,3,2,0,23,nucleo,tireoidite,,,,,,,,tireoide,A forma sugere sentido; não fecha diagnóstico.,"OpenRN Medical Terminology 2e, cap. 1, NCBI Bookshelf NBK607453 (CC BY 4.0); OpenRN Medical Terminology 2e, NCBI Bookshelf NBK607454 (CC BY 4.0); Prompt mestre do usuário, corpus-base de terminologia médica, 2026-07-17",alta,candidato_validado_automaticamente,card_proprio,etim-v2-rai-tireoid-o,sim,reconhecimento,1,,,etim_uid::etim-v2-rai-tireoid-o;terminologia::nivel::nucleo;terminologia::tipo::raiz,Texto PT-BR; forma citada preservada.
etim-v2-rai-paratireoid-o,paratireoid/o,parathyroid/o,parathyroid/o,morfema,raiz,greco-latina; confirmar étimo apenas quando necessário,,,paratireoide,,paratireoide,,raiz,endocrino_metabolico,,endocrino;metabolico,3,3,2,0,23,nucleo,paratireoidectomia,,,,,,,,paratireoide,A forma sugere sentido; não fecha diagnóstico.,"OpenRN Medical Terminology 2e, cap. 1, NCBI Bookshelf NBK607453 (CC BY 4.0); OpenRN Medical Terminology 2e, NCBI Bookshelf NBK607454 (CC BY 4.0); Prompt mestre do usuário, corpus-base de terminologia médica, 2026-07-17",alta,candidato_validado_automaticamente,card_proprio,etim-v2-rai-paratireoid-o,sim,reconhecimento,1,,,etim_uid::etim-v2-rai-paratireoid-o;terminologia::nivel::nucleo;terminologia::tipo::raiz,Texto PT-BR; forma citada preservada.
etim-v2-rai-adren-o,adren/o,,,morfema,raiz,greco-latina; confirmar étimo apenas quando necessário,,,suprarrenal,,suprarrenal,,raiz,endocrino_metabolico,,endocrino;metabolico,3,3,2,0,23,nucleo,adrenal,,,,,,,,suprarrenal,A forma sugere sentido; não fecha diagnóstico.,"OpenRN Medical Terminology 2e, cap. 1, NCBI Bookshelf NBK607453 (CC BY 4.0); OpenRN Medical Terminology 2e, NCBI Bookshelf NBK607454 (CC BY 4.0); Prompt mestre do usuário, corpus-base de terminologia médica, 2026-07-17",alta,candidato_validado_automaticamente,card_proprio,etim-v2-rai-adren-o,sim,reconhecimento,1,,,etim_uid::etim-v2-rai-adren-o;terminologia::nivel::nucleo;terminologia::tipo::raiz,Texto PT-BR; forma citada preservada.
etim-v2-rai-supraren-o,supraren/o,,,morfema,raiz,greco-latina; confirmar étimo apenas quando necessário,,,suprarrenal,,suprarrenal,,raiz,endocrino_metabolico,,endocrino;metabolico,3,3,2,0,23,nucleo,suprarrenal,,,,,,,,suprarrenal,A forma sugere sentido; não fecha diagnóstico.,"OpenRN Medical Terminology 2e, cap. 1, NCBI Bookshelf NBK607453 (CC BY 4.0); OpenRN Medical Terminology 2e, NCBI Bookshelf NBK607454 (CC BY 4.0); Prompt mestre do usuário, corpus-base de terminologia médica, 2026-07-17",alta,candidato_validado_automaticamente,card_proprio,etim-v2-rai-supraren-o,sim,reconhecimento,1,,,etim_uid::etim-v2-rai-supraren-o;terminologia::nivel::nucleo;terminologia::tipo::raiz,Texto PT-BR; forma citada preservada.
etim-v2-rai-tim-o,tim/o,thym/o,thym/o,morfema,raiz,greco-latina; confirmar étimo apenas quando necessário,,,timo,,timo,,raiz,endocrino_metabolico;pele_imune_micro,,endocrino;metabolico,3,3,2,0,23,nucleo,timoma;tímico,,,,,,,,timo,A forma sugere sentido; não fecha diagnóstico.,"OpenRN Medical Terminology 2e, cap. 1, NCBI Bookshelf NBK607453 (CC BY 4.0); OpenRN Medical Terminology 2e, NCBI Bookshelf NBK607454 (CC BY 4.0); Prompt mestre do usuário, corpus-base de terminologia médica, 2026-07-17",alta,candidato_validado_automaticamente,card_proprio,etim-v2-rai-tim-o,sim,reconhecimento,1,,,etim_uid::etim-v2-rai-tim-o;terminologia::nivel::nucleo;terminologia::tipo::raiz,Texto PT-BR; forma citada preservada.
etim-v2-rai-pineal-o,pineal/o,,,morfema,raiz,greco-latina; confirmar étimo apenas quando necessário,,,pineal,,pineal,,raiz,endocrino_metabolico,,endocrino;metabolico,3,3,2,0,23,nucleo,pinealoma,,,,,,,,pineal,A forma sugere sentido; não fecha diagnóstico.,"OpenRN Medical Terminology 2e, cap. 1, NCBI Bookshelf NBK607453 (CC BY 4.0); OpenRN Medical Terminology 2e, NCBI Bookshelf NBK607454 (CC BY 4.0); Prompt mestre do usuário, corpus-base de terminologia médica, 2026-07-17",alta,candidato_validado_automaticamente,card_proprio,etim-v2-rai-pineal-o,sim,reconhecimento,1,,,etim_uid::etim-v2-rai-pineal-o;terminologia::nivel::nucleo;terminologia::tipo::raiz,Texto PT-BR; forma citada preservada.
etim-v2-rai-gonad-o,gonad/o,,,morfema,raiz,greco-latina; confirmar étimo apenas quando necessário,,,gônada,,gônada,,raiz,endocrino_metabolico,,endocrino;metabolico,3,3,2,0,23,nucleo,gonadotrofina,,,,,,,,gônada,A forma sugere sentido; não fecha diagnóstico.,"OpenRN Medical Terminology 2e, cap. 1, NCBI Bookshelf NBK607453 (CC BY 4.0); OpenRN Medical Terminology 2e, NCBI Bookshelf NBK607454 (CC BY 4.0); Prompt mestre do usuário, corpus-base de terminologia médica, 2026-07-17",alta,candidato_validado_automaticamente,card_proprio,etim-v2-rai-gonad-o,sim,reconhecimento,1,,,etim_uid::etim-v2-rai-gonad-o;terminologia::nivel::nucleo;terminologia::tipo::raiz,Texto PT-BR; forma citada preservada.
etim-v2-rai-insulin-o,insulin/o,,,morfema,raiz,greco-latina; confirmar étimo apenas quando necessário,,,insulina,,insulina,,raiz,endocrino_metabolico,,endocrino;metabolico,3,3,2,0,23,nucleo,insulinemia,,,,,,,,insulina,A forma sugere sentido; não fecha diagnóstico.,"OpenRN Medical Terminology 2e, cap. 1, NCBI Bookshelf NBK607453 (CC BY 4.0); OpenRN Medical Terminology 2e, NCBI Bookshelf NBK607454 (CC BY 4.0); Prompt mestre do usuário, corpus-base de terminologia médica, 2026-07-17",alta,candidato_validado_automaticamente,card_proprio,etim-v2-rai-insulin-o,sim,reconhecimento,1,,,etim_uid::etim-v2-rai-insulin-o;terminologia::nivel::nucleo;terminologia::tipo::raiz,Texto PT-BR; forma citada preservada.
etim-v2-rai-gluc-o,gluc/o,,,morfema,raiz,greco-latina; confirmar étimo apenas quando necessário,,,glicose,,glicose,,raiz,endocrino_metabolico,,endocrino;metabolico,3,3,2,0,23,nucleo,glicemia,,,,,,,,glicose,A forma sugere sentido; não fecha diagnóstico.,"OpenRN Medical Terminology 2e, cap. 1, NCBI Bookshelf NBK607453 (CC BY 4.0); OpenRN Medical Terminology 2e, NCBI Bookshelf NBK607454 (CC BY 4.0); Prompt mestre do usuário, corpus-base de terminologia médica, 2026-07-17",alta,candidato_validado_automaticamente,card_proprio,etim-v2-rai-gluc-o,sim,reconhecimento,1,,,etim_uid::etim-v2-rai-gluc-o;terminologia::nivel::nucleo;terminologia::tipo::raiz,Texto PT-BR; forma citada preservada.
etim-v2-rai-calc-o,calc/o,,,morfema,raiz,greco-latina; confirmar étimo apenas quando necessário,,,cálcio,,cálcio,,raiz,endocrino_metabolico,,endocrino;metabolico,3,3,2,0,23,nucleo,hipercalcemia,,,,,,,,cálcio,A forma sugere sentido; não fecha diagnóstico.,"OpenRN Medical Terminology 2e, cap. 1, NCBI Bookshelf NBK607453 (CC BY 4.0); OpenRN Medical Terminology 2e, NCBI Bookshelf NBK607454 (CC BY 4.0); Prompt mestre do usuário, corpus-base de terminologia médica, 2026-07-17",alta,candidato_validado_automaticamente,card_proprio,etim-v2-rai-calc-o,sim,reconhecimento,1,,,etim_uid::etim-v2-rai-calc-o;terminologia::nivel::nucleo;terminologia::tipo::raiz,Texto PT-BR; forma citada preservada.
etim-v2-rai-natri-o,natri/o,,,morfema,raiz,greco-latina; confirmar étimo apenas quando necessário,,,sódio,,sódio,,raiz,endocrino_metabolico,,endocrino;metabolico,3,3,2,0,23,nucleo,natriurese,,,,,,,,sódio,A forma sugere sentido; não fecha diagnóstico.,"OpenRN Medical Terminology 2e, cap. 1, NCBI Bookshelf NBK607453 (CC BY 4.0); OpenRN Medical Terminology 2e, NCBI Bookshelf NBK607454 (CC BY 4.0); Prompt mestre do usuário, corpus-base de terminologia médica, 2026-07-17",alta,candidato_validado_automaticamente,card_proprio,etim-v2-rai-natri-o,sim,reconhecimento,1,,,etim_uid::etim-v2-rai-natri-o;terminologia::nivel::nucleo;terminologia::tipo::raiz,Texto PT-BR; forma citada preservada.
etim-v2-rai-kali-o,kali/o,,,morfema,raiz,greco-latina; confirmar étimo apenas quando necessário,,,potássio,,potássio,,raiz,endocrino_metabolico,,endocrino;metabolico,3,3,2,0,23,nucleo,hipercalemia,,,,,,,,potássio,A forma sugere sentido; não fecha diagnóstico.,"OpenRN Medical Terminology 2e, cap. 1, NCBI Bookshelf NBK607453 (CC BY 4.0); OpenRN Medical Terminology 2e, NCBI Bookshelf NBK607454 (CC BY 4.0); Prompt mestre do usuário, corpus-base de terminologia médica, 2026-07-17",alta,candidato_validado_automaticamente,card_proprio,etim-v2-rai-kali-o,sim,reconhecimento,1,,,etim_uid::etim-v2-rai-kali-o;terminologia::nivel::nucleo;terminologia::tipo::raiz,Texto PT-BR; forma citada preservada.
etim-v2-rai-osm-o,osm/o,,,morfema,raiz,greco-latina; confirmar étimo apenas quando necessário,,,osmose,,osmose,,raiz,endocrino_metabolico,,endocrino;metabolico,3,3,2,0,23,nucleo,osmolaridade,,,,,,,,osmose,A forma sugere sentido; não fecha diagnóstico.,"OpenRN Medical Terminology 2e, cap. 1, NCBI Bookshelf NBK607453 (CC BY 4.0); OpenRN Medical Terminology 2e, NCBI Bookshelf NBK607454 (CC BY 4.0); Prompt mestre do usuário, corpus-base de terminologia médica, 2026-07-17",alta,candidato_validado_automaticamente,card_proprio,etim-v2-rai-osm-o,sim,reconhecimento,1,,,etim_uid::etim-v2-rai-osm-o;terminologia::nivel::nucleo;terminologia::tipo::raiz,Texto PT-BR; forma citada preservada.
etim-v2-rai-metabol-o,metabol/o,,,morfema,raiz,greco-latina; confirmar étimo apenas quando necessário,,,metabolismo,,metabolismo,,raiz,endocrino_metabolico,,endocrino;metabolico,3,3,2,0,23,nucleo,metabólico,,,,,,,,metabolismo,A forma sugere sentido; não fecha diagnóstico.,"OpenRN Medical Terminology 2e, cap. 1, NCBI Bookshelf NBK607453 (CC BY 4.0); OpenRN Medical Terminology 2e, NCBI Bookshelf NBK607454 (CC BY 4.0); Prompt mestre do usuário, corpus-base de terminologia médica, 2026-07-17",alta,candidato_validado_automaticamente,card_proprio,etim-v2-rai-metabol-o,sim,reconhecimento,1,,,etim_uid::etim-v2-rai-metabol-o;terminologia::nivel::nucleo;terminologia::tipo::raiz,Texto PT-BR; forma citada preservada.
etim-v2-rai-lip-o,lip/o,,,morfema,raiz,greco-latina; confirmar étimo apenas quando necessário,,,gordura,,gordura,,raiz,endocrino_metabolico,,endocrino;metabolico,3,3,2,0,23,nucleo,lipólise,,,,,,,,gordura,A forma sugere sentido; não fecha diagnóstico.,"OpenRN Medical Terminology 2e, cap. 1, NCBI Bookshelf NBK607453 (CC BY 4.0); OpenRN Medical Terminology 2e, NCBI Bookshelf NBK607454 (CC BY 4.0); Prompt mestre do usuário, corpus-base de terminologia médica, 2026-07-17",alta,candidato_validado_automaticamente,card_proprio,etim-v2-rai-lip-o,sim,reconhecimento,1,,,etim_uid::etim-v2-rai-lip-o;terminologia::nivel::nucleo;terminologia::tipo::raiz,Texto PT-BR; forma citada preservada.
etim-v2-rai-adip-o,adip/o,,,morfema,raiz,greco-latina; confirmar étimo apenas quando necessário,,,gordura,,gordura,,raiz,endocrino_metabolico,,endocrino;metabolico,3,3,2,0,23,nucleo,adipócito,,,,,,,,gordura,A forma sugere sentido; não fecha diagnóstico.,"OpenRN Medical Terminology 2e, cap. 1, NCBI Bookshelf NBK607453 (CC BY 4.0); OpenRN Medical Terminology 2e, NCBI Bookshelf NBK607454 (CC BY 4.0); Prompt mestre do usuário, corpus-base de terminologia médica, 2026-07-17",alta,candidato_validado_automaticamente,card_proprio,etim-v2-rai-adip-o,sim,reconhecimento,1,,,etim_uid::etim-v2-rai-adip-o;terminologia::nivel::nucleo;terminologia::tipo::raiz,Texto PT-BR; forma citada preservada.
etim-v2-rai-prote-o,prote/o,,,morfema,raiz,greco-latina; confirmar étimo apenas quando necessário,,,proteína,,proteína,,raiz,endocrino_metabolico,,endocrino;metabolico,3,3,2,0,23,nucleo,proteólise,,,,,,,,proteína,A forma sugere sentido; não fecha diagnóstico.,"OpenRN Medical Terminology 2e, cap. 1, NCBI Bookshelf NBK607453 (CC BY 4.0); OpenRN Medical Terminology 2e, NCBI Bookshelf NBK607454 (CC BY 4.0); Prompt mestre do usuário, corpus-base de terminologia médica, 2026-07-17",alta,candidato_validado_automaticamente,card_proprio,etim-v2-rai-prote-o,sim,reconhecimento,1,,,etim_uid::etim-v2-rai-prote-o;terminologia::nivel::nucleo;terminologia::tipo::raiz,Texto PT-BR; forma citada preservada.
etim-v2-rai-ket-o,ket/o,,,morfema,raiz,greco-latina; confirmar étimo apenas quando necessário,,,cetona,,cetona,,raiz,endocrino_metabolico,,endocrino;metabolico,3,3,2,0,23,nucleo,cetogênese,,,,,,,,cetona,A forma sugere sentido; não fecha diagnóstico.,"OpenRN Medical Terminology 2e, cap. 1, NCBI Bookshelf NBK607453 (CC BY 4.0); OpenRN Medical Terminology 2e, NCBI Bookshelf NBK607454 (CC BY 4.0); Prompt mestre do usuário, corpus-base de terminologia médica, 2026-07-17",alta,candidato_validado_automaticamente,card_proprio,etim-v2-rai-ket-o,sim,reconhecimento,1,,,etim_uid::etim-v2-rai-ket-o;terminologia::nivel::nucleo;terminologia::tipo::raiz,Texto PT-BR; forma citada preservada.
etim-v2-rai-andr-o,andr/o,,,morfema,raiz,greco-latina; confirmar étimo apenas quando necessário,,,masculino,,masculino,,raiz,reprodutor_obstetricia,,reprodutor;obstetricia,3,3,2,0,23,nucleo,androgênio,,,,,,,,masculino,A forma sugere sentido; não fecha diagnóstico.,"OpenRN Medical Terminology 2e, cap. 1, NCBI Bookshelf NBK607453 (CC BY 4.0); OpenRN Medical Terminology 2e, NCBI Bookshelf NBK607454 (CC BY 4.0); Prompt mestre do usuário, corpus-base de terminologia médica, 2026-07-17",alta,candidato_validado_automaticamente,card_proprio,etim-v2-rai-andr-o,sim,reconhecimento,1,,,etim_uid::etim-v2-rai-andr-o;terminologia::nivel::nucleo;terminologia::tipo::raiz,Texto PT-BR; forma citada preservada.
etim-v2-rai-testicul-o,testicul/o,,,morfema,raiz,greco-latina; confirmar étimo apenas quando necessário,,,testículo,,testículo,,raiz,reprodutor_obstetricia,,reprodutor;obstetricia,3,3,2,0,23,nucleo,testicular,,,,,,,,testículo,A forma sugere sentido; não fecha diagnóstico.,"OpenRN Medical Terminology 2e, cap. 1, NCBI Bookshelf NBK607453 (CC BY 4.0); OpenRN Medical Terminology 2e, NCBI Bookshelf NBK607454 (CC BY 4.0); Prompt mestre do usuário, corpus-base de terminologia médica, 2026-07-17",alta,candidato_validado_automaticamente,card_proprio,etim-v2-rai-testicul-o,sim,reconhecimento,1,,,etim_uid::etim-v2-rai-testicul-o;terminologia::nivel::nucleo;terminologia::tipo::raiz,Texto PT-BR; forma citada preservada.
etim-v2-rai-orch-o,orch/o,,,morfema,raiz,greco-latina; confirmar étimo apenas quando necessário,,,testículo,,testículo,,raiz,reprodutor_obstetricia,,reprodutor;obstetricia,3,3,2,0,23,nucleo,orquite,,,,,,,,testículo,A forma sugere sentido; não fecha diagnóstico.,"OpenRN Medical Terminology 2e, cap. 1, NCBI Bookshelf NBK607453 (CC BY 4.0); OpenRN Medical Terminology 2e, NCBI Bookshelf NBK607454 (CC BY 4.0); Prompt mestre do usuário, corpus-base de terminologia médica, 2026-07-17",alta,candidato_validado_automaticamente,card_proprio,etim-v2-rai-orch-o,sim,reconhecimento,1,,,etim_uid::etim-v2-rai-orch-o;terminologia::nivel::nucleo;terminologia::tipo::raiz,Texto PT-BR; forma citada preservada.
etim-v2-rai-epididym-o,epididym/o,,,morfema,raiz,greco-latina; confirmar étimo apenas quando necessário,,,epidídimo,,epidídimo,,raiz,reprodutor_obstetricia,,reprodutor;obstetricia,3,3,2,0,23,nucleo,epididimite,,,,,,,,epidídimo,A forma sugere sentido; não fecha diagnóstico.,"OpenRN Medical Terminology 2e, cap. 1, NCBI Bookshelf NBK607453 (CC BY 4.0); OpenRN Medical Terminology 2e, NCBI Bookshelf NBK607454 (CC BY 4.0); Prompt mestre do usuário, corpus-base de terminologia médica, 2026-07-17",alta,candidato_validado_automaticamente,card_proprio,etim-v2-rai-epididym-o,sim,reconhecimento,1,,,etim_uid::etim-v2-rai-epididym-o;terminologia::nivel::nucleo;terminologia::tipo::raiz,Texto PT-BR; forma citada preservada.
etim-v2-rai-prostat-o,prostat/o,,,morfema,raiz,greco-latina; confirmar étimo apenas quando necessário,,,próstata,,próstata,,raiz,reprodutor_obstetricia,,reprodutor;obstetricia,3,3,2,0,23,nucleo,prostatite,,,,,,,,próstata,A forma sugere sentido; não fecha diagnóstico.,"OpenRN Medical Terminology 2e, cap. 1, NCBI Bookshelf NBK607453 (CC BY 4.0); OpenRN Medical Terminology 2e, NCBI Bookshelf NBK607454 (CC BY 4.0); Prompt mestre do usuário, corpus-base de terminologia médica, 2026-07-17",alta,candidato_validado_automaticamente,card_proprio,etim-v2-rai-prostat-o,sim,reconhecimento,1,,,etim_uid::etim-v2-rai-prostat-o;terminologia::nivel::nucleo;terminologia::tipo::raiz,Texto PT-BR; forma citada preservada.
etim-v2-rai-deferent-o,deferent/o,,,morfema,raiz,greco-latina; confirmar étimo apenas quando necessário,,,ducto deferente,,ducto deferente,,raiz,reprodutor_obstetricia,,reprodutor;obstetricia,3,3,2,0,23,nucleo,deferente,,,,,,,,ducto deferente,A forma sugere sentido; não fecha diagnóstico.,"OpenRN Medical Terminology 2e, cap. 1, NCBI Bookshelf NBK607453 (CC BY 4.0); OpenRN Medical Terminology 2e, NCBI Bookshelf NBK607454 (CC BY 4.0); Prompt mestre do usuário, corpus-base de terminologia médica, 2026-07-17",alta,candidato_validado_automaticamente,card_proprio,etim-v2-rai-deferent-o,sim,reconhecimento,1,,,etim_uid::etim-v2-rai-deferent-o;terminologia::nivel::nucleo;terminologia::tipo::raiz,Texto PT-BR; forma citada preservada.
etim-v2-rai-espermat-o,espermat/o,spermat/o,spermat/o,morfema,raiz,greco-latina; confirmar étimo apenas quando necessário,,,espermatozoide,,espermatozoide,,raiz,reprodutor_obstetricia,,reprodutor;obstetricia,3,3,2,0,23,nucleo,espermatogênese,,,,,,,,espermatozoide,A forma sugere sentido; não fecha diagnóstico.,"OpenRN Medical Terminology 2e, cap. 1, NCBI Bookshelf NBK607453 (CC BY 4.0); OpenRN Medical Terminology 2e, NCBI Bookshelf NBK607454 (CC BY 4.0); Prompt mestre do usuário, corpus-base de terminologia médica, 2026-07-17",alta,candidato_validado_automaticamente,card_proprio,etim-v2-rai-espermat-o,sim,reconhecimento,1,,,etim_uid::etim-v2-rai-espermat-o;terminologia::nivel::nucleo;terminologia::tipo::raiz,Texto PT-BR; forma citada preservada.
etim-v2-rai-spermi-o,spermi/o,,,morfema,raiz,greco-latina; confirmar étimo apenas quando necessário,,,espermatozoide,,espermatozoide,,raiz,reprodutor_obstetricia,,reprodutor;obstetricia,3,3,2,0,23,nucleo,espermograma,,,,,,,,espermatozoide,A forma sugere sentido; não fecha diagnóstico.,"OpenRN Medical Terminology 2e, cap. 1, NCBI Bookshelf NBK607453 (CC BY 4.0); OpenRN Medical Terminology 2e, NCBI Bookshelf NBK607454 (CC BY 4.0); Prompt mestre do usuário, corpus-base de terminologia médica, 2026-07-17",alta,candidato_validado_automaticamente,card_proprio,etim-v2-rai-spermi-o,sim,reconhecimento,1,,,etim_uid::etim-v2-rai-spermi-o;terminologia::nivel::nucleo;terminologia::tipo::raiz,Texto PT-BR; forma citada preservada.
etim-v2-rai-semin-o,semin/o,,,morfema,raiz,greco-latina; confirmar étimo apenas quando necessário,,,sêmen,,sêmen,,raiz,reprodutor_obstetricia,,reprodutor;obstetricia,3,3,2,0,23,nucleo,seminífero,,,,,,,,sêmen,A forma sugere sentido; não fecha diagnóstico.,"OpenRN Medical Terminology 2e, cap. 1, NCBI Bookshelf NBK607453 (CC BY 4.0); OpenRN Medical Terminology 2e, NCBI Bookshelf NBK607454 (CC BY 4.0); Prompt mestre do usuário, corpus-base de terminologia médica, 2026-07-17",alta,candidato_validado_automaticamente,card_proprio,etim-v2-rai-semin-o,sim,reconhecimento,1,,,etim_uid::etim-v2-rai-semin-o;terminologia::nivel::nucleo;terminologia::tipo::raiz,Texto PT-BR; forma citada preservada.
etim-v2-rai-pen-o,pen/o,,,morfema,raiz,greco-latina; confirmar étimo apenas quando necessário,,,pênis,,pênis,,raiz,reprodutor_obstetricia,,reprodutor;obstetricia,3,3,2,0,23,nucleo,peniano,,,,,,,,pênis,A forma sugere sentido; não fecha diagnóstico.,"OpenRN Medical Terminology 2e, cap. 1, NCBI Bookshelf NBK607453 (CC BY 4.0); OpenRN Medical Terminology 2e, NCBI Bookshelf NBK607454 (CC BY 4.0); Prompt mestre do usuário, corpus-base de terminologia médica, 2026-07-17",alta,candidato_validado_automaticamente,card_proprio,etim-v2-rai-pen-o,sim,reconhecimento,1,,,etim_uid::etim-v2-rai-pen-o;terminologia::nivel::nucleo;terminologia::tipo::raiz,Texto PT-BR; forma citada preservada.
etim-v2-rai-fal-o,fal/o,phall/o,phall/o,morfema,raiz,greco-latina; confirmar étimo apenas quando necessário,,,pênis,,pênis,,raiz,reprodutor_obstetricia,,reprodutor;obstetricia,3,3,2,0,23,nucleo,fálico,,,,,,,,pênis,A forma sugere sentido; não fecha diagnóstico.,"OpenRN Medical Terminology 2e, cap. 1, NCBI Bookshelf NBK607453 (CC BY 4.0); OpenRN Medical Terminology 2e, NCBI Bookshelf NBK607454 (CC BY 4.0); Prompt mestre do usuário, corpus-base de terminologia médica, 2026-07-17",alta,candidato_validado_automaticamente,card_proprio,etim-v2-rai-fal-o,sim,reconhecimento,1,,,etim_uid::etim-v2-rai-fal-o;terminologia::nivel::nucleo;terminologia::tipo::raiz,Texto PT-BR; forma citada preservada.
etim-v2-rai-balan-o,balan/o,,,morfema,raiz,greco-latina; confirmar étimo apenas quando necessário,,,glande,,glande,,raiz,reprodutor_obstetricia,,reprodutor;obstetricia,3,3,2,0,23,nucleo,balanite,,,,,,,,glande,A forma sugere sentido; não fecha diagnóstico.,"OpenRN Medical Terminology 2e, cap. 1, NCBI Bookshelf NBK607453 (CC BY 4.0); OpenRN Medical Terminology 2e, NCBI Bookshelf NBK607454 (CC BY 4.0); Prompt mestre do usuário, corpus-base de terminologia médica, 2026-07-17",alta,candidato_validado_automaticamente,card_proprio,etim-v2-rai-balan-o,sim,reconhecimento,1,,,etim_uid::etim-v2-rai-balan-o;terminologia::nivel::nucleo;terminologia::tipo::raiz,Texto PT-BR; forma citada preservada.
etim-v2-rai-scrot-o,scrot/o,,,morfema,raiz,greco-latina; confirmar étimo apenas quando necessário,,,escroto,,escroto,,raiz,reprodutor_obstetricia,,reprodutor;obstetricia,3,3,2,0,23,nucleo,escrotal,,,,,,,,escroto,A forma sugere sentido; não fecha diagnóstico.,"OpenRN Medical Terminology 2e, cap. 1, NCBI Bookshelf NBK607453 (CC BY 4.0); OpenRN Medical Terminology 2e, NCBI Bookshelf NBK607454 (CC BY 4.0); Prompt mestre do usuário, corpus-base de terminologia médica, 2026-07-17",alta,candidato_validado_automaticamente,card_proprio,etim-v2-rai-scrot-o,sim,reconhecimento,1,,,etim_uid::etim-v2-rai-scrot-o;terminologia::nivel::nucleo;terminologia::tipo::raiz,Texto PT-BR; forma citada preservada.
etim-v2-rai-crypt-o,crypt/o,,,morfema,raiz,greco-latina; confirmar étimo apenas quando necessário,,,oculto,,oculto,,raiz,reprodutor_obstetricia,,reprodutor;obstetricia,3,3,2,0,23,nucleo,criptorquidia,,,,,,,,oculto,A forma sugere sentido; não fecha diagnóstico.,"OpenRN Medical Terminology 2e, cap. 1, NCBI Bookshelf NBK607453 (CC BY 4.0); OpenRN Medical Terminology 2e, NCBI Bookshelf NBK607454 (CC BY 4.0); Prompt mestre do usuário, corpus-base de terminologia médica, 2026-07-17",alta,candidato_validado_automaticamente,card_proprio,etim-v2-rai-crypt-o,sim,reconhecimento,1,,,etim_uid::etim-v2-rai-crypt-o;terminologia::nivel::nucleo;terminologia::tipo::raiz,Texto PT-BR; forma citada preservada.
etim-v2-rai-ginec-o,ginec/o,gynec/o,gynec/o,morfema,raiz,greco-latina; confirmar étimo apenas quando necessário,,,mulher,,mulher,,raiz,reprodutor_obstetricia,,reprodutor;obstetricia,3,3,2,0,23,nucleo,ginecologia,,,,,,,,mulher,A forma sugere sentido; não fecha diagnóstico.,"OpenRN Medical Terminology 2e, cap. 1, NCBI Bookshelf NBK607453 (CC BY 4.0); OpenRN Medical Terminology 2e, NCBI Bookshelf NBK607454 (CC BY 4.0); Prompt mestre do usuário, corpus-base de terminologia médica, 2026-07-17",alta,candidato_validado_automaticamente,card_proprio,etim-v2-rai-ginec-o,sim,reconhecimento,1,,,etim_uid::etim-v2-rai-ginec-o;terminologia::nivel::nucleo;terminologia::tipo::raiz,Texto PT-BR; forma citada preservada.
etim-v2-rai-ovari-o,ovari/o,,,morfema,raiz,greco-latina; confirmar étimo apenas quando necessário,,,ovário,,ovário,,raiz,reprodutor_obstetricia,,reprodutor;obstetricia,3,3,2,0,23,nucleo,ovariano,,,,,,,,ovário,A forma sugere sentido; não fecha diagnóstico.,"OpenRN Medical Terminology 2e, cap. 1, NCBI Bookshelf NBK607453 (CC BY 4.0); OpenRN Medical Terminology 2e, NCBI Bookshelf NBK607454 (CC BY 4.0); Prompt mestre do usuário, corpus-base de terminologia médica, 2026-07-17",alta,candidato_validado_automaticamente,card_proprio,etim-v2-rai-ovari-o,sim,reconhecimento,1,,,etim_uid::etim-v2-rai-ovari-o;terminologia::nivel::nucleo;terminologia::tipo::raiz,Texto PT-BR; forma citada preservada.
etim-v2-rai-oophor-o,oophor/o,,,morfema,raiz,greco-latina; confirmar étimo apenas quando necessário,,,ovário,,ovário,,raiz,reprodutor_obstetricia,,reprodutor;obstetricia,3,3,2,0,23,nucleo,ooforectomia,,,,,,,,ovário,A forma sugere sentido; não fecha diagnóstico.,"OpenRN Medical Terminology 2e, cap. 1, NCBI Bookshelf NBK607453 (CC BY 4.0); OpenRN Medical Terminology 2e, NCBI Bookshelf NBK607454 (CC BY 4.0); Prompt mestre do usuário, corpus-base de terminologia médica, 2026-07-17",alta,candidato_validado_automaticamente,card_proprio,etim-v2-rai-oophor-o,sim,reconhecimento,1,,,etim_uid::etim-v2-rai-oophor-o;terminologia::nivel::nucleo;terminologia::tipo::raiz,Texto PT-BR; forma citada preservada.
etim-v2-rai-salping-o,salping/o,,,morfema,raiz,greco-latina; confirmar étimo apenas quando necessário,,,tuba uterina,,tuba uterina,,raiz,reprodutor_obstetricia,,reprodutor;obstetricia,3,3,2,0,23,nucleo,salpingite,,,,,,,,tuba uterina,A forma sugere sentido; não fecha diagnóstico.,"OpenRN Medical Terminology 2e, cap. 1, NCBI Bookshelf NBK607453 (CC BY 4.0); OpenRN Medical Terminology 2e, NCBI Bookshelf NBK607454 (CC BY 4.0); Prompt mestre do usuário, corpus-base de terminologia médica, 2026-07-17",alta,candidato_validado_automaticamente,card_proprio,etim-v2-rai-salping-o,sim,reconhecimento,1,,,etim_uid::etim-v2-rai-salping-o;terminologia::nivel::nucleo;terminologia::tipo::raiz,Texto PT-BR; forma citada preservada.
etim-v2-rai-uter-o,uter/o,,,morfema,raiz,greco-latina; confirmar étimo apenas quando necessário,,,útero,,útero,,raiz,reprodutor_obstetricia,,reprodutor;obstetricia,3,3,2,0,23,nucleo,uterino,,,,,,,,útero,A forma sugere sentido; não fecha diagnóstico.,"OpenRN Medical Terminology 2e, cap. 1, NCBI Bookshelf NBK607453 (CC BY 4.0); OpenRN Medical Terminology 2e, NCBI Bookshelf NBK607454 (CC BY 4.0); Prompt mestre do usuário, corpus-base de terminologia médica, 2026-07-17",alta,candidato_validado_automaticamente,card_proprio,etim-v2-rai-uter-o,sim,reconhecimento,1,,,etim_uid::etim-v2-rai-uter-o;terminologia::nivel::nucleo;terminologia::tipo::raiz,Texto PT-BR; forma citada preservada.
etim-v2-rai-hister-o,hister/o,hyster/o,hyster/o,morfema,raiz,greco-latina; confirmar étimo apenas quando necessário,,,útero,,útero,,raiz,reprodutor_obstetricia,,reprodutor;obstetricia,3,3,2,0,23,nucleo,histerectomia,,,,,,,,útero,A forma sugere sentido; não fecha diagnóstico.,"OpenRN Medical Terminology 2e, cap. 1, NCBI Bookshelf NBK607453 (CC BY 4.0); OpenRN Medical Terminology 2e, NCBI Bookshelf NBK607454 (CC BY 4.0); Prompt mestre do usuário, corpus-base de terminologia médica, 2026-07-17",alta,candidato_validado_automaticamente,card_proprio,etim-v2-rai-hister-o,sim,reconhecimento,1,,,etim_uid::etim-v2-rai-hister-o;terminologia::nivel::nucleo;terminologia::tipo::raiz,Texto PT-BR; forma citada preservada.
etim-v2-rai-cervic-o,cervic/o,,,morfema,raiz,greco-latina; confirmar étimo apenas quando necessário,,,colo ou pescoço,,colo ou pescoço,,raiz,reprodutor_obstetricia,,reprodutor;obstetricia,3,3,2,1,25,nucleo,cervical,,,,,,,,colo ou pescoço,A forma sugere sentido; não fecha diagnóstico.,"OpenRN Medical Terminology 2e, cap. 1, NCBI Bookshelf NBK607453 (CC BY 4.0); OpenRN Medical Terminology 2e, NCBI Bookshelf NBK607454 (CC BY 4.0); Prompt mestre do usuário, corpus-base de terminologia médica, 2026-07-17",alta,candidato_validado_automaticamente,card_proprio,etim-v2-rai-cervic-o,sim,reconhecimento,1,,,etim_uid::etim-v2-rai-cervic-o;terminologia::nivel::nucleo;terminologia::tipo::raiz,Texto PT-BR; forma citada preservada.
etim-v2-rai-colp-o,colp/o,,,morfema,raiz,greco-latina; confirmar étimo apenas quando necessário,,,vagina,,vagina,,raiz,reprodutor_obstetricia,,reprodutor;obstetricia,3,3,2,0,23,nucleo,colposcopia,,,,,,,,vagina,A forma sugere sentido; não fecha diagnóstico.,"OpenRN Medical Terminology 2e, cap. 1, NCBI Bookshelf NBK607453 (CC BY 4.0); OpenRN Medical Terminology 2e, NCBI Bookshelf NBK607454 (CC BY 4.0); Prompt mestre do usuário, corpus-base de terminologia médica, 2026-07-17",alta,candidato_validado_automaticamente,card_proprio,etim-v2-rai-colp-o,sim,reconhecimento,1,,,etim_uid::etim-v2-rai-colp-o;terminologia::nivel::nucleo;terminologia::tipo::raiz,Texto PT-BR; forma citada preservada.
etim-v2-rai-vagin-o,vagin/o,,,morfema,raiz,greco-latina; confirmar étimo apenas quando necessário,,,vagina,,vagina,,raiz,reprodutor_obstetricia,,reprodutor;obstetricia,3,3,2,0,23,nucleo,vaginite,,,,,,,,vagina,A forma sugere sentido; não fecha diagnóstico.,"OpenRN Medical Terminology 2e, cap. 1, NCBI Bookshelf NBK607453 (CC BY 4.0); OpenRN Medical Terminology 2e, NCBI Bookshelf NBK607454 (CC BY 4.0); Prompt mestre do usuário, corpus-base de terminologia médica, 2026-07-17",alta,candidato_validado_automaticamente,card_proprio,etim-v2-rai-vagin-o,sim,reconhecimento,1,,,etim_uid::etim-v2-rai-vagin-o;terminologia::nivel::nucleo;terminologia::tipo::raiz,Texto PT-BR; forma citada preservada.
etim-v2-rai-vulv-o,vulv/o,,,morfema,raiz,greco-latina; confirmar étimo apenas quando necessário,,,vulva,,vulva,,raiz,reprodutor_obstetricia,,reprodutor;obstetricia,3,3,2,0,23,nucleo,vulvite,,,,,,,,vulva,A forma sugere sentido; não fecha diagnóstico.,"OpenRN Medical Terminology 2e, cap. 1, NCBI Bookshelf NBK607453 (CC BY 4.0); OpenRN Medical Terminology 2e, NCBI Bookshelf NBK607454 (CC BY 4.0); Prompt mestre do usuário, corpus-base de terminologia médica, 2026-07-17",alta,candidato_validado_automaticamente,card_proprio,etim-v2-rai-vulv-o,sim,reconhecimento,1,,,etim_uid::etim-v2-rai-vulv-o;terminologia::nivel::nucleo;terminologia::tipo::raiz,Texto PT-BR; forma citada preservada.
etim-v2-rai-mamm-o,mamm/o,,,morfema,raiz,greco-latina; confirmar étimo apenas quando necessário,,,mama,,mama,,raiz,reprodutor_obstetricia,,reprodutor;obstetricia,3,3,2,0,23,nucleo,mamografia,,,,,,,,mama,A forma sugere sentido; não fecha diagnóstico.,"OpenRN Medical Terminology 2e, cap. 1, NCBI Bookshelf NBK607453 (CC BY 4.0); OpenRN Medical Terminology 2e, NCBI Bookshelf NBK607454 (CC BY 4.0); Prompt mestre do usuário, corpus-base de terminologia médica, 2026-07-17",alta,candidato_validado_automaticamente,card_proprio,etim-v2-rai-mamm-o,sim,reconhecimento,1,,,etim_uid::etim-v2-rai-mamm-o;terminologia::nivel::nucleo;terminologia::tipo::raiz,Texto PT-BR; forma citada preservada.
etim-v2-rai-mast-o,mast/o,,,morfema,raiz,greco-latina; confirmar étimo apenas quando necessário,,,mama,,mama,,raiz,reprodutor_obstetricia,,reprodutor;obstetricia,3,2,2,0,20,nucleo,mastite,,,,,,,,mama,A forma sugere sentido; não fecha diagnóstico.,"OpenRN Medical Terminology 2e, cap. 1, NCBI Bookshelf NBK607453 (CC BY 4.0); OpenRN Medical Terminology 2e, NCBI Bookshelf NBK607454 (CC BY 4.0); Prompt mestre do usuário, corpus-base de terminologia médica, 2026-07-17",alta,candidato_validado_automaticamente,card_proprio,etim-v2-rai-mast-o,sim,reconhecimento,1,,,etim_uid::etim-v2-rai-mast-o;terminologia::nivel::nucleo;terminologia::tipo::raiz,Texto PT-BR; forma citada preservada.
etim-v2-rai-metr-o,metr/o,,,morfema,raiz,greco-latina; confirmar étimo apenas quando necessário,,,útero ou medida,,útero ou medida,,raiz,reprodutor_obstetricia,,reprodutor;obstetricia,3,2,2,1,22,nucleo,metrorragia,,,,,,,,útero ou medida,A forma sugere sentido; não fecha diagnóstico.,"OpenRN Medical Terminology 2e, cap. 1, NCBI Bookshelf NBK607453 (CC BY 4.0); OpenRN Medical Terminology 2e, NCBI Bookshelf NBK607454 (CC BY 4.0); Prompt mestre do usuário, corpus-base de terminologia médica, 2026-07-17",alta,candidato_validado_automaticamente,card_proprio,etim-v2-rai-metr-o,sim,reconhecimento,1,,,etim_uid::etim-v2-rai-metr-o;terminologia::nivel::nucleo;terminologia::tipo::raiz,Texto PT-BR; forma citada preservada.
etim-v2-rai-menstru-o,menstru/o,,,morfema,raiz,greco-latina; confirmar étimo apenas quando necessário,,,menstruação,,menstruação,,raiz,reprodutor_obstetricia,,reprodutor;obstetricia,3,2,2,0,20,nucleo,menstrual,,,,,,,,menstruação,A forma sugere sentido; não fecha diagnóstico.,"OpenRN Medical Terminology 2e, cap. 1, NCBI Bookshelf NBK607453 (CC BY 4.0); OpenRN Medical Terminology 2e, NCBI Bookshelf NBK607454 (CC BY 4.0); Prompt mestre do usuário, corpus-base de terminologia médica, 2026-07-17",alta,candidato_validado_automaticamente,card_proprio,etim-v2-rai-menstru-o,sim,reconhecimento,1,,,etim_uid::etim-v2-rai-menstru-o;terminologia::nivel::nucleo;terminologia::tipo::raiz,Texto PT-BR; forma citada preservada.
etim-v2-rai-gest-o,gest/o,,,morfema,raiz,greco-latina; confirmar étimo apenas quando necessário,,,gestação,,gestação,,raiz,reprodutor_obstetricia,,reprodutor;obstetricia,3,2,2,0,20,nucleo,gestacional,,,,,,,,gestação,A forma sugere sentido; não fecha diagnóstico.,"OpenRN Medical Terminology 2e, cap. 1, NCBI Bookshelf NBK607453 (CC BY 4.0); OpenRN Medical Terminology 2e, NCBI Bookshelf NBK607454 (CC BY 4.0); Prompt mestre do usuário, corpus-base de terminologia médica, 2026-07-17",alta,candidato_validado_automaticamente,card_proprio,etim-v2-rai-gest-o,sim,reconhecimento,1,,,etim_uid::etim-v2-rai-gest-o;terminologia::nivel::nucleo;terminologia::tipo::raiz,Texto PT-BR; forma citada preservada.
etim-v2-rai-gravid-o,gravid/o,,,morfema,raiz,greco-latina; confirmar étimo apenas quando necessário,,,gravidez,,gravidez,,raiz,reprodutor_obstetricia,,reprodutor;obstetricia,3,2,2,0,20,nucleo,multigrávida,,,,,,,,gravidez,A forma sugere sentido; não fecha diagnóstico.,"OpenRN Medical Terminology 2e, cap. 1, NCBI Bookshelf NBK607453 (CC BY 4.0); OpenRN Medical Terminology 2e, NCBI Bookshelf NBK607454 (CC BY 4.0); Prompt mestre do usuário, corpus-base de terminologia médica, 2026-07-17",alta,candidato_validado_automaticamente,card_proprio,etim-v2-rai-gravid-o,sim,reconhecimento,1,,,etim_uid::etim-v2-rai-gravid-o;terminologia::nivel::nucleo;terminologia::tipo::raiz,Texto PT-BR; forma citada preservada.
etim-v2-rai-placent-o,placent/o,,,morfema,raiz,greco-latina; confirmar étimo apenas quando necessário,,,placenta,,placenta,,raiz,reprodutor_obstetricia,,reprodutor;obstetricia,3,2,2,0,20,nucleo,placentário,,,,,,,,placenta,A forma sugere sentido; não fecha diagnóstico.,"OpenRN Medical Terminology 2e, cap. 1, NCBI Bookshelf NBK607453 (CC BY 4.0); OpenRN Medical Terminology 2e, NCBI Bookshelf NBK607454 (CC BY 4.0); Prompt mestre do usuário, corpus-base de terminologia médica, 2026-07-17",alta,candidato_validado_automaticamente,card_proprio,etim-v2-rai-placent-o,sim,reconhecimento,1,,,etim_uid::etim-v2-rai-placent-o;terminologia::nivel::nucleo;terminologia::tipo::raiz,Texto PT-BR; forma citada preservada.
etim-v2-rai-amni-o,amni/o,,,morfema,raiz,greco-latina; confirmar étimo apenas quando necessário,,,âmnio,,âmnio,,raiz,reprodutor_obstetricia,,reprodutor;obstetricia,3,2,2,0,20,nucleo,amniocentese,,,,,,,,âmnio,A forma sugere sentido; não fecha diagnóstico.,"OpenRN Medical Terminology 2e, cap. 1, NCBI Bookshelf NBK607453 (CC BY 4.0); OpenRN Medical Terminology 2e, NCBI Bookshelf NBK607454 (CC BY 4.0); Prompt mestre do usuário, corpus-base de terminologia médica, 2026-07-17",alta,candidato_validado_automaticamente,card_proprio,etim-v2-rai-amni-o,sim,reconhecimento,1,,,etim_uid::etim-v2-rai-amni-o;terminologia::nivel::nucleo;terminologia::tipo::raiz,Texto PT-BR; forma citada preservada.
etim-v2-rai-chori-o,chori/o,,,morfema,raiz,greco-latina; confirmar étimo apenas quando necessário,,,cório,,cório,,raiz,reprodutor_obstetricia,,reprodutor;obstetricia,3,2,2,0,20,nucleo,coriônico,,,,,,,,cório,A forma sugere sentido; não fecha diagnóstico.,"OpenRN Medical Terminology 2e, cap. 1, NCBI Bookshelf NBK607453 (CC BY 4.0); OpenRN Medical Terminology 2e, NCBI Bookshelf NBK607454 (CC BY 4.0); Prompt mestre do usuário, corpus-base de terminologia médica, 2026-07-17",alta,candidato_validado_automaticamente,card_proprio,etim-v2-rai-chori-o,sim,reconhecimento,1,,,etim_uid::etim-v2-rai-chori-o;terminologia::nivel::nucleo;terminologia::tipo::raiz,Texto PT-BR; forma citada preservada.
etim-v2-rai-lact-o,lact/o,,,morfema,raiz,greco-latina; confirmar étimo apenas quando necessário,,,leite,,leite,,raiz,reprodutor_obstetricia,,reprodutor;obstetricia,3,2,2,0,20,nucleo,lactação,,,,,,,,leite,A forma sugere sentido; não fecha diagnóstico.,"OpenRN Medical Terminology 2e, cap. 1, NCBI Bookshelf NBK607453 (CC BY 4.0); OpenRN Medical Terminology 2e, NCBI Bookshelf NBK607454 (CC BY 4.0); Prompt mestre do usuário, corpus-base de terminologia médica, 2026-07-17",alta,candidato_validado_automaticamente,card_proprio,etim-v2-rai-lact-o,sim,reconhecimento,1,,,etim_uid::etim-v2-rai-lact-o;terminologia::nivel::nucleo;terminologia::tipo::raiz,Texto PT-BR; forma citada preservada.
etim-v2-rai-galact-o,galact/o,,,morfema,raiz,greco-latina; confirmar étimo apenas quando necessário,,,leite,,leite,,raiz,reprodutor_obstetricia,,reprodutor;obstetricia,3,2,2,0,20,nucleo,galactorreia,,,,,,,,leite,A forma sugere sentido; não fecha diagnóstico.,"OpenRN Medical Terminology 2e, cap. 1, NCBI Bookshelf NBK607453 (CC BY 4.0); OpenRN Medical Terminology 2e, NCBI Bookshelf NBK607454 (CC BY 4.0); Prompt mestre do usuário, corpus-base de terminologia médica, 2026-07-17",alta,candidato_validado_automaticamente,card_proprio,etim-v2-rai-galact-o,sim,reconhecimento,1,,,etim_uid::etim-v2-rai-galact-o;terminologia::nivel::nucleo;terminologia::tipo::raiz,Texto PT-BR; forma citada preservada.
etim-v2-rai-toc-o,toc/o,,,morfema,raiz,greco-latina; confirmar étimo apenas quando necessário,,,parto,,parto,,raiz,reprodutor_obstetricia,,reprodutor;obstetricia,3,2,2,0,20,nucleo,tocologia,,,,,,,,parto,A forma sugere sentido; não fecha diagnóstico.,"OpenRN Medical Terminology 2e, cap. 1, NCBI Bookshelf NBK607453 (CC BY 4.0); OpenRN Medical Terminology 2e, NCBI Bookshelf NBK607454 (CC BY 4.0); Prompt mestre do usuário, corpus-base de terminologia médica, 2026-07-17",alta,candidato_validado_automaticamente,card_proprio,etim-v2-rai-toc-o,sim,reconhecimento,1,,,etim_uid::etim-v2-rai-toc-o;terminologia::nivel::nucleo;terminologia::tipo::raiz,Texto PT-BR; forma citada preservada.
etim-v2-rai-part-o,part/o,,,morfema,raiz,greco-latina; confirmar étimo apenas quando necessário,,,parto,,parto,,raiz,reprodutor_obstetricia,,reprodutor;obstetricia,3,2,2,0,20,nucleo,multípara,,,,,,,,parto,A forma sugere sentido; não fecha diagnóstico.,"OpenRN Medical Terminology 2e, cap. 1, NCBI Bookshelf NBK607453 (CC BY 4.0); OpenRN Medical Terminology 2e, NCBI Bookshelf NBK607454 (CC BY 4.0); Prompt mestre do usuário, corpus-base de terminologia médica, 2026-07-17",alta,candidato_validado_automaticamente,card_proprio,etim-v2-rai-part-o,sim,reconhecimento,1,,,etim_uid::etim-v2-rai-part-o;terminologia::nivel::nucleo;terminologia::tipo::raiz,Texto PT-BR; forma citada preservada.
etim-v2-rai-puerper-o,puerper/o,,,morfema,raiz,greco-latina; confirmar étimo apenas quando necessário,,,puerpério,,puerpério,,raiz,reprodutor_obstetricia,,reprodutor;obstetricia,3,2,2,0,20,nucleo,puerperal,,,,,,,,puerpério,A forma sugere sentido; não fecha diagnóstico.,"OpenRN Medical Terminology 2e, cap. 1, NCBI Bookshelf NBK607453 (CC BY 4.0); OpenRN Medical Terminology 2e, NCBI Bookshelf NBK607454 (CC BY 4.0); Prompt mestre do usuário, corpus-base de terminologia médica, 2026-07-17",alta,candidato_validado_automaticamente,card_proprio,etim-v2-rai-puerper-o,sim,reconhecimento,1,,,etim_uid::etim-v2-rai-puerper-o;terminologia::nivel::nucleo;terminologia::tipo::raiz,Texto PT-BR; forma citada preservada.
etim-v2-rai-derm-o,derm/o,,,morfema,raiz,greco-latina; confirmar étimo apenas quando necessário,,,pele,,pele,,raiz,pele_imune_micro,,pele;imune;micro,3,3,2,0,23,nucleo,dermatologia,,,,,,,,pele,A forma sugere sentido; não fecha diagnóstico.,"OpenRN Medical Terminology 2e, cap. 1, NCBI Bookshelf NBK607453 (CC BY 4.0); OpenRN Medical Terminology 2e, NCBI Bookshelf NBK607454 (CC BY 4.0); Prompt mestre do usuário, corpus-base de terminologia médica, 2026-07-17",alta,candidato_validado_automaticamente,card_proprio,etim-v2-rai-derm-o,sim,reconhecimento,1,,,etim_uid::etim-v2-rai-derm-o;terminologia::nivel::nucleo;terminologia::tipo::raiz,Texto PT-BR; forma citada preservada.
etim-v2-rai-dermat-o,dermat/o,,,morfema,raiz,greco-latina; confirmar étimo apenas quando necessário,,,pele,,pele,,raiz,pele_imune_micro,,pele;imune;micro,3,3,2,0,23,nucleo,dermatite,,,,,,,,pele,A forma sugere sentido; não fecha diagnóstico.,"OpenRN Medical Terminology 2e, cap. 1, NCBI Bookshelf NBK607453 (CC BY 4.0); OpenRN Medical Terminology 2e, NCBI Bookshelf NBK607454 (CC BY 4.0); Prompt mestre do usuário, corpus-base de terminologia médica, 2026-07-17",alta,candidato_validado_automaticamente,card_proprio,etim-v2-rai-dermat-o,sim,reconhecimento,1,,,etim_uid::etim-v2-rai-dermat-o;terminologia::nivel::nucleo;terminologia::tipo::raiz,Texto PT-BR; forma citada preservada.
etim-v2-rai-cutane-o,cutane/o,,,morfema,raiz,greco-latina; confirmar étimo apenas quando necessário,,,pele,,pele,,raiz,pele_imune_micro,,pele;imune;micro,3,3,2,0,23,nucleo,subcutâneo,,,,,,,,pele,A forma sugere sentido; não fecha diagnóstico.,"OpenRN Medical Terminology 2e, cap. 1, NCBI Bookshelf NBK607453 (CC BY 4.0); OpenRN Medical Terminology 2e, NCBI Bookshelf NBK607454 (CC BY 4.0); Prompt mestre do usuário, corpus-base de terminologia médica, 2026-07-17",alta,candidato_validado_automaticamente,card_proprio,etim-v2-rai-cutane-o,sim,reconhecimento,1,,,etim_uid::etim-v2-rai-cutane-o;terminologia::nivel::nucleo;terminologia::tipo::raiz,Texto PT-BR; forma citada preservada.
etim-v2-rai-tric-o,tric/o,trich/o,trich/o,morfema,raiz,greco-latina; confirmar étimo apenas quando necessário,,,cabelo,,cabelo,,raiz,pele_imune_micro,,pele;imune;micro,3,3,2,0,23,nucleo,tricotilomania,,,,,,,,cabelo,A forma sugere sentido; não fecha diagnóstico.,"OpenRN Medical Terminology 2e, cap. 1, NCBI Bookshelf NBK607453 (CC BY 4.0); OpenRN Medical Terminology 2e, NCBI Bookshelf NBK607454 (CC BY 4.0); Prompt mestre do usuário, corpus-base de terminologia médica, 2026-07-17",alta,candidato_validado_automaticamente,card_proprio,etim-v2-rai-tric-o,sim,reconhecimento,1,,,etim_uid::etim-v2-rai-tric-o;terminologia::nivel::nucleo;terminologia::tipo::raiz,Texto PT-BR; forma citada preservada.
etim-v2-rai-pil-o,pil/o,,,morfema,raiz,greco-latina; confirmar étimo apenas quando necessário,,,pelo,,pelo,,raiz,pele_imune_micro,,pele;imune;micro,3,3,2,0,23,nucleo,piloereção,,,,,,,,pelo,A forma sugere sentido; não fecha diagnóstico.,"OpenRN Medical Terminology 2e, cap. 1, NCBI Bookshelf NBK607453 (CC BY 4.0); OpenRN Medical Terminology 2e, NCBI Bookshelf NBK607454 (CC BY 4.0); Prompt mestre do usuário, corpus-base de terminologia médica, 2026-07-17",alta,candidato_validado_automaticamente,card_proprio,etim-v2-rai-pil-o,sim,reconhecimento,1,,,etim_uid::etim-v2-rai-pil-o;terminologia::nivel::nucleo;terminologia::tipo::raiz,Texto PT-BR; forma citada preservada.
etim-v2-rai-onic-o,onic/o,onych/o,onych/o,morfema,raiz,greco-latina; confirmar étimo apenas quando necessário,,,unha,,unha,,raiz,pele_imune_micro,,pele;imune;micro,3,3,2,0,23,nucleo,onicomicose,,,,,,,,unha,A forma sugere sentido; não fecha diagnóstico.,"OpenRN Medical Terminology 2e, cap. 1, NCBI Bookshelf NBK607453 (CC BY 4.0); OpenRN Medical Terminology 2e, NCBI Bookshelf NBK607454 (CC BY 4.0); Prompt mestre do usuário, corpus-base de terminologia médica, 2026-07-17",alta,candidato_validado_automaticamente,card_proprio,etim-v2-rai-onic-o,sim,reconhecimento,1,,,etim_uid::etim-v2-rai-onic-o;terminologia::nivel::nucleo;terminologia::tipo::raiz,Texto PT-BR; forma citada preservada.
etim-v2-rai-hidr-o,hidr/o,,,morfema,raiz,greco-latina; confirmar étimo apenas quando necessário,,,suor ou água,,suor ou água,,raiz,pele_imune_micro,,pele;imune;micro,3,3,2,1,25,nucleo,hiperidrose,,,,,,,,suor ou água,A forma sugere sentido; não fecha diagnóstico.,"OpenRN Medical Terminology 2e, cap. 1, NCBI Bookshelf NBK607453 (CC BY 4.0); OpenRN Medical Terminology 2e, NCBI Bookshelf NBK607454 (CC BY 4.0); Prompt mestre do usuário, corpus-base de terminologia médica, 2026-07-17",alta,candidato_validado_automaticamente,card_proprio,etim-v2-rai-hidr-o,sim,reconhecimento,1,,,etim_uid::etim-v2-rai-hidr-o;terminologia::nivel::nucleo;terminologia::tipo::raiz,Texto PT-BR; forma citada preservada.
etim-v2-rai-sudor-o,sudor/o,,,morfema,raiz,greco-latina; confirmar étimo apenas quando necessário,,,suor,,suor,,raiz,pele_imune_micro,,pele;imune;micro,3,3,2,0,23,nucleo,sudoríparo,,,,,,,,suor,A forma sugere sentido; não fecha diagnóstico.,"OpenRN Medical Terminology 2e, cap. 1, NCBI Bookshelf NBK607453 (CC BY 4.0); OpenRN Medical Terminology 2e, NCBI Bookshelf NBK607454 (CC BY 4.0); Prompt mestre do usuário, corpus-base de terminologia médica, 2026-07-17",alta,candidato_validado_automaticamente,card_proprio,etim-v2-rai-sudor-o,sim,reconhecimento,1,,,etim_uid::etim-v2-rai-sudor-o;terminologia::nivel::nucleo;terminologia::tipo::raiz,Texto PT-BR; forma citada preservada.
etim-v2-rai-seb-o,seb/o,,,morfema,raiz,greco-latina; confirmar étimo apenas quando necessário,,,sebo,,sebo,,raiz,pele_imune_micro,,pele;imune;micro,3,3,2,0,23,nucleo,seborreia,,,,,,,,sebo,A forma sugere sentido; não fecha diagnóstico.,"OpenRN Medical Terminology 2e, cap. 1, NCBI Bookshelf NBK607453 (CC BY 4.0); OpenRN Medical Terminology 2e, NCBI Bookshelf NBK607454 (CC BY 4.0); Prompt mestre do usuário, corpus-base de terminologia médica, 2026-07-17",alta,candidato_validado_automaticamente,card_proprio,etim-v2-rai-seb-o,sim,reconhecimento,1,,,etim_uid::etim-v2-rai-seb-o;terminologia::nivel::nucleo;terminologia::tipo::raiz,Texto PT-BR; forma citada preservada.
etim-v2-rai-melan-o,melan/o,,,morfema,raiz,greco-latina; confirmar étimo apenas quando necessário,,,preto ou melanina,,preto ou melanina,,raiz,pele_imune_micro,,pele;imune;micro,3,3,2,1,25,nucleo,melanócito,,,,,,,,preto ou melanina,A forma sugere sentido; não fecha diagnóstico.,"OpenRN Medical Terminology 2e, cap. 1, NCBI Bookshelf NBK607453 (CC BY 4.0); OpenRN Medical Terminology 2e, NCBI Bookshelf NBK607454 (CC BY 4.0); Prompt mestre do usuário, corpus-base de terminologia médica, 2026-07-17",alta,candidato_validado_automaticamente,card_proprio,etim-v2-rai-melan-o,sim,reconhecimento,1,,,etim_uid::etim-v2-rai-melan-o;terminologia::nivel::nucleo;terminologia::tipo::raiz,Texto PT-BR; forma citada preservada.
etim-v2-rai-epiderm-o,epiderm/o,,,morfema,raiz,greco-latina; confirmar étimo apenas quando necessário,,,epiderme,,epiderme,,raiz,pele_imune_micro,,pele;imune;micro,3,3,2,0,23,nucleo,epidérmico,,,,,,,,epiderme,A forma sugere sentido; não fecha diagnóstico.,"OpenRN Medical Terminology 2e, cap. 1, NCBI Bookshelf NBK607453 (CC BY 4.0); OpenRN Medical Terminology 2e, NCBI Bookshelf NBK607454 (CC BY 4.0); Prompt mestre do usuário, corpus-base de terminologia médica, 2026-07-17",alta,candidato_validado_automaticamente,card_proprio,etim-v2-rai-epiderm-o,sim,reconhecimento,1,,,etim_uid::etim-v2-rai-epiderm-o;terminologia::nivel::nucleo;terminologia::tipo::raiz,Texto PT-BR; forma citada preservada.
etim-v2-rai-hypoderm-o,hypoderm/o,,,morfema,raiz,greco-latina; confirmar étimo apenas quando necessário,,,hipoderme,,hipoderme,,raiz,pele_imune_micro,,pele;imune;micro,3,3,2,0,23,nucleo,hipodérmico,,,,,,,,hipoderme,A forma sugere sentido; não fecha diagnóstico.,"OpenRN Medical Terminology 2e, cap. 1, NCBI Bookshelf NBK607453 (CC BY 4.0); OpenRN Medical Terminology 2e, NCBI Bookshelf NBK607454 (CC BY 4.0); Prompt mestre do usuário, corpus-base de terminologia médica, 2026-07-17",alta,candidato_validado_automaticamente,card_proprio,etim-v2-rai-hypoderm-o,sim,reconhecimento,1,,,etim_uid::etim-v2-rai-hypoderm-o;terminologia::nivel::nucleo;terminologia::tipo::raiz,Texto PT-BR; forma citada preservada.
etim-v2-rai-follicul-o,follicul/o,,,morfema,raiz,greco-latina; confirmar étimo apenas quando necessário,,,folículo,,folículo,,raiz,pele_imune_micro,,pele;imune;micro,3,3,2,0,23,nucleo,foliculite,,,,,,,,folículo,A forma sugere sentido; não fecha diagnóstico.,"OpenRN Medical Terminology 2e, cap. 1, NCBI Bookshelf NBK607453 (CC BY 4.0); OpenRN Medical Terminology 2e, NCBI Bookshelf NBK607454 (CC BY 4.0); Prompt mestre do usuário, corpus-base de terminologia médica, 2026-07-17",alta,candidato_validado_automaticamente,card_proprio,etim-v2-rai-follicul-o,sim,reconhecimento,1,,,etim_uid::etim-v2-rai-follicul-o;terminologia::nivel::nucleo;terminologia::tipo::raiz,Texto PT-BR; forma citada preservada.
etim-v2-rai-ungue-o,ungue/o,,,morfema,raiz,greco-latina; confirmar étimo apenas quando necessário,,,unha,,unha,,raiz,pele_imune_micro,,pele;imune;micro,3,3,2,0,23,nucleo,ungueal,,,,,,,,unha,A forma sugere sentido; não fecha diagnóstico.,"OpenRN Medical Terminology 2e, cap. 1, NCBI Bookshelf NBK607453 (CC BY 4.0); OpenRN Medical Terminology 2e, NCBI Bookshelf NBK607454 (CC BY 4.0); Prompt mestre do usuário, corpus-base de terminologia médica, 2026-07-17",alta,candidato_validado_automaticamente,card_proprio,etim-v2-rai-ungue-o,sim,reconhecimento,1,,,etim_uid::etim-v2-rai-ungue-o;terminologia::nivel::nucleo;terminologia::tipo::raiz,Texto PT-BR; forma citada preservada.
etim-v2-rai-squam-o,squam/o,,,morfema,raiz,greco-latina; confirmar étimo apenas quando necessário,,,escama,,escama,,raiz,pele_imune_micro,,pele;imune;micro,3,3,2,0,23,nucleo,escamoso,,,,,,,,escama,A forma sugere sentido; não fecha diagnóstico.,"OpenRN Medical Terminology 2e, cap. 1, NCBI Bookshelf NBK607453 (CC BY 4.0); OpenRN Medical Terminology 2e, NCBI Bookshelf NBK607454 (CC BY 4.0); Prompt mestre do usuário, corpus-base de terminologia médica, 2026-07-17",alta,candidato_validado_automaticamente,card_proprio,etim-v2-rai-squam-o,sim,reconhecimento,1,,,etim_uid::etim-v2-rai-squam-o;terminologia::nivel::nucleo;terminologia::tipo::raiz,Texto PT-BR; forma citada preservada.
etim-v2-rai-xer-o,xer/o,,,morfema,raiz,greco-latina; confirmar étimo apenas quando necessário,,,seco,,seco,,raiz,pele_imune_micro,,pele;imune;micro,3,3,2,0,23,nucleo,xerose,,,,,,,,seco,A forma sugere sentido; não fecha diagnóstico.,"OpenRN Medical Terminology 2e, cap. 1, NCBI Bookshelf NBK607453 (CC BY 4.0); OpenRN Medical Terminology 2e, NCBI Bookshelf NBK607454 (CC BY 4.0); Prompt mestre do usuário, corpus-base de terminologia médica, 2026-07-17",alta,candidato_validado_automaticamente,card_proprio,etim-v2-rai-xer-o,sim,reconhecimento,1,,,etim_uid::etim-v2-rai-xer-o;terminologia::nivel::nucleo;terminologia::tipo::raiz,Texto PT-BR; forma citada preservada.
etim-v2-rai-erythem-o,erythem/o,,,morfema,raiz,greco-latina; confirmar étimo apenas quando necessário,,,vermelhidão,,vermelhidão,,raiz,pele_imune_micro,,pele;imune;micro,3,3,2,0,23,nucleo,eritema,,,,,,,,vermelhidão,A forma sugere sentido; não fecha diagnóstico.,"OpenRN Medical Terminology 2e, cap. 1, NCBI Bookshelf NBK607453 (CC BY 4.0); OpenRN Medical Terminology 2e, NCBI Bookshelf NBK607454 (CC BY 4.0); Prompt mestre do usuário, corpus-base de terminologia médica, 2026-07-17",alta,candidato_validado_automaticamente,card_proprio,etim-v2-rai-erythem-o,sim,reconhecimento,1,,,etim_uid::etim-v2-rai-erythem-o;terminologia::nivel::nucleo;terminologia::tipo::raiz,Texto PT-BR; forma citada preservada.
etim-v2-rai-prurit-o,prurit/o,,,morfema,raiz,greco-latina; confirmar étimo apenas quando necessário,,,coceira,,coceira,,raiz,pele_imune_micro,,pele;imune;micro,3,3,2,0,23,nucleo,prurido,,,,,,,,coceira,A forma sugere sentido; não fecha diagnóstico.,"OpenRN Medical Terminology 2e, cap. 1, NCBI Bookshelf NBK607453 (CC BY 4.0); OpenRN Medical Terminology 2e, NCBI Bookshelf NBK607454 (CC BY 4.0); Prompt mestre do usuário, corpus-base de terminologia médica, 2026-07-17",alta,candidato_validado_automaticamente,card_proprio,etim-v2-rai-prurit-o,sim,reconhecimento,1,,,etim_uid::etim-v2-rai-prurit-o;terminologia::nivel::nucleo;terminologia::tipo::raiz,Texto PT-BR; forma citada preservada.
etim-v2-rai-imun-o,imun/o,immun/o,immun/o,morfema,raiz,greco-latina; confirmar étimo apenas quando necessário,,,imunidade,,imunidade,,raiz,pele_imune_micro,,pele;imune;micro,3,3,2,0,23,nucleo,imunologia,,,,,,,,imunidade,A forma sugere sentido; não fecha diagnóstico.,"OpenRN Medical Terminology 2e, cap. 1, NCBI Bookshelf NBK607453 (CC BY 4.0); OpenRN Medical Terminology 2e, NCBI Bookshelf NBK607454 (CC BY 4.0); Prompt mestre do usuário, corpus-base de terminologia médica, 2026-07-17",alta,candidato_validado_automaticamente,card_proprio,etim-v2-rai-imun-o,sim,reconhecimento,1,,,etim_uid::etim-v2-rai-imun-o;terminologia::nivel::nucleo;terminologia::tipo::raiz,Texto PT-BR; forma citada preservada.
etim-v2-rai-linf-o,linf/o,lymph/o,lymph/o,morfema,raiz,greco-latina; confirmar étimo apenas quando necessário,,,linfa,,linfa,,raiz,pele_imune_micro,,pele;imune;micro,3,3,2,0,23,nucleo,linfócito,,,,,,,,linfa,A forma sugere sentido; não fecha diagnóstico.,"OpenRN Medical Terminology 2e, cap. 1, NCBI Bookshelf NBK607453 (CC BY 4.0); OpenRN Medical Terminology 2e, NCBI Bookshelf NBK607454 (CC BY 4.0); Prompt mestre do usuário, corpus-base de terminologia médica, 2026-07-17",alta,candidato_validado_automaticamente,card_proprio,etim-v2-rai-linf-o,sim,reconhecimento,1,,,etim_uid::etim-v2-rai-linf-o;terminologia::nivel::nucleo;terminologia::tipo::raiz,Texto PT-BR; forma citada preservada.
etim-v2-rai-esplen-o,esplen/o,splen/o,splen/o,morfema,raiz,greco-latina; confirmar étimo apenas quando necessário,,,baço,,baço,,raiz,pele_imune_micro,,pele;imune;micro,3,3,2,0,23,nucleo,esplenomegalia,,,,,,,,baço,A forma sugere sentido; não fecha diagnóstico.,"OpenRN Medical Terminology 2e, cap. 1, NCBI Bookshelf NBK607453 (CC BY 4.0); OpenRN Medical Terminology 2e, NCBI Bookshelf NBK607454 (CC BY 4.0); Prompt mestre do usuário, corpus-base de terminologia médica, 2026-07-17",alta,candidato_validado_automaticamente,card_proprio,etim-v2-rai-esplen-o,sim,reconhecimento,1,,,etim_uid::etim-v2-rai-esplen-o;terminologia::nivel::nucleo;terminologia::tipo::raiz,Texto PT-BR; forma citada preservada.
etim-v2-rai-fag-o,fag/o,phag/o,phag/o,morfema,raiz,greco-latina; confirmar étimo apenas quando necessário,,,ingerir,,ingerir,,raiz,pele_imune_micro,,pele;imune;micro,3,3,2,0,23,nucleo,fagocitose,,,,,,,,ingerir,A forma sugere sentido; não fecha diagnóstico.,"OpenRN Medical Terminology 2e, cap. 1, NCBI Bookshelf NBK607453 (CC BY 4.0); OpenRN Medical Terminology 2e, NCBI Bookshelf NBK607454 (CC BY 4.0); Prompt mestre do usuário, corpus-base de terminologia médica, 2026-07-17",alta,candidato_validado_automaticamente,card_proprio,etim-v2-rai-fag-o,sim,reconhecimento,1,,,etim_uid::etim-v2-rai-fag-o;terminologia::nivel::nucleo;terminologia::tipo::raiz,Texto PT-BR; forma citada preservada.
etim-v2-rai-antigen-o,antigen/o,,,morfema,raiz,greco-latina; confirmar étimo apenas quando necessário,,,antígeno,,antígeno,,raiz,pele_imune_micro,,pele;imune;micro,3,3,2,0,23,nucleo,antigênico,,,,,,,,antígeno,A forma sugere sentido; não fecha diagnóstico.,"OpenRN Medical Terminology 2e, cap. 1, NCBI Bookshelf NBK607453 (CC BY 4.0); OpenRN Medical Terminology 2e, NCBI Bookshelf NBK607454 (CC BY 4.0); Prompt mestre do usuário, corpus-base de terminologia médica, 2026-07-17",alta,candidato_validado_automaticamente,card_proprio,etim-v2-rai-antigen-o,sim,reconhecimento,1,,,etim_uid::etim-v2-rai-antigen-o;terminologia::nivel::nucleo;terminologia::tipo::raiz,Texto PT-BR; forma citada preservada.
etim-v2-rai-bacter-o,bacter/o,bacteri/o,bacteri/o,morfema,raiz,greco-latina; confirmar étimo apenas quando necessário,,,bactéria,,bactéria,,raiz,pele_imune_micro,,pele;imune;micro,3,2,2,0,20,nucleo,bacteremia,,,,,,,,bactéria,A forma sugere sentido; não fecha diagnóstico.,"OpenRN Medical Terminology 2e, cap. 1, NCBI Bookshelf NBK607453 (CC BY 4.0); OpenRN Medical Terminology 2e, NCBI Bookshelf NBK607454 (CC BY 4.0); Prompt mestre do usuário, corpus-base de terminologia médica, 2026-07-17",alta,candidato_validado_automaticamente,card_proprio,etim-v2-rai-bacter-o,sim,reconhecimento,1,,,etim_uid::etim-v2-rai-bacter-o;terminologia::nivel::nucleo;terminologia::tipo::raiz,Texto PT-BR; forma citada preservada.
etim-v2-rai-vir-o,vir/o,,,morfema,raiz,greco-latina; confirmar étimo apenas quando necessário,,,vírus,,vírus,,raiz,pele_imune_micro,,pele;imune;micro,3,2,2,0,20,nucleo,viremia,,,,,,,,vírus,A forma sugere sentido; não fecha diagnóstico.,"OpenRN Medical Terminology 2e, cap. 1, NCBI Bookshelf NBK607453 (CC BY 4.0); OpenRN Medical Terminology 2e, NCBI Bookshelf NBK607454 (CC BY 4.0); Prompt mestre do usuário, corpus-base de terminologia médica, 2026-07-17",alta,candidato_validado_automaticamente,card_proprio,etim-v2-rai-vir-o,sim,reconhecimento,1,,,etim_uid::etim-v2-rai-vir-o;terminologia::nivel::nucleo;terminologia::tipo::raiz,Texto PT-BR; forma citada preservada.
etim-v2-rai-mic-o,mic/o,myc/o,myc/o,morfema,raiz,greco-latina; confirmar étimo apenas quando necessário,,,fungo,,fungo,,raiz,pele_imune_micro,,pele;imune;micro,3,2,2,0,20,nucleo,micose,,,,,,,,fungo,A forma sugere sentido; não fecha diagnóstico.,"OpenRN Medical Terminology 2e, cap. 1, NCBI Bookshelf NBK607453 (CC BY 4.0); OpenRN Medical Terminology 2e, NCBI Bookshelf NBK607454 (CC BY 4.0); Prompt mestre do usuário, corpus-base de terminologia médica, 2026-07-17",alta,candidato_validado_automaticamente,card_proprio,etim-v2-rai-mic-o,sim,reconhecimento,1,,,etim_uid::etim-v2-rai-mic-o;terminologia::nivel::nucleo;terminologia::tipo::raiz,Texto PT-BR; forma citada preservada.
etim-v2-rai-fung-o,fung/o,,,morfema,raiz,greco-latina; confirmar étimo apenas quando necessário,,,fungo,,fungo,,raiz,pele_imune_micro,,pele;imune;micro,3,2,2,0,20,nucleo,fungicida,,,,,,,,fungo,A forma sugere sentido; não fecha diagnóstico.,"OpenRN Medical Terminology 2e, cap. 1, NCBI Bookshelf NBK607453 (CC BY 4.0); OpenRN Medical Terminology 2e, NCBI Bookshelf NBK607454 (CC BY 4.0); Prompt mestre do usuário, corpus-base de terminologia médica, 2026-07-17",alta,candidato_validado_automaticamente,card_proprio,etim-v2-rai-fung-o,sim,reconhecimento,1,,,etim_uid::etim-v2-rai-fung-o;terminologia::nivel::nucleo;terminologia::tipo::raiz,Texto PT-BR; forma citada preservada.
etim-v2-rai-parasit-o,parasit/o,,,morfema,raiz,greco-latina; confirmar étimo apenas quando necessário,,,parasita,,parasita,,raiz,pele_imune_micro,,pele;imune;micro,3,2,2,0,20,nucleo,parasitemia,,,,,,,,parasita,A forma sugere sentido; não fecha diagnóstico.,"OpenRN Medical Terminology 2e, cap. 1, NCBI Bookshelf NBK607453 (CC BY 4.0); OpenRN Medical Terminology 2e, NCBI Bookshelf NBK607454 (CC BY 4.0); Prompt mestre do usuário, corpus-base de terminologia médica, 2026-07-17",alta,candidato_validado_automaticamente,card_proprio,etim-v2-rai-parasit-o,sim,reconhecimento,1,,,etim_uid::etim-v2-rai-parasit-o;terminologia::nivel::nucleo;terminologia::tipo::raiz,Texto PT-BR; forma citada preservada.
etim-v2-rai-protozo-o,protozo/o,,,morfema,raiz,greco-latina; confirmar étimo apenas quando necessário,,,protozoário,,protozoário,,raiz,pele_imune_micro,,pele;imune;micro,3,2,2,0,20,nucleo,protozoose,,,,,,,,protozoário,A forma sugere sentido; não fecha diagnóstico.,"OpenRN Medical Terminology 2e, cap. 1, NCBI Bookshelf NBK607453 (CC BY 4.0); OpenRN Medical Terminology 2e, NCBI Bookshelf NBK607454 (CC BY 4.0); Prompt mestre do usuário, corpus-base de terminologia médica, 2026-07-17",alta,candidato_validado_automaticamente,card_proprio,etim-v2-rai-protozo-o,sim,reconhecimento,1,,,etim_uid::etim-v2-rai-protozo-o;terminologia::nivel::nucleo;terminologia::tipo::raiz,Texto PT-BR; forma citada preservada.
etim-v2-rai-helmint-o,helmint/o,helminth/o,helminth/o,morfema,raiz,greco-latina; confirmar étimo apenas quando necessário,,,helminto,,helminto,,raiz,pele_imune_micro,,pele;imune;micro,3,2,2,0,20,nucleo,helmintíase,,,,,,,,helminto,A forma sugere sentido; não fecha diagnóstico.,"OpenRN Medical Terminology 2e, cap. 1, NCBI Bookshelf NBK607453 (CC BY 4.0); OpenRN Medical Terminology 2e, NCBI Bookshelf NBK607454 (CC BY 4.0); Prompt mestre do usuário, corpus-base de terminologia médica, 2026-07-17",alta,candidato_validado_automaticamente,card_proprio,etim-v2-rai-helmint-o,sim,reconhecimento,1,,,etim_uid::etim-v2-rai-helmint-o;terminologia::nivel::nucleo;terminologia::tipo::raiz,Texto PT-BR; forma citada preservada.
etim-v2-rai-nemat-o,nemat/o,,,morfema,raiz,greco-latina; confirmar étimo apenas quando necessário,,,nematódeo,,nematódeo,,raiz,pele_imune_micro,,pele;imune;micro,3,2,2,0,20,nucleo,nematoide,,,,,,,,nematódeo,A forma sugere sentido; não fecha diagnóstico.,"OpenRN Medical Terminology 2e, cap. 1, NCBI Bookshelf NBK607453 (CC BY 4.0); OpenRN Medical Terminology 2e, NCBI Bookshelf NBK607454 (CC BY 4.0); Prompt mestre do usuário, corpus-base de terminologia médica, 2026-07-17",alta,candidato_validado_automaticamente,card_proprio,etim-v2-rai-nemat-o,sim,reconhecimento,1,,,etim_uid::etim-v2-rai-nemat-o;terminologia::nivel::nucleo;terminologia::tipo::raiz,Texto PT-BR; forma citada preservada.
etim-v2-rai-cest-o,cest/o,,,morfema,raiz,greco-latina; confirmar étimo apenas quando necessário,,,cestódeo,,cestódeo,,raiz,pele_imune_micro,,pele;imune;micro,3,2,2,0,20,nucleo,cestodíase,,,,,,,,cestódeo,A forma sugere sentido; não fecha diagnóstico.,"OpenRN Medical Terminology 2e, cap. 1, NCBI Bookshelf NBK607453 (CC BY 4.0); OpenRN Medical Terminology 2e, NCBI Bookshelf NBK607454 (CC BY 4.0); Prompt mestre do usuário, corpus-base de terminologia médica, 2026-07-17",alta,candidato_validado_automaticamente,card_proprio,etim-v2-rai-cest-o,sim,reconhecimento,1,,,etim_uid::etim-v2-rai-cest-o;terminologia::nivel::nucleo;terminologia::tipo::raiz,Texto PT-BR; forma citada preservada.
etim-v2-rai-tremat-o,tremat/o,,,morfema,raiz,greco-latina; confirmar étimo apenas quando necessário,,,trematódeo,,trematódeo,,raiz,pele_imune_micro,,pele;imune;micro,3,2,2,0,20,nucleo,trematodíase,,,,,,,,trematódeo,A forma sugere sentido; não fecha diagnóstico.,"OpenRN Medical Terminology 2e, cap. 1, NCBI Bookshelf NBK607453 (CC BY 4.0); OpenRN Medical Terminology 2e, NCBI Bookshelf NBK607454 (CC BY 4.0); Prompt mestre do usuário, corpus-base de terminologia médica, 2026-07-17",alta,candidato_validado_automaticamente,card_proprio,etim-v2-rai-tremat-o,sim,reconhecimento,1,,,etim_uid::etim-v2-rai-tremat-o;terminologia::nivel::nucleo;terminologia::tipo::raiz,Texto PT-BR; forma citada preservada.
etim-v2-rai-toxic-o,toxic/o,tox/o,tox/o,morfema,raiz,greco-latina; confirmar étimo apenas quando necessário,,,veneno,,veneno,,raiz,pele_imune_micro,,pele;imune;micro,3,2,2,0,20,nucleo,toxicologia,,,,,,,,veneno,A forma sugere sentido; não fecha diagnóstico.,"OpenRN Medical Terminology 2e, cap. 1, NCBI Bookshelf NBK607453 (CC BY 4.0); OpenRN Medical Terminology 2e, NCBI Bookshelf NBK607454 (CC BY 4.0); Prompt mestre do usuário, corpus-base de terminologia médica, 2026-07-17",alta,candidato_validado_automaticamente,card_proprio,etim-v2-rai-toxic-o,sim,reconhecimento,1,,,etim_uid::etim-v2-rai-toxic-o;terminologia::nivel::nucleo;terminologia::tipo::raiz,Texto PT-BR; forma citada preservada.
etim-v2-rai-septic-o,septic/o,,,morfema,raiz,greco-latina; confirmar étimo apenas quando necessário,,,infecção sistêmica,,infecção sistêmica,,raiz,pele_imune_micro,,pele;imune;micro,3,2,2,0,20,nucleo,séptico,,,,,,,,infecção sistêmica,A forma sugere sentido; não fecha diagnóstico.,"OpenRN Medical Terminology 2e, cap. 1, NCBI Bookshelf NBK607453 (CC BY 4.0); OpenRN Medical Terminology 2e, NCBI Bookshelf NBK607454 (CC BY 4.0); Prompt mestre do usuário, corpus-base de terminologia médica, 2026-07-17",alta,candidato_validado_automaticamente,card_proprio,etim-v2-rai-septic-o,sim,reconhecimento,1,,,etim_uid::etim-v2-rai-septic-o;terminologia::nivel::nucleo;terminologia::tipo::raiz,Texto PT-BR; forma citada preservada.
etim-v2-rai-py-o,py/o,,,morfema,raiz,greco-latina; confirmar étimo apenas quando necessário,,,pus,,pus,,raiz,pele_imune_micro,,pele;imune;micro,3,2,2,0,20,nucleo,piodermite,,,,,,,,pus,A forma sugere sentido; não fecha diagnóstico.,"OpenRN Medical Terminology 2e, cap. 1, NCBI Bookshelf NBK607453 (CC BY 4.0); OpenRN Medical Terminology 2e, NCBI Bookshelf NBK607454 (CC BY 4.0); Prompt mestre do usuário, corpus-base de terminologia médica, 2026-07-17",alta,candidato_validado_automaticamente,card_proprio,etim-v2-rai-py-o,sim,reconhecimento,1,,,etim_uid::etim-v2-rai-py-o;terminologia::nivel::nucleo;terminologia::tipo::raiz,Texto PT-BR; forma citada preservada.
etim-v2-rai-zoon-o,zoon/o,,,morfema,raiz,greco-latina; confirmar étimo apenas quando necessário,,,animal,,animal,,raiz,pele_imune_micro,,pele;imune;micro,3,2,2,0,20,nucleo,zoonose,,,,,,,,animal,A forma sugere sentido; não fecha diagnóstico.,"OpenRN Medical Terminology 2e, cap. 1, NCBI Bookshelf NBK607453 (CC BY 4.0); OpenRN Medical Terminology 2e, NCBI Bookshelf NBK607454 (CC BY 4.0); Prompt mestre do usuário, corpus-base de terminologia médica, 2026-07-17",alta,candidato_validado_automaticamente,card_proprio,etim-v2-rai-zoon-o,sim,reconhecimento,1,,,etim_uid::etim-v2-rai-zoon-o;terminologia::nivel::nucleo;terminologia::tipo::raiz,Texto PT-BR; forma citada preservada.
etim-v2-rai-iatr-o,iatr/o,,,morfema,raiz,greco-latina; confirmar étimo apenas quando necessário,,,tratamento médico,,tratamento médico,,raiz,pele_imune_micro,,pele;imune;micro,3,2,2,0,20,nucleo,iatrogenia,,,,,,,,tratamento médico,A forma sugere sentido; não fecha diagnóstico.,"OpenRN Medical Terminology 2e, cap. 1, NCBI Bookshelf NBK607453 (CC BY 4.0); OpenRN Medical Terminology 2e, NCBI Bookshelf NBK607454 (CC BY 4.0); Prompt mestre do usuário, corpus-base de terminologia médica, 2026-07-17",alta,candidato_validado_automaticamente,card_proprio,etim-v2-rai-iatr-o,sim,reconhecimento,1,,,etim_uid::etim-v2-rai-iatr-o;terminologia::nivel::nucleo;terminologia::tipo::raiz,Texto PT-BR; forma citada preservada.
etim-v2-fnd-morfema,morfema,,,conceito,fundamento,,,,unidade mínima significativa,,,,fundamentos,transversal,,,3,3,2,1,24,nucleo,,,,,,,,,,,"OpenRN Medical Terminology 2e, cap. 1, NCBI Bookshelf NBK607453 (CC BY 4.0); Prompt mestre do usuário, corpus-base de terminologia médica, 2026-07-17",alta,candidato_validado_automaticamente,card_proprio,etim-v2-fnd-morfema,sim,reconhecimento,1,,,etim_uid::etim-v2-fnd-morfema;terminologia::nivel::nucleo;terminologia::tipo::fundamento,
etim-v2-fnd-prefixo,prefixo,,,conceito,fundamento,,,,elemento inicial,,,,fundamentos,transversal,,,3,3,2,1,24,nucleo,,,,,,,,,,,"OpenRN Medical Terminology 2e, cap. 1, NCBI Bookshelf NBK607453 (CC BY 4.0); Prompt mestre do usuário, corpus-base de terminologia médica, 2026-07-17",alta,candidato_validado_automaticamente,card_proprio,etim-v2-fnd-prefixo,sim,reconhecimento,1,,,etim_uid::etim-v2-fnd-prefixo;terminologia::nivel::nucleo;terminologia::tipo::fundamento,
etim-v2-fnd-raiz,raiz,,,conceito,fundamento,,,,núcleo semântico,,,,fundamentos,transversal,,,3,3,2,1,24,nucleo,,,,,,,,,,,"OpenRN Medical Terminology 2e, cap. 1, NCBI Bookshelf NBK607453 (CC BY 4.0); Prompt mestre do usuário, corpus-base de terminologia médica, 2026-07-17",alta,candidato_validado_automaticamente,card_proprio,etim-v2-fnd-raiz,sim,reconhecimento,1,,,etim_uid::etim-v2-fnd-raiz;terminologia::nivel::nucleo;terminologia::tipo::fundamento,
etim-v2-fnd-sufixo,sufixo,,,conceito,fundamento,,,,elemento final,,,,fundamentos,transversal,,,3,3,2,1,24,nucleo,,,,,,,,,,,"OpenRN Medical Terminology 2e, cap. 1, NCBI Bookshelf NBK607453 (CC BY 4.0); Prompt mestre do usuário, corpus-base de terminologia médica, 2026-07-17",alta,candidato_validado_automaticamente,card_proprio,etim-v2-fnd-sufixo,sim,reconhecimento,1,,,etim_uid::etim-v2-fnd-sufixo;terminologia::nivel::nucleo;terminologia::tipo::fundamento,
etim-v2-fnd-forma-combinatoria,forma combinatória,,,conceito,fundamento,,,,raiz com vogal,,,,fundamentos,transversal,,,3,3,2,1,24,nucleo,,,,,,,,,,,"OpenRN Medical Terminology 2e, cap. 1, NCBI Bookshelf NBK607453 (CC BY 4.0); Prompt mestre do usuário, corpus-base de terminologia médica, 2026-07-17",alta,candidato_validado_automaticamente,card_proprio,etim-v2-fnd-forma-combinatoria,sim,reconhecimento,1,,,etim_uid::etim-v2-fnd-forma-combinatoria;terminologia::nivel::nucleo;terminologia::tipo::fundamento,
etim-v2-fnd-vogal-de-ligacao,vogal de ligação,,,conceito,fundamento,,,,facilita a pronúncia,,,,fundamentos,transversal,,,3,3,2,1,24,nucleo,,,,,,,,,,,"OpenRN Medical Terminology 2e, cap. 1, NCBI Bookshelf NBK607453 (CC BY 4.0); Prompt mestre do usuário, corpus-base de terminologia médica, 2026-07-17",alta,candidato_validado_automaticamente,card_proprio,etim-v2-fnd-vogal-de-ligacao,sim,reconhecimento,1,,,etim_uid::etim-v2-fnd-vogal-de-ligacao;terminologia::nivel::nucleo;terminologia::tipo::fundamento,
etim-v2-fnd-decomposicao,decomposição,,,conceito,fundamento,,,,separação em morfemas,,,,fundamentos,transversal,,,3,3,2,1,24,nucleo,,,,,,,,,,,"OpenRN Medical Terminology 2e, cap. 1, NCBI Bookshelf NBK607453 (CC BY 4.0); Prompt mestre do usuário, corpus-base de terminologia médica, 2026-07-17",alta,candidato_validado_automaticamente,card_proprio,etim-v2-fnd-decomposicao,sim,reconhecimento,1,,,etim_uid::etim-v2-fnd-decomposicao;terminologia::nivel::nucleo;terminologia::tipo::fundamento,
etim-v2-fnd-composicao,composição,,,conceito,fundamento,,,,união de elementos,,,,fundamentos,transversal,,,3,3,2,1,24,nucleo,,,,,,,,,,,"OpenRN Medical Terminology 2e, cap. 1, NCBI Bookshelf NBK607453 (CC BY 4.0); Prompt mestre do usuário, corpus-base de terminologia médica, 2026-07-17",alta,candidato_validado_automaticamente,card_proprio,etim-v2-fnd-composicao,sim,reconhecimento,1,,,etim_uid::etim-v2-fnd-composicao;terminologia::nivel::nucleo;terminologia::tipo::fundamento,
etim-v2-fnd-derivacao,derivação,,,conceito,fundamento,,,,formação por afixo,,,,fundamentos,transversal,,,3,3,2,1,24,nucleo,,,,,,,,,,,"OpenRN Medical Terminology 2e, cap. 1, NCBI Bookshelf NBK607453 (CC BY 4.0); Prompt mestre do usuário, corpus-base de terminologia médica, 2026-07-17",alta,candidato_validado_automaticamente,card_proprio,etim-v2-fnd-derivacao,sim,reconhecimento,1,,,etim_uid::etim-v2-fnd-derivacao;terminologia::nivel::nucleo;terminologia::tipo::fundamento,
etim-v2-fnd-cognato,cognato,,,conceito,fundamento,,,,palavra de origem comum,,,,fundamentos,transversal,,,3,3,2,1,24,nucleo,,,,,,,,,,,"OpenRN Medical Terminology 2e, cap. 1, NCBI Bookshelf NBK607453 (CC BY 4.0); Prompt mestre do usuário, corpus-base de terminologia médica, 2026-07-17",alta,candidato_validado_automaticamente,card_proprio,etim-v2-fnd-cognato,sim,reconhecimento,1,,,etim_uid::etim-v2-fnd-cognato;terminologia::nivel::nucleo;terminologia::tipo::fundamento,
etim-v2-fnd-transliteracao,transliteração,,,conceito,fundamento,,,,troca entre alfabetos,,,,fundamentos,transversal,,,3,3,2,1,24,nucleo,,,,,,,,,,,"OpenRN Medical Terminology 2e, cap. 1, NCBI Bookshelf NBK607453 (CC BY 4.0); Prompt mestre do usuário, corpus-base de terminologia médica, 2026-07-17",alta,candidato_validado_automaticamente,card_proprio,etim-v2-fnd-transliteracao,sim,reconhecimento,1,,,etim_uid::etim-v2-fnd-transliteracao;terminologia::nivel::nucleo;terminologia::tipo::fundamento,
etim-v2-fnd-eponimo,epônimo,,,conceito,fundamento,,,,nome próprio lexicalizado,,,,fundamentos,transversal,,,3,3,2,1,24,nucleo,,,,,,,,,,,"OpenRN Medical Terminology 2e, cap. 1, NCBI Bookshelf NBK607453 (CC BY 4.0); Prompt mestre do usuário, corpus-base de terminologia médica, 2026-07-17",alta,candidato_validado_automaticamente,card_proprio,etim-v2-fnd-eponimo,sim,reconhecimento,1,,,etim_uid::etim-v2-fnd-eponimo;terminologia::nivel::nucleo;terminologia::tipo::fundamento,
etim-v2-fnd-acronimo,acrônimo,,,conceito,fundamento,,,,sigla pronunciável,,,,fundamentos,transversal,,,3,3,2,1,24,nucleo,,,,,,,,,,,"OpenRN Medical Terminology 2e, cap. 1, NCBI Bookshelf NBK607453 (CC BY 4.0); Prompt mestre do usuário, corpus-base de terminologia médica, 2026-07-17",alta,candidato_validado_automaticamente,card_proprio,etim-v2-fnd-acronimo,sim,reconhecimento,1,,,etim_uid::etim-v2-fnd-acronimo;terminologia::nivel::nucleo;terminologia::tipo::fundamento,
etim-v2-fnd-polissemia,polissemia,,,conceito,fundamento,,,,múltiplos sentidos,,,,fundamentos,transversal,,,3,3,2,1,24,nucleo,,,,,,,,,,,"OpenRN Medical Terminology 2e, cap. 1, NCBI Bookshelf NBK607453 (CC BY 4.0); Prompt mestre do usuário, corpus-base de terminologia médica, 2026-07-17",alta,candidato_validado_automaticamente,card_proprio,etim-v2-fnd-polissemia,sim,reconhecimento,1,,,etim_uid::etim-v2-fnd-polissemia;terminologia::nivel::nucleo;terminologia::tipo::fundamento,
etim-v2-fnd-glosa-literal,glosa literal,,,conceito,fundamento,,,,sentido dos componentes,,,,fundamentos,transversal,,,3,3,2,1,24,nucleo,,,,,,,,,,,"OpenRN Medical Terminology 2e, cap. 1, NCBI Bookshelf NBK607453 (CC BY 4.0); Prompt mestre do usuário, corpus-base de terminologia médica, 2026-07-17",alta,candidato_validado_automaticamente,card_proprio,etim-v2-fnd-glosa-literal,sim,reconhecimento,1,,,etim_uid::etim-v2-fnd-glosa-literal;terminologia::nivel::nucleo;terminologia::tipo::fundamento,
etim-v2-fnd-definicao-clinica,definição clínica,,,conceito,fundamento,,,,uso médico vigente,,,,fundamentos,transversal,,,3,3,2,1,24,nucleo,,,,,,,,,,,"OpenRN Medical Terminology 2e, cap. 1, NCBI Bookshelf NBK607453 (CC BY 4.0); Prompt mestre do usuário, corpus-base de terminologia médica, 2026-07-17",alta,candidato_validado_automaticamente,card_proprio,etim-v2-fnd-definicao-clinica,sim,reconhecimento,1,,,etim_uid::etim-v2-fnd-definicao-clinica;terminologia::nivel::nucleo;terminologia::tipo::fundamento,
etim-v2-fnd-ponte-ph-f,ponte ph→f,,,conceito,fundamento,,,,ph inglês vira f,,,,fundamentos,transversal,,,3,3,2,1,24,nucleo,,,,,,,,,,,"OpenRN Medical Terminology 2e, cap. 1, NCBI Bookshelf NBK607453 (CC BY 4.0); Prompt mestre do usuário, corpus-base de terminologia médica, 2026-07-17",alta,candidato_validado_automaticamente,card_proprio,etim-v2-fnd-ponte-ph-f,sim,reconhecimento,1,,,etim_uid::etim-v2-fnd-ponte-ph-f;terminologia::nivel::nucleo;terminologia::tipo::fundamento,
etim-v2-fnd-ponte-th-t,ponte th→t,,,conceito,fundamento,,,,th inglês vira t,,,,fundamentos,transversal,,,3,3,2,1,24,nucleo,,,,,,,,,,,"OpenRN Medical Terminology 2e, cap. 1, NCBI Bookshelf NBK607453 (CC BY 4.0); Prompt mestre do usuário, corpus-base de terminologia médica, 2026-07-17",alta,candidato_validado_automaticamente,card_proprio,etim-v2-fnd-ponte-th-t,sim,reconhecimento,1,,,etim_uid::etim-v2-fnd-ponte-th-t;terminologia::nivel::nucleo;terminologia::tipo::fundamento,
etim-v2-fnd-ponte-y-i,ponte y→i,,,conceito,fundamento,,,,y inglês vira i,,,,fundamentos,transversal,,,3,3,2,1,24,nucleo,,,,,,,,,,,"OpenRN Medical Terminology 2e, cap. 1, NCBI Bookshelf NBK607453 (CC BY 4.0); Prompt mestre do usuário, corpus-base de terminologia médica, 2026-07-17",alta,candidato_validado_automaticamente,card_proprio,etim-v2-fnd-ponte-y-i,sim,reconhecimento,1,,,etim_uid::etim-v2-fnd-ponte-y-i;terminologia::nivel::nucleo;terminologia::tipo::fundamento,
etim-v2-fnd-ponte-rh-r,ponte rh→r,,,conceito,fundamento,,,,rh inglês vira r,,,,fundamentos,transversal,,,3,3,2,1,24,nucleo,,,,,,,,,,,"OpenRN Medical Terminology 2e, cap. 1, NCBI Bookshelf NBK607453 (CC BY 4.0); Prompt mestre do usuário, corpus-base de terminologia médica, 2026-07-17",alta,candidato_validado_automaticamente,card_proprio,etim-v2-fnd-ponte-rh-r,sim,reconhecimento,1,,,etim_uid::etim-v2-fnd-ponte-rh-r;terminologia::nivel::nucleo;terminologia::tipo::fundamento,
etim-v2-con-001-hiperplasia-hipertrofia,hiperplasia × hipertrofia,,,família,contraste,,,,número celular × tamanho celular,,,,contraste,transversal,,,3,3,2,2,26,nucleo,,,hiperplasia;hipertrofia,,,,,,,,"OpenRN Medical Terminology 2e, NCBI Bookshelf NBK607454 (CC BY 4.0); Prompt mestre do usuário, corpus-base de terminologia médica, 2026-07-17",alta,candidato_validado_automaticamente,cloze_irmao,etim-v2-con-001-hiperplasia-hipertrofia,sim,comparacao,2,,,etim_uid::etim-v2-con-001-hiperplasia-hipertrofia;terminologia::nivel::nucleo;terminologia::tipo::contraste,
etim-v2-con-002-tomia-ectomia,-tomia × -ectomia,,,família,contraste,,,,incisão × remoção cirúrgica,,,,contraste,transversal,,,3,3,2,2,26,nucleo,,,-tomia;-ectomia,,,,,,,,"OpenRN Medical Terminology 2e, NCBI Bookshelf NBK607454 (CC BY 4.0); Prompt mestre do usuário, corpus-base de terminologia médica, 2026-07-17",alta,candidato_validado_automaticamente,cloze_irmao,etim-v2-con-002-tomia-ectomia,sim,comparacao,2,,,etim_uid::etim-v2-con-002-tomia-ectomia;terminologia::nivel::nucleo;terminologia::tipo::contraste,
etim-v2-con-003-stomia-tomia,-stomia × -tomia,,,família,contraste,,,,abertura cirúrgica × incisão,,,,contraste,transversal,,,3,3,2,2,26,nucleo,,,-stomia;-tomia,,,,,,,,"OpenRN Medical Terminology 2e, NCBI Bookshelf NBK607454 (CC BY 4.0); Prompt mestre do usuário, corpus-base de terminologia médica, 2026-07-17",alta,candidato_validado_automaticamente,cloze_irmao,etim-v2-con-003-stomia-tomia,sim,comparacao,2,,,etim_uid::etim-v2-con-003-stomia-tomia;terminologia::nivel::nucleo;terminologia::tipo::contraste,
etim-v2-con-004-grafia-grama,-grafia × -grama,,,família,contraste,,,,processo de registro × registro produzido,,,,contraste,transversal,,,3,3,2,2,26,nucleo,,,-grafia;-grama,,,,,,,,"OpenRN Medical Terminology 2e, NCBI Bookshelf NBK607454 (CC BY 4.0); Prompt mestre do usuário, corpus-base de terminologia médica, 2026-07-17",alta,candidato_validado_automaticamente,cloze_irmao,etim-v2-con-004-grafia-grama,sim,comparacao,2,,,etim_uid::etim-v2-con-004-grafia-grama;terminologia::nivel::nucleo;terminologia::tipo::contraste,
etim-v2-con-005-metro-metria,-metro × -metria,,,família,contraste,,,,instrumento × medição,,,,contraste,transversal,,,3,3,2,2,26,nucleo,,,-metro;-metria,,,,,,,,"OpenRN Medical Terminology 2e, NCBI Bookshelf NBK607454 (CC BY 4.0); Prompt mestre do usuário, corpus-base de terminologia médica, 2026-07-17",alta,candidato_validado_automaticamente,cloze_irmao,etim-v2-con-005-metro-metria,sim,comparacao,2,,,etim_uid::etim-v2-con-005-metro-metria;terminologia::nivel::nucleo;terminologia::tipo::contraste,
etim-v2-con-006-aferente-eferente,aferente × eferente,,,família,contraste,,,,em direção ao SNC × para fora do SNC,,,,contraste,transversal,,,3,3,2,2,26,nucleo,,,aferente;eferente,,,,,,,,"OpenRN Medical Terminology 2e, NCBI Bookshelf NBK607454 (CC BY 4.0); Prompt mestre do usuário, corpus-base de terminologia médica, 2026-07-17",alta,candidato_validado_automaticamente,cloze_irmao,etim-v2-con-006-aferente-eferente,sim,comparacao,2,,,etim_uid::etim-v2-con-006-aferente-eferente;terminologia::nivel::nucleo;terminologia::tipo::contraste,
etim-v2-con-007-hipoxia-hipoxemia,hipóxia × hipoxemia,,,família,contraste,,,,tecido × sangue,,,,contraste,transversal,,,3,3,2,2,26,nucleo,,,hipóxia;hipoxemia,,,,,,,,"OpenRN Medical Terminology 2e, NCBI Bookshelf NBK607454 (CC BY 4.0); Prompt mestre do usuário, corpus-base de terminologia médica, 2026-07-17",alta,candidato_validado_automaticamente,cloze_irmao,etim-v2-con-007-hipoxia-hipoxemia,sim,comparacao,2,,,etim_uid::etim-v2-con-007-hipoxia-hipoxemia;terminologia::nivel::nucleo;terminologia::tipo::contraste,
etim-v2-con-008-trombo-embolo,trombo × êmbolo,,,família,contraste,,,,local × migrante,,,,contraste,transversal,,,3,3,2,2,26,nucleo,,,trombo;êmbolo,,,,,,,,"OpenRN Medical Terminology 2e, NCBI Bookshelf NBK607454 (CC BY 4.0); Prompt mestre do usuário, corpus-base de terminologia médica, 2026-07-17",alta,candidato_validado_automaticamente,cloze_irmao,etim-v2-con-008-trombo-embolo,sim,comparacao,2,,,etim_uid::etim-v2-con-008-trombo-embolo;terminologia::nivel::nucleo;terminologia::tipo::contraste,
etim-v2-con-009-isquemia-infarto,isquemia × infarto,,,família,contraste,,,,fluxo reduzido × necrose,,,,contraste,transversal,,,3,3,2,2,26,nucleo,,,isquemia;infarto,,,,,,,,"OpenRN Medical Terminology 2e, NCBI Bookshelf NBK607454 (CC BY 4.0); Prompt mestre do usuário, corpus-base de terminologia médica, 2026-07-17",alta,candidato_validado_automaticamente,cloze_irmao,etim-v2-con-009-isquemia-infarto,sim,comparacao,2,,,etim_uid::etim-v2-con-009-isquemia-infarto;terminologia::nivel::nucleo;terminologia::tipo::contraste,
etim-v2-con-010-paresia-plegia,paresia × plegia,,,família,contraste,,,,fraqueza × paralisia,,,,contraste,transversal,,,3,3,2,2,26,nucleo,,,paresia;plegia,,,,,,,,"OpenRN Medical Terminology 2e, NCBI Bookshelf NBK607454 (CC BY 4.0); Prompt mestre do usuário, corpus-base de terminologia médica, 2026-07-17",alta,candidato_validado_automaticamente,cloze_irmao,etim-v2-con-010-paresia-plegia,sim,comparacao,2,,,etim_uid::etim-v2-con-010-paresia-plegia;terminologia::nivel::nucleo;terminologia::tipo::contraste,
etim-v2-con-011-analgesia-anestesia,analgesia × anestesia,,,família,contraste,,,,dor × sensibilidade,,,,contraste,transversal,,,3,3,2,2,26,nucleo,,,analgesia;anestesia,,,,,,,,"OpenRN Medical Terminology 2e, NCBI Bookshelf NBK607454 (CC BY 4.0); Prompt mestre do usuário, corpus-base de terminologia médica, 2026-07-17",alta,candidato_validado_automaticamente,cloze_irmao,etim-v2-con-011-analgesia-anestesia,sim,comparacao,2,,,etim_uid::etim-v2-con-011-analgesia-anestesia;terminologia::nivel::nucleo;terminologia::tipo::contraste,
etim-v2-con-012-disfagia-odinofagia,disfagia × odinofagia,,,família,contraste,,,,deglutição difícil × deglutição dolorosa,,,,contraste,transversal,,,3,3,2,2,26,nucleo,,,disfagia;odinofagia,,,,,,,,"OpenRN Medical Terminology 2e, NCBI Bookshelf NBK607454 (CC BY 4.0); Prompt mestre do usuário, corpus-base de terminologia médica, 2026-07-17",alta,candidato_validado_automaticamente,cloze_irmao,etim-v2-con-012-disfagia-odinofagia,sim,comparacao,2,,,etim_uid::etim-v2-con-012-disfagia-odinofagia;terminologia::nivel::nucleo;terminologia::tipo::contraste,
etim-v2-con-013-hematemese-hemoptise,hematêmese × hemoptise,,,família,contraste,,,,vômito × tosse,,,,contraste,transversal,,,3,3,2,2,26,nucleo,,,hematêmese;hemoptise,,,,,,,,"OpenRN Medical Terminology 2e, NCBI Bookshelf NBK607454 (CC BY 4.0); Prompt mestre do usuário, corpus-base de terminologia médica, 2026-07-17",alta,candidato_validado_automaticamente,cloze_irmao,etim-v2-con-013-hematemese-hemoptise,sim,comparacao,2,,,etim_uid::etim-v2-con-013-hematemese-hemoptise;terminologia::nivel::nucleo;terminologia::tipo::contraste,
etim-v2-con-014-melena-hematoquezia,melena × hematoquezia,,,família,contraste,,,,fezes negras × sangue vivo,,,,contraste,transversal,,,3,3,2,2,26,nucleo,,,melena;hematoquezia,,,,,,,,"OpenRN Medical Terminology 2e, NCBI Bookshelf NBK607454 (CC BY 4.0); Prompt mestre do usuário, corpus-base de terminologia médica, 2026-07-17",alta,candidato_validado_automaticamente,cloze_irmao,etim-v2-con-014-melena-hematoquezia,sim,comparacao,2,,,etim_uid::etim-v2-con-014-melena-hematoquezia;terminologia::nivel::nucleo;terminologia::tipo::contraste,
etim-v2-con-015-oliguria-anuria,oligúria × anúria,,,família,contraste,,,,pouca urina × urina ausente,,,,contraste,transversal,,,3,3,2,2,26,nucleo,,,oligúria;anúria,,,,,,,,"OpenRN Medical Terminology 2e, NCBI Bookshelf NBK607454 (CC BY 4.0); Prompt mestre do usuário, corpus-base de terminologia médica, 2026-07-17",alta,candidato_validado_automaticamente,cloze_irmao,etim-v2-con-015-oliguria-anuria,sim,comparacao,2,,,etim_uid::etim-v2-con-015-oliguria-anuria;terminologia::nivel::nucleo;terminologia::tipo::contraste,
etim-v2-con-016-proteinuria-albuminuria,proteinúria × albuminúria,,,família,contraste,,,,proteína × albumina,,,,contraste,transversal,,,3,3,2,2,26,nucleo,,,proteinúria;albuminúria,,,,,,,,"OpenRN Medical Terminology 2e, NCBI Bookshelf NBK607454 (CC BY 4.0); Prompt mestre do usuário, corpus-base de terminologia médica, 2026-07-17",alta,candidato_validado_automaticamente,cloze_irmao,etim-v2-con-016-proteinuria-albuminuria,sim,comparacao,2,,,etim_uid::etim-v2-con-016-proteinuria-albuminuria;terminologia::nivel::nucleo;terminologia::tipo::contraste,
etim-v2-con-017-nefr-o-ren-o,nefr/o × ren/o,,,família,contraste,,,,grego × latim,,,,contraste,transversal,,,3,3,2,2,26,nucleo,,,nefr/o;ren/o,,,,,,,,"OpenRN Medical Terminology 2e, NCBI Bookshelf NBK607454 (CC BY 4.0); Prompt mestre do usuário, corpus-base de terminologia médica, 2026-07-17",alta,candidato_validado_automaticamente,cloze_irmao,etim-v2-con-017-nefr-o-ren-o,sim,comparacao,2,,,etim_uid::etim-v2-con-017-nefr-o-ren-o;terminologia::nivel::nucleo;terminologia::tipo::contraste,
etim-v2-con-018-odont-o-dent-o,odont/o × dent/o,,,família,contraste,,,,grego × latim,,,,contraste,transversal,,,3,3,2,2,26,nucleo,,,odont/o;dent/o,,,,,,,,"OpenRN Medical Terminology 2e, NCBI Bookshelf NBK607454 (CC BY 4.0); Prompt mestre do usuário, corpus-base de terminologia médica, 2026-07-17",alta,candidato_validado_automaticamente,cloze_irmao,etim-v2-con-018-odont-o-dent-o,sim,comparacao,2,,,etim_uid::etim-v2-con-018-odont-o-dent-o;terminologia::nivel::nucleo;terminologia::tipo::contraste,
etim-v2-con-019-gloss-o-lingu-o,gloss/o × lingu/o,,,família,contraste,,,,grego × latim,,,,contraste,transversal,,,3,3,2,2,26,nucleo,,,gloss/o;lingu/o,,,,,,,,"OpenRN Medical Terminology 2e, NCBI Bookshelf NBK607454 (CC BY 4.0); Prompt mestre do usuário, corpus-base de terminologia médica, 2026-07-17",alta,candidato_validado_automaticamente,cloze_irmao,etim-v2-con-019-gloss-o-lingu-o,sim,comparacao,2,,,etim_uid::etim-v2-con-019-gloss-o-lingu-o;terminologia::nivel::nucleo;terminologia::tipo::contraste,
etim-v2-con-020-derm-o-cutane-o,derm/o × cutane/o,,,família,contraste,,,,grego × latim,,,,contraste,transversal,,,3,3,2,2,26,nucleo,,,derm/o;cutane/o,,,,,,,,"OpenRN Medical Terminology 2e, NCBI Bookshelf NBK607454 (CC BY 4.0); Prompt mestre do usuário, corpus-base de terminologia médica, 2026-07-17",alta,candidato_validado_automaticamente,cloze_irmao,etim-v2-con-020-derm-o-cutane-o,sim,comparacao,2,,,etim_uid::etim-v2-con-020-derm-o-cutane-o;terminologia::nivel::nucleo;terminologia::tipo::contraste,
etim-v2-con-021-ophthalm-o-ocul-o,ophthalm/o × ocul/o,,,família,contraste,,,,grego × latim,,,,contraste,transversal,,,3,3,2,2,26,nucleo,,,ophthalm/o;ocul/o,,,,,,,,"OpenRN Medical Terminology 2e, NCBI Bookshelf NBK607454 (CC BY 4.0); Prompt mestre do usuário, corpus-base de terminologia médica, 2026-07-17",alta,candidato_validado_automaticamente,cloze_irmao,etim-v2-con-021-ophthalm-o-ocul-o,sim,comparacao,2,,,etim_uid::etim-v2-con-021-ophthalm-o-ocul-o;terminologia::nivel::nucleo;terminologia::tipo::contraste,
etim-v2-con-022-phleb-o-ven-o,phleb/o × ven/o,,,família,contraste,,,,grego × latim,,,,contraste,transversal,,,3,3,2,2,26,nucleo,,,phleb/o;ven/o,,,,,,,,"OpenRN Medical Terminology 2e, NCBI Bookshelf NBK607454 (CC BY 4.0); Prompt mestre do usuário, corpus-base de terminologia médica, 2026-07-17",alta,candidato_validado_automaticamente,cloze_irmao,etim-v2-con-022-phleb-o-ven-o,sim,comparacao,2,,,etim_uid::etim-v2-con-022-phleb-o-ven-o;terminologia::nivel::nucleo;terminologia::tipo::contraste,
etim-v2-con-023-hyster-o-uter-o,hyster/o × uter/o,,,família,contraste,,,,grego × latim,,,,contraste,transversal,,,3,3,2,2,26,nucleo,,,hyster/o;uter/o,,,,,,,,"OpenRN Medical Terminology 2e, NCBI Bookshelf NBK607454 (CC BY 4.0); Prompt mestre do usuário, corpus-base de terminologia médica, 2026-07-17",alta,candidato_validado_automaticamente,cloze_irmao,etim-v2-con-023-hyster-o-uter-o,sim,comparacao,2,,,etim_uid::etim-v2-con-023-hyster-o-uter-o;terminologia::nivel::nucleo;terminologia::tipo::contraste,
etim-v2-con-024-oophor-o-ovari-o,oophor/o × ovari/o,,,família,contraste,,,,grego × latim,,,,contraste,transversal,,,3,3,2,2,26,nucleo,,,oophor/o;ovari/o,,,,,,,,"OpenRN Medical Terminology 2e, NCBI Bookshelf NBK607454 (CC BY 4.0); Prompt mestre do usuário, corpus-base de terminologia médica, 2026-07-17",alta,candidato_validado_automaticamente,cloze_irmao,etim-v2-con-024-oophor-o-ovari-o,sim,comparacao,2,,,etim_uid::etim-v2-con-024-oophor-o-ovari-o;terminologia::nivel::nucleo;terminologia::tipo::contraste,
etim-v2-con-025-orch-o-testicul-o,orch/o × testicul/o,,,família,contraste,,,,grego × latim,,,,contraste,transversal,,,3,3,2,2,26,nucleo,,,orch/o;testicul/o,,,,,,,,"OpenRN Medical Terminology 2e, NCBI Bookshelf NBK607454 (CC BY 4.0); Prompt mestre do usuário, corpus-base de terminologia médica, 2026-07-17",alta,candidato_validado_automaticamente,cloze_irmao,etim-v2-con-025-orch-o-testicul-o,sim,comparacao,2,,,etim_uid::etim-v2-con-025-orch-o-testicul-o;terminologia::nivel::nucleo;terminologia::tipo::contraste,
etim-v2-con-026-mast-o-mamm-o,mast/o × mamm/o,,,família,contraste,,,,grego × latim,,,,contraste,transversal,,,3,3,2,2,26,nucleo,,,mast/o;mamm/o,,,,,,,,"OpenRN Medical Terminology 2e, NCBI Bookshelf NBK607454 (CC BY 4.0); Prompt mestre do usuário, corpus-base de terminologia médica, 2026-07-17",alta,candidato_validado_automaticamente,cloze_irmao,etim-v2-con-026-mast-o-mamm-o,sim,comparacao,2,,,etim_uid::etim-v2-con-026-mast-o-mamm-o;terminologia::nivel::nucleo;terminologia::tipo::contraste,
etim-v2-con-027-absorcao-adsorcao,absorção × adsorção,,,família,contraste,,,,entrada × superfície,,,,contraste,transversal,,,3,3,2,2,26,nucleo,,,absorção;adsorção,,,,,,,,"OpenRN Medical Terminology 2e, NCBI Bookshelf NBK607454 (CC BY 4.0); Prompt mestre do usuário, corpus-base de terminologia médica, 2026-07-17",alta,candidato_validado_automaticamente,cloze_irmao,etim-v2-con-027-absorcao-adsorcao,sim,comparacao,2,,,etim_uid::etim-v2-con-027-absorcao-adsorcao;terminologia::nivel::nucleo;terminologia::tipo::contraste,
etim-v2-con-028-secrecao-excrecao,secreção × excreção,,,família,contraste,,,,liberação × eliminação,,,,contraste,transversal,,,3,3,2,2,26,nucleo,,,secreção;excreção,,,,,,,,"OpenRN Medical Terminology 2e, NCBI Bookshelf NBK607454 (CC BY 4.0); Prompt mestre do usuário, corpus-base de terminologia médica, 2026-07-17",alta,candidato_validado_automaticamente,cloze_irmao,etim-v2-con-028-secrecao-excrecao,sim,comparacao,2,,,etim_uid::etim-v2-con-028-secrecao-excrecao;terminologia::nivel::nucleo;terminologia::tipo::contraste,
etim-v2-con-029-endocitose-exocitose,endocitose × exocitose,,,família,contraste,,,,entrada vesicular × saída vesicular,,,,contraste,transversal,,,3,3,2,2,26,nucleo,,,endocitose;exocitose,,,,,,,,"OpenRN Medical Terminology 2e, NCBI Bookshelf NBK607454 (CC BY 4.0); Prompt mestre do usuário, corpus-base de terminologia médica, 2026-07-17",alta,candidato_validado_automaticamente,cloze_irmao,etim-v2-con-029-endocitose-exocitose,sim,comparacao,2,,,etim_uid::etim-v2-con-029-endocitose-exocitose;terminologia::nivel::nucleo;terminologia::tipo::contraste,
etim-v2-con-030-apoptose-necrose,apoptose × necrose,,,família,contraste,,,,programada × lesiva,,,,contraste,transversal,,,3,3,2,2,26,nucleo,,,apoptose;necrose,,,,,,,,"OpenRN Medical Terminology 2e, NCBI Bookshelf NBK607454 (CC BY 4.0); Prompt mestre do usuário, corpus-base de terminologia médica, 2026-07-17",alta,candidato_validado_automaticamente,cloze_irmao,etim-v2-con-030-apoptose-necrose,sim,comparacao,2,,,etim_uid::etim-v2-con-030-apoptose-necrose;terminologia::nivel::nucleo;terminologia::tipo::contraste,
etim-v2-con-031-potencia-eficacia,potência × eficácia,,,família,contraste,,,,dose × efeito máximo,,,,contraste,transversal,,,3,3,2,2,26,nucleo,,,potência;eficácia,,,,,,,,"OpenRN Medical Terminology 2e, NCBI Bookshelf NBK607454 (CC BY 4.0); Prompt mestre do usuário, corpus-base de terminologia médica, 2026-07-17",alta,candidato_validado_automaticamente,cloze_irmao,etim-v2-con-031-potencia-eficacia,sim,comparacao,2,,,etim_uid::etim-v2-con-031-potencia-eficacia;terminologia::nivel::nucleo;terminologia::tipo::contraste,
etim-v2-con-032-farmacocinetica-farmacodinamica,farmacocinética × farmacodinâmica,,,família,contraste,,,,corpo no fármaco × fármaco no corpo,,,,contraste,transversal,,,3,3,2,2,26,nucleo,,,farmacocinética;farmacodinâmica,,,,,,,,"OpenRN Medical Terminology 2e, NCBI Bookshelf NBK607454 (CC BY 4.0); Prompt mestre do usuário, corpus-base de terminologia médica, 2026-07-17",alta,candidato_validado_automaticamente,cloze_irmao,etim-v2-con-032-farmacocinetica-farmacodinamica,sim,comparacao,2,,,etim_uid::etim-v2-con-032-farmacocinetica-farmacodinamica;terminologia::nivel::nucleo;terminologia::tipo::contraste,
etim-v2-con-033-mosaico-quimera,mosaico × quimera,,,família,contraste,,,,um zigoto × zigotos distintos,,,,contraste,transversal,,,3,3,2,2,26,nucleo,,,mosaico;quimera,,,,,,,,"OpenRN Medical Terminology 2e, NCBI Bookshelf NBK607454 (CC BY 4.0); Prompt mestre do usuário, corpus-base de terminologia médica, 2026-07-17",alta,candidato_validado_automaticamente,cloze_irmao,etim-v2-con-033-mosaico-quimera,sim,comparacao,2,,,etim_uid::etim-v2-con-033-mosaico-quimera;terminologia::nivel::nucleo;terminologia::tipo::contraste,
etim-v2-con-034-penetrancia-expressividade,penetrância × expressividade,,,família,contraste,,,,presença fenotípica × intensidade fenotípica,,,,contraste,transversal,,,3,3,2,2,26,nucleo,,,penetrância;expressividade,,,,,,,,"OpenRN Medical Terminology 2e, NCBI Bookshelf NBK607454 (CC BY 4.0); Prompt mestre do usuário, corpus-base de terminologia médica, 2026-07-17",alta,candidato_validado_automaticamente,cloze_irmao,etim-v2-con-034-penetrancia-expressividade,sim,comparacao,2,,,etim_uid::etim-v2-con-034-penetrancia-expressividade;terminologia::nivel::nucleo;terminologia::tipo::contraste,
etim-v2-con-035-sinal-sintoma,sinal × sintoma,,,família,contraste,,,,observável × relatado,,,,contraste,transversal,,,3,3,2,2,26,nucleo,,,sinal;sintoma,,,,,,,,"OpenRN Medical Terminology 2e, NCBI Bookshelf NBK607454 (CC BY 4.0); Prompt mestre do usuário, corpus-base de terminologia médica, 2026-07-17",alta,candidato_validado_automaticamente,cloze_irmao,etim-v2-con-035-sinal-sintoma,sim,comparacao,2,,,etim_uid::etim-v2-con-035-sinal-sintoma;terminologia::nivel::nucleo;terminologia::tipo::contraste,
etim-v2-con-036-ortopneia-platipneia,ortopneia × platipneia,,,família,contraste,,,,deitado × em pé,,,,contraste,transversal,,,3,3,2,2,26,nucleo,,,ortopneia;platipneia,,,,,,,,"OpenRN Medical Terminology 2e, NCBI Bookshelf NBK607454 (CC BY 4.0); Prompt mestre do usuário, corpus-base de terminologia médica, 2026-07-17",alta,candidato_validado_automaticamente,cloze_irmao,etim-v2-con-036-ortopneia-platipneia,sim,comparacao,2,,,etim_uid::etim-v2-con-036-ortopneia-platipneia;terminologia::nivel::nucleo;terminologia::tipo::contraste,
etim-v2-con-037-parestesia-disestesia,parestesia × disestesia,,,família,contraste,,,,sensação anormal × sensação desagradável,,,,contraste,transversal,,,3,3,2,2,26,nucleo,,,parestesia;disestesia,,,,,,,,"OpenRN Medical Terminology 2e, NCBI Bookshelf NBK607454 (CC BY 4.0); Prompt mestre do usuário, corpus-base de terminologia médica, 2026-07-17",alta,candidato_validado_automaticamente,cloze_irmao,etim-v2-con-037-parestesia-disestesia,sim,comparacao,2,,,etim_uid::etim-v2-con-037-parestesia-disestesia;terminologia::nivel::nucleo;terminologia::tipo::contraste,
etim-v2-con-038-infeccao-colonizacao,infecção × colonização,,,família,contraste,,,,invasão × presença,,,,contraste,transversal,,,3,3,2,2,26,nucleo,,,infecção;colonização,,,,,,,,"OpenRN Medical Terminology 2e, NCBI Bookshelf NBK607454 (CC BY 4.0); Prompt mestre do usuário, corpus-base de terminologia médica, 2026-07-17",alta,candidato_validado_automaticamente,cloze_irmao,etim-v2-con-038-infeccao-colonizacao,sim,comparacao,2,,,etim_uid::etim-v2-con-038-infeccao-colonizacao;terminologia::nivel::nucleo;terminologia::tipo::contraste,
etim-v2-con-039-bacteremia-sepse,bacteremia × sepse,,,família,contraste,,,,bactérias no sangue × disfunção orgânica,,,,contraste,transversal,,,3,3,2,2,26,nucleo,,,bacteremia;sepse,,,,,,,,"OpenRN Medical Terminology 2e, NCBI Bookshelf NBK607454 (CC BY 4.0); Prompt mestre do usuário, corpus-base de terminologia médica, 2026-07-17",alta,candidato_validado_automaticamente,cloze_irmao,etim-v2-con-039-bacteremia-sepse,sim,comparacao,2,,,etim_uid::etim-v2-con-039-bacteremia-sepse;terminologia::nivel::nucleo;terminologia::tipo::contraste,
etim-v2-con-040-estenose-atresia,estenose × atresia,,,família,contraste,,,,estreitamento × oclusão congênita,,,,contraste,transversal,,,3,3,2,2,26,nucleo,,,estenose;atresia,,,,,,,,"OpenRN Medical Terminology 2e, NCBI Bookshelf NBK607454 (CC BY 4.0); Prompt mestre do usuário, corpus-base de terminologia médica, 2026-07-17",alta,candidato_validado_automaticamente,cloze_irmao,etim-v2-con-040-estenose-atresia,sim,comparacao,2,,,etim_uid::etim-v2-con-040-estenose-atresia;terminologia::nivel::nucleo;terminologia::tipo::contraste,
etim-v2-tra-001-pancitopenia,pancitopenia,,,termo,transferencia,,,,redução das linhagens sanguíneas,,redução das linhagens sanguíneas,,inferencia,transversal,,,2,2,2,1,18,extensao,,pancitopenia,,,,,,,,A decomposição sugere; contexto clínico confirma.,"OpenRN Medical Terminology 2e, NCBI Bookshelf NBK607454 (CC BY 4.0); Prompt mestre do usuário, corpus-base de terminologia médica, 2026-07-17",alta,candidato_validado_automaticamente,card_proprio,etim-v2-tra-001-pancitopenia,sim,inferencia,1,,,etim_uid::etim-v2-tra-001-pancitopenia;terminologia::nivel::extensao;terminologia::tipo::inferencia,
etim-v2-tra-002-oligodipsia,oligodipsia,,,termo,transferencia,,,,redução da sede,,redução da sede,,inferencia,transversal,,,2,2,2,1,18,extensao,,oligodipsia,,,,,,,,A decomposição sugere; contexto clínico confirma.,"OpenRN Medical Terminology 2e, NCBI Bookshelf NBK607454 (CC BY 4.0); Prompt mestre do usuário, corpus-base de terminologia médica, 2026-07-17",alta,candidato_validado_automaticamente,card_proprio,etim-v2-tra-002-oligodipsia,sim,inferencia,1,,,etim_uid::etim-v2-tra-002-oligodipsia;terminologia::nivel::extensao;terminologia::tipo::inferencia,
etim-v2-tra-003-bradipneia,bradipneia,,,termo,transferencia,,,,respiração lenta,,respiração lenta,,inferencia,transversal,,,2,2,2,1,18,extensao,,bradipneia,,,,,,,,A decomposição sugere; contexto clínico confirma.,"OpenRN Medical Terminology 2e, NCBI Bookshelf NBK607454 (CC BY 4.0); Prompt mestre do usuário, corpus-base de terminologia médica, 2026-07-17",alta,candidato_validado_automaticamente,card_proprio,etim-v2-tra-003-bradipneia,sim,inferencia,1,,,etim_uid::etim-v2-tra-003-bradipneia;terminologia::nivel::extensao;terminologia::tipo::inferencia,
etim-v2-tra-004-taquipneia,taquipneia,,,termo,transferencia,,,,respiração rápida,,respiração rápida,,inferencia,transversal,,,2,2,2,1,18,extensao,,taquipneia,,,,,,,,A decomposição sugere; contexto clínico confirma.,"OpenRN Medical Terminology 2e, NCBI Bookshelf NBK607454 (CC BY 4.0); Prompt mestre do usuário, corpus-base de terminologia médica, 2026-07-17",alta,candidato_validado_automaticamente,card_proprio,etim-v2-tra-004-taquipneia,sim,inferencia,1,,,etim_uid::etim-v2-tra-004-taquipneia;terminologia::nivel::extensao;terminologia::tipo::inferencia,
etim-v2-tra-005-polidipsia,polidipsia,,,termo,transferencia,,,,sede aumentada,,sede aumentada,,inferencia,transversal,,,2,2,2,1,18,extensao,,polidipsia,,,,,,,,A decomposição sugere; contexto clínico confirma.,"OpenRN Medical Terminology 2e, NCBI Bookshelf NBK607454 (CC BY 4.0); Prompt mestre do usuário, corpus-base de terminologia médica, 2026-07-17",alta,candidato_validado_automaticamente,card_proprio,etim-v2-tra-005-polidipsia,sim,inferencia,1,,,etim_uid::etim-v2-tra-005-polidipsia;terminologia::nivel::extensao;terminologia::tipo::inferencia,
etim-v2-tra-006-polifagia,polifagia,,,termo,transferencia,,,,ingestão aumentada,,ingestão aumentada,,inferencia,transversal,,,2,2,2,1,18,extensao,,polifagia,,,,,,,,A decomposição sugere; contexto clínico confirma.,"OpenRN Medical Terminology 2e, NCBI Bookshelf NBK607454 (CC BY 4.0); Prompt mestre do usuário, corpus-base de terminologia médica, 2026-07-17",alta,candidato_validado_automaticamente,card_proprio,etim-v2-tra-006-polifagia,sim,inferencia,1,,,etim_uid::etim-v2-tra-006-polifagia;terminologia::nivel::extensao;terminologia::tipo::inferencia,
etim-v2-tra-007-oligomenorreia,oligomenorreia,,,termo,transferencia,,,,menstruação pouco frequente,,menstruação pouco frequente,,inferencia,transversal,,,2,2,2,1,18,extensao,,oligomenorreia,,,,,,,,A decomposição sugere; contexto clínico confirma.,"OpenRN Medical Terminology 2e, NCBI Bookshelf NBK607454 (CC BY 4.0); Prompt mestre do usuário, corpus-base de terminologia médica, 2026-07-17",alta,candidato_validado_automaticamente,card_proprio,etim-v2-tra-007-oligomenorreia,sim,inferencia,1,,,etim_uid::etim-v2-tra-007-oligomenorreia;terminologia::nivel::extensao;terminologia::tipo::inferencia,
etim-v2-tra-008-amenorreia,amenorreia,,,termo,transferencia,,,,ausência de menstruação,,ausência de menstruação,,inferencia,transversal,,,2,2,2,1,18,extensao,,amenorreia,,,,,,,,A decomposição sugere; contexto clínico confirma.,"OpenRN Medical Terminology 2e, NCBI Bookshelf NBK607454 (CC BY 4.0); Prompt mestre do usuário, corpus-base de terminologia médica, 2026-07-17",alta,candidato_validado_automaticamente,card_proprio,etim-v2-tra-008-amenorreia,sim,inferencia,1,,,etim_uid::etim-v2-tra-008-amenorreia;terminologia::nivel::extensao;terminologia::tipo::inferencia,
etim-v2-tra-009-leucopenia,leucopenia,,,termo,transferencia,,,,redução de leucócitos,,redução de leucócitos,,inferencia,transversal,,,2,2,2,1,18,extensao,,leucopenia,,,,,,,,A decomposição sugere; contexto clínico confirma.,"OpenRN Medical Terminology 2e, NCBI Bookshelf NBK607454 (CC BY 4.0); Prompt mestre do usuário, corpus-base de terminologia médica, 2026-07-17",alta,candidato_validado_automaticamente,card_proprio,etim-v2-tra-009-leucopenia,sim,inferencia,1,,,etim_uid::etim-v2-tra-009-leucopenia;terminologia::nivel::extensao;terminologia::tipo::inferencia,
etim-v2-tra-010-leucocitose,leucocitose,,,termo,transferencia,,,,aumento de leucócitos,,aumento de leucócitos,,inferencia,transversal,,,2,2,2,1,18,extensao,,leucocitose,,,,,,,,A decomposição sugere; contexto clínico confirma.,"OpenRN Medical Terminology 2e, NCBI Bookshelf NBK607454 (CC BY 4.0); Prompt mestre do usuário, corpus-base de terminologia médica, 2026-07-17",alta,candidato_validado_automaticamente,card_proprio,etim-v2-tra-010-leucocitose,sim,inferencia,1,,,etim_uid::etim-v2-tra-010-leucocitose;terminologia::nivel::extensao;terminologia::tipo::inferencia,
etim-v2-tra-011-neutropenia,neutropenia,,,termo,transferencia,,,,redução de neutrófilos,,redução de neutrófilos,,inferencia,transversal,,,2,2,2,1,18,extensao,,neutropenia,,,,,,,,A decomposição sugere; contexto clínico confirma.,"OpenRN Medical Terminology 2e, NCBI Bookshelf NBK607454 (CC BY 4.0); Prompt mestre do usuário, corpus-base de terminologia médica, 2026-07-17",alta,candidato_validado_automaticamente,card_proprio,etim-v2-tra-011-neutropenia,sim,inferencia,1,,,etim_uid::etim-v2-tra-011-neutropenia;terminologia::nivel::extensao;terminologia::tipo::inferencia,
etim-v2-tra-012-trombocitopenia,trombocitopenia,,,termo,transferencia,,,,redução de plaquetas,,redução de plaquetas,,inferencia,transversal,,,2,2,2,1,18,extensao,,trombocitopenia,,,,,,,,A decomposição sugere; contexto clínico confirma.,"OpenRN Medical Terminology 2e, NCBI Bookshelf NBK607454 (CC BY 4.0); Prompt mestre do usuário, corpus-base de terminologia médica, 2026-07-17",alta,candidato_validado_automaticamente,card_proprio,etim-v2-tra-012-trombocitopenia,sim,inferencia,1,,,etim_uid::etim-v2-tra-012-trombocitopenia;terminologia::nivel::extensao;terminologia::tipo::inferencia,
etim-v2-tra-013-eritrocitose,eritrocitose,,,termo,transferencia,,,,aumento de eritrócitos,,aumento de eritrócitos,,inferencia,transversal,,,2,2,2,1,18,extensao,,eritrocitose,,,,,,,,A decomposição sugere; contexto clínico confirma.,"OpenRN Medical Terminology 2e, NCBI Bookshelf NBK607454 (CC BY 4.0); Prompt mestre do usuário, corpus-base de terminologia médica, 2026-07-17",alta,candidato_validado_automaticamente,card_proprio,etim-v2-tra-013-eritrocitose,sim,inferencia,1,,,etim_uid::etim-v2-tra-013-eritrocitose;terminologia::nivel::extensao;terminologia::tipo::inferencia,
etim-v2-tra-014-hipercapnia,hipercapnia,,,termo,transferencia,,,,CO2 sanguíneo aumentado,,CO2 sanguíneo aumentado,,inferencia,transversal,,,2,2,2,1,18,extensao,,hipercapnia,,,,,,,,A decomposição sugere; contexto clínico confirma.,"OpenRN Medical Terminology 2e, NCBI Bookshelf NBK607454 (CC BY 4.0); Prompt mestre do usuário, corpus-base de terminologia médica, 2026-07-17",alta,candidato_validado_automaticamente,card_proprio,etim-v2-tra-014-hipercapnia,sim,inferencia,1,,,etim_uid::etim-v2-tra-014-hipercapnia;terminologia::nivel::extensao;terminologia::tipo::inferencia,
etim-v2-tra-015-hipocapnia,hipocapnia,,,termo,transferencia,,,,CO2 sanguíneo reduzido,,CO2 sanguíneo reduzido,,inferencia,transversal,,,2,2,2,1,18,extensao,,hipocapnia,,,,,,,,A decomposição sugere; contexto clínico confirma.,"OpenRN Medical Terminology 2e, NCBI Bookshelf NBK607454 (CC BY 4.0); Prompt mestre do usuário, corpus-base de terminologia médica, 2026-07-17",alta,candidato_validado_automaticamente,card_proprio,etim-v2-tra-015-hipocapnia,sim,inferencia,1,,,etim_uid::etim-v2-tra-015-hipocapnia;terminologia::nivel::extensao;terminologia::tipo::inferencia,
etim-v2-tra-016-pneumotorax,pneumotórax,,,termo,transferencia,,,,ar no tórax,,ar no tórax,,inferencia,transversal,,,2,2,2,1,18,extensao,,pneumotórax,,,,,,,,A decomposição sugere; contexto clínico confirma.,"OpenRN Medical Terminology 2e, NCBI Bookshelf NBK607454 (CC BY 4.0); Prompt mestre do usuário, corpus-base de terminologia médica, 2026-07-17",alta,candidato_validado_automaticamente,card_proprio,etim-v2-tra-016-pneumotorax,sim,inferencia,1,,,etim_uid::etim-v2-tra-016-pneumotorax;terminologia::nivel::extensao;terminologia::tipo::inferencia,
etim-v2-tra-017-hemotorax,hemotórax,,,termo,transferencia,,,,sangue no tórax,,sangue no tórax,,inferencia,transversal,,,2,2,2,1,18,extensao,,hemotórax,,,,,,,,A decomposição sugere; contexto clínico confirma.,"OpenRN Medical Terminology 2e, NCBI Bookshelf NBK607454 (CC BY 4.0); Prompt mestre do usuário, corpus-base de terminologia médica, 2026-07-17",alta,candidato_validado_automaticamente,card_proprio,etim-v2-tra-017-hemotorax,sim,inferencia,1,,,etim_uid::etim-v2-tra-017-hemotorax;terminologia::nivel::extensao;terminologia::tipo::inferencia,
etim-v2-tra-018-quilotorax,quilotórax,,,termo,transferencia,,,,quilo no tórax,,quilo no tórax,,inferencia,transversal,,,2,2,2,1,18,extensao,,quilotórax,,,,,,,,A decomposição sugere; contexto clínico confirma.,"OpenRN Medical Terminology 2e, NCBI Bookshelf NBK607454 (CC BY 4.0); Prompt mestre do usuário, corpus-base de terminologia médica, 2026-07-17",alta,candidato_validado_automaticamente,card_proprio,etim-v2-tra-018-quilotorax,sim,inferencia,1,,,etim_uid::etim-v2-tra-018-quilotorax;terminologia::nivel::extensao;terminologia::tipo::inferencia,
etim-v2-tra-019-nefrolitiase,nefrolitíase,,,termo,transferencia,,,,cálculos renais,,cálculos renais,,inferencia,transversal,,,2,2,2,1,18,extensao,,nefrolitíase,,,,,,,,A decomposição sugere; contexto clínico confirma.,"OpenRN Medical Terminology 2e, NCBI Bookshelf NBK607454 (CC BY 4.0); Prompt mestre do usuário, corpus-base de terminologia médica, 2026-07-17",alta,candidato_validado_automaticamente,card_proprio,etim-v2-tra-019-nefrolitiase,sim,inferencia,1,,,etim_uid::etim-v2-tra-019-nefrolitiase;terminologia::nivel::extensao;terminologia::tipo::inferencia,
etim-v2-tra-020-ureterolitiase,ureterolitíase,,,termo,transferencia,,,,cálculos no ureter,,cálculos no ureter,,inferencia,transversal,,,2,2,2,1,18,extensao,,ureterolitíase,,,,,,,,A decomposição sugere; contexto clínico confirma.,"OpenRN Medical Terminology 2e, NCBI Bookshelf NBK607454 (CC BY 4.0); Prompt mestre do usuário, corpus-base de terminologia médica, 2026-07-17",alta,candidato_validado_automaticamente,card_proprio,etim-v2-tra-020-ureterolitiase,sim,inferencia,1,,,etim_uid::etim-v2-tra-020-ureterolitiase;terminologia::nivel::extensao;terminologia::tipo::inferencia,
etim-v2-tra-021-pielonefrite,pielonefrite,,,termo,transferencia,,,,inflamação da pelve e rim,,inflamação da pelve e rim,,inferencia,transversal,,,2,2,2,1,18,extensao,,pielonefrite,,,,,,,,A decomposição sugere; contexto clínico confirma.,"OpenRN Medical Terminology 2e, NCBI Bookshelf NBK607454 (CC BY 4.0); Prompt mestre do usuário, corpus-base de terminologia médica, 2026-07-17",alta,candidato_validado_automaticamente,card_proprio,etim-v2-tra-021-pielonefrite,sim,inferencia,1,,,etim_uid::etim-v2-tra-021-pielonefrite;terminologia::nivel::extensao;terminologia::tipo::inferencia,
etim-v2-tra-022-glomerulonefrite,glomerulonefrite,,,termo,transferencia,,,,inflamação glomerular renal,,inflamação glomerular renal,,inferencia,transversal,,,2,2,2,1,18,extensao,,glomerulonefrite,,,,,,,,A decomposição sugere; contexto clínico confirma.,"OpenRN Medical Terminology 2e, NCBI Bookshelf NBK607454 (CC BY 4.0); Prompt mestre do usuário, corpus-base de terminologia médica, 2026-07-17",alta,candidato_validado_automaticamente,card_proprio,etim-v2-tra-022-glomerulonefrite,sim,inferencia,1,,,etim_uid::etim-v2-tra-022-glomerulonefrite;terminologia::nivel::extensao;terminologia::tipo::inferencia,
etim-v2-tra-023-hidroureter,hidrouréter,,,termo,transferencia,,,,dilatação ureteral por líquido,,dilatação ureteral por líquido,,inferencia,transversal,,,2,2,2,1,18,extensao,,hidrouréter,,,,,,,,A decomposição sugere; contexto clínico confirma.,"OpenRN Medical Terminology 2e, NCBI Bookshelf NBK607454 (CC BY 4.0); Prompt mestre do usuário, corpus-base de terminologia médica, 2026-07-17",alta,candidato_validado_automaticamente,card_proprio,etim-v2-tra-023-hidroureter,sim,inferencia,1,,,etim_uid::etim-v2-tra-023-hidroureter;terminologia::nivel::extensao;terminologia::tipo::inferencia,
etim-v2-tra-024-hidronefrose,hidronefrose,,,termo,transferencia,,,,dilatação do sistema renal,,dilatação do sistema renal,,inferencia,transversal,,,2,2,2,1,18,extensao,,hidronefrose,,,,,,,,A decomposição sugere; contexto clínico confirma.,"OpenRN Medical Terminology 2e, NCBI Bookshelf NBK607454 (CC BY 4.0); Prompt mestre do usuário, corpus-base de terminologia médica, 2026-07-17",alta,candidato_validado_automaticamente,card_proprio,etim-v2-tra-024-hidronefrose,sim,inferencia,1,,,etim_uid::etim-v2-tra-024-hidronefrose;terminologia::nivel::extensao;terminologia::tipo::inferencia,
etim-v2-tra-025-gastrectomia,gastrectomia,,,termo,transferencia,,,,remoção do estômago,,remoção do estômago,,inferencia,transversal,,,2,2,2,1,18,extensao,,gastrectomia,,,,,,,,A decomposição sugere; contexto clínico confirma.,"OpenRN Medical Terminology 2e, NCBI Bookshelf NBK607454 (CC BY 4.0); Prompt mestre do usuário, corpus-base de terminologia médica, 2026-07-17",alta,candidato_validado_automaticamente,card_proprio,etim-v2-tra-025-gastrectomia,sim,inferencia,1,,,etim_uid::etim-v2-tra-025-gastrectomia;terminologia::nivel::extensao;terminologia::tipo::inferencia,
etim-v2-tra-026-gastrostomia,gastrostomia,,,termo,transferencia,,,,abertura no estômago,,abertura no estômago,,inferencia,transversal,,,2,2,2,1,18,extensao,,gastrostomia,,,,,,,,A decomposição sugere; contexto clínico confirma.,"OpenRN Medical Terminology 2e, NCBI Bookshelf NBK607454 (CC BY 4.0); Prompt mestre do usuário, corpus-base de terminologia médica, 2026-07-17",alta,candidato_validado_automaticamente,card_proprio,etim-v2-tra-026-gastrostomia,sim,inferencia,1,,,etim_uid::etim-v2-tra-026-gastrostomia;terminologia::nivel::extensao;terminologia::tipo::inferencia,
etim-v2-tra-027-gastrotomia,gastrotomia,,,termo,transferencia,,,,incisão no estômago,,incisão no estômago,,inferencia,transversal,,,2,2,2,1,18,extensao,,gastrotomia,,,,,,,,A decomposição sugere; contexto clínico confirma.,"OpenRN Medical Terminology 2e, NCBI Bookshelf NBK607454 (CC BY 4.0); Prompt mestre do usuário, corpus-base de terminologia médica, 2026-07-17",alta,candidato_validado_automaticamente,card_proprio,etim-v2-tra-027-gastrotomia,sim,inferencia,1,,,etim_uid::etim-v2-tra-027-gastrotomia;terminologia::nivel::extensao;terminologia::tipo::inferencia,
etim-v2-tra-028-colecistectomia,colecistectomia,,,termo,transferencia,,,,remoção da vesícula biliar,,remoção da vesícula biliar,,inferencia,transversal,,,2,2,2,1,18,extensao,,colecistectomia,,,,,,,,A decomposição sugere; contexto clínico confirma.,"OpenRN Medical Terminology 2e, NCBI Bookshelf NBK607454 (CC BY 4.0); Prompt mestre do usuário, corpus-base de terminologia médica, 2026-07-17",alta,candidato_validado_automaticamente,card_proprio,etim-v2-tra-028-colecistectomia,sim,inferencia,1,,,etim_uid::etim-v2-tra-028-colecistectomia;terminologia::nivel::extensao;terminologia::tipo::inferencia,
etim-v2-tra-029-colangite,colangite,,,termo,transferencia,,,,inflamação dos ductos biliares,,inflamação dos ductos biliares,,inferencia,transversal,,,2,2,2,1,18,extensao,,colangite,,,,,,,,A decomposição sugere; contexto clínico confirma.,"OpenRN Medical Terminology 2e, NCBI Bookshelf NBK607454 (CC BY 4.0); Prompt mestre do usuário, corpus-base de terminologia médica, 2026-07-17",alta,candidato_validado_automaticamente,card_proprio,etim-v2-tra-029-colangite,sim,inferencia,1,,,etim_uid::etim-v2-tra-029-colangite;terminologia::nivel::extensao;terminologia::tipo::inferencia,
etim-v2-tra-030-colecistite,colecistite,,,termo,transferencia,,,,inflamação da vesícula biliar,,inflamação da vesícula biliar,,inferencia,transversal,,,2,2,2,1,18,extensao,,colecistite,,,,,,,,A decomposição sugere; contexto clínico confirma.,"OpenRN Medical Terminology 2e, NCBI Bookshelf NBK607454 (CC BY 4.0); Prompt mestre do usuário, corpus-base de terminologia médica, 2026-07-17",alta,candidato_validado_automaticamente,card_proprio,etim-v2-tra-030-colecistite,sim,inferencia,1,,,etim_uid::etim-v2-tra-030-colecistite;terminologia::nivel::extensao;terminologia::tipo::inferencia,
etim-v2-tra-031-esplenomegalia,esplenomegalia,,,termo,transferencia,,,,aumento do baço,,aumento do baço,,inferencia,transversal,,,2,2,2,1,18,extensao,,esplenomegalia,,,,,,,,A decomposição sugere; contexto clínico confirma.,"OpenRN Medical Terminology 2e, NCBI Bookshelf NBK607454 (CC BY 4.0); Prompt mestre do usuário, corpus-base de terminologia médica, 2026-07-17",alta,candidato_validado_automaticamente,card_proprio,etim-v2-tra-031-esplenomegalia,sim,inferencia,1,,,etim_uid::etim-v2-tra-031-esplenomegalia;terminologia::nivel::extensao;terminologia::tipo::inferencia,
etim-v2-tra-032-hepatomegalia,hepatomegalia,,,termo,transferencia,,,,aumento do fígado,,aumento do fígado,,inferencia,transversal,,,2,2,2,1,18,extensao,,hepatomegalia,,,,,,,,A decomposição sugere; contexto clínico confirma.,"OpenRN Medical Terminology 2e, NCBI Bookshelf NBK607454 (CC BY 4.0); Prompt mestre do usuário, corpus-base de terminologia médica, 2026-07-17",alta,candidato_validado_automaticamente,card_proprio,etim-v2-tra-032-hepatomegalia,sim,inferencia,1,,,etim_uid::etim-v2-tra-032-hepatomegalia;terminologia::nivel::extensao;terminologia::tipo::inferencia,
etim-v2-tra-033-cardiomegalia,cardiomegalia,,,termo,transferencia,,,,aumento do coração,,aumento do coração,,inferencia,transversal,,,2,2,2,1,18,extensao,,cardiomegalia,,,,,,,,A decomposição sugere; contexto clínico confirma.,"OpenRN Medical Terminology 2e, NCBI Bookshelf NBK607454 (CC BY 4.0); Prompt mestre do usuário, corpus-base de terminologia médica, 2026-07-17",alta,candidato_validado_automaticamente,card_proprio,etim-v2-tra-033-cardiomegalia,sim,inferencia,1,,,etim_uid::etim-v2-tra-033-cardiomegalia;terminologia::nivel::extensao;terminologia::tipo::inferencia,
etim-v2-tra-034-angiogenese,angiogênese,,,termo,transferencia,,,,formação de vasos,,formação de vasos,,inferencia,transversal,,,2,2,2,1,18,extensao,,angiogênese,,,,,,,,A decomposição sugere; contexto clínico confirma.,"OpenRN Medical Terminology 2e, NCBI Bookshelf NBK607454 (CC BY 4.0); Prompt mestre do usuário, corpus-base de terminologia médica, 2026-07-17",alta,candidato_validado_automaticamente,card_proprio,etim-v2-tra-034-angiogenese,sim,inferencia,1,,,etim_uid::etim-v2-tra-034-angiogenese;terminologia::nivel::extensao;terminologia::tipo::inferencia,
etim-v2-tra-035-hematopoiese,hematopoiese,,,termo,transferencia,,,,produção de células sanguíneas,,produção de células sanguíneas,,inferencia,transversal,,,2,2,2,1,18,extensao,,hematopoiese,,,,,,,,A decomposição sugere; contexto clínico confirma.,"OpenRN Medical Terminology 2e, NCBI Bookshelf NBK607454 (CC BY 4.0); Prompt mestre do usuário, corpus-base de terminologia médica, 2026-07-17",alta,candidato_validado_automaticamente,card_proprio,etim-v2-tra-035-hematopoiese,sim,inferencia,1,,,etim_uid::etim-v2-tra-035-hematopoiese;terminologia::nivel::extensao;terminologia::tipo::inferencia,
etim-v2-tra-036-eritropoiese,eritropoiese,,,termo,transferencia,,,,produção de eritrócitos,,produção de eritrócitos,,inferencia,transversal,,,2,2,2,1,18,extensao,,eritropoiese,,,,,,,,A decomposição sugere; contexto clínico confirma.,"OpenRN Medical Terminology 2e, NCBI Bookshelf NBK607454 (CC BY 4.0); Prompt mestre do usuário, corpus-base de terminologia médica, 2026-07-17",alta,candidato_validado_automaticamente,card_proprio,etim-v2-tra-036-eritropoiese,sim,inferencia,1,,,etim_uid::etim-v2-tra-036-eritropoiese;terminologia::nivel::extensao;terminologia::tipo::inferencia,
etim-v2-tra-037-trombopoiese,trombopoiese,,,termo,transferencia,,,,produção de plaquetas,,produção de plaquetas,,inferencia,transversal,,,2,2,2,1,18,extensao,,trombopoiese,,,,,,,,A decomposição sugere; contexto clínico confirma.,"OpenRN Medical Terminology 2e, NCBI Bookshelf NBK607454 (CC BY 4.0); Prompt mestre do usuário, corpus-base de terminologia médica, 2026-07-17",alta,candidato_validado_automaticamente,card_proprio,etim-v2-tra-037-trombopoiese,sim,inferencia,1,,,etim_uid::etim-v2-tra-037-trombopoiese;terminologia::nivel::extensao;terminologia::tipo::inferencia,
etim-v2-tra-038-osteogenese,osteogênese,,,termo,transferencia,,,,formação óssea,,formação óssea,,inferencia,transversal,,,2,2,2,1,18,extensao,,osteogênese,,,,,,,,A decomposição sugere; contexto clínico confirma.,"OpenRN Medical Terminology 2e, NCBI Bookshelf NBK607454 (CC BY 4.0); Prompt mestre do usuário, corpus-base de terminologia médica, 2026-07-17",alta,candidato_validado_automaticamente,card_proprio,etim-v2-tra-038-osteogenese,sim,inferencia,1,,,etim_uid::etim-v2-tra-038-osteogenese;terminologia::nivel::extensao;terminologia::tipo::inferencia,
etim-v2-tra-039-condrogenese,condrogênese,,,termo,transferencia,,,,formação de cartilagem,,formação de cartilagem,,inferencia,transversal,,,2,2,2,1,18,extensao,,condrogênese,,,,,,,,A decomposição sugere; contexto clínico confirma.,"OpenRN Medical Terminology 2e, NCBI Bookshelf NBK607454 (CC BY 4.0); Prompt mestre do usuário, corpus-base de terminologia médica, 2026-07-17",alta,candidato_validado_automaticamente,card_proprio,etim-v2-tra-039-condrogenese,sim,inferencia,1,,,etim_uid::etim-v2-tra-039-condrogenese;terminologia::nivel::extensao;terminologia::tipo::inferencia,
etim-v2-tra-040-miogenese,miogênese,,,termo,transferencia,,,,formação muscular,,formação muscular,,inferencia,transversal,,,2,2,2,1,18,extensao,,miogênese,,,,,,,,A decomposição sugere; contexto clínico confirma.,"OpenRN Medical Terminology 2e, NCBI Bookshelf NBK607454 (CC BY 4.0); Prompt mestre do usuário, corpus-base de terminologia médica, 2026-07-17",alta,candidato_validado_automaticamente,card_proprio,etim-v2-tra-040-miogenese,sim,inferencia,1,,,etim_uid::etim-v2-tra-040-miogenese;terminologia::nivel::extensao;terminologia::tipo::inferencia,
etim-v2-tra-041-neurogenese,neurogênese,,,termo,transferencia,,,,formação de neurônios,,formação de neurônios,,inferencia,transversal,,,2,2,2,1,18,extensao,,neurogênese,,,,,,,,A decomposição sugere; contexto clínico confirma.,"OpenRN Medical Terminology 2e, NCBI Bookshelf NBK607454 (CC BY 4.0); Prompt mestre do usuário, corpus-base de terminologia médica, 2026-07-17",alta,candidato_validado_automaticamente,card_proprio,etim-v2-tra-041-neurogenese,sim,inferencia,1,,,etim_uid::etim-v2-tra-041-neurogenese;terminologia::nivel::extensao;terminologia::tipo::inferencia,
etim-v2-tra-042-lipolise,lipólise,,,termo,transferencia,,,,quebra de lipídios,,quebra de lipídios,,inferencia,transversal,,,2,2,2,1,18,extensao,,lipólise,,,,,,,,A decomposição sugere; contexto clínico confirma.,"OpenRN Medical Terminology 2e, NCBI Bookshelf NBK607454 (CC BY 4.0); Prompt mestre do usuário, corpus-base de terminologia médica, 2026-07-17",alta,candidato_validado_automaticamente,card_proprio,etim-v2-tra-042-lipolise,sim,inferencia,1,,,etim_uid::etim-v2-tra-042-lipolise;terminologia::nivel::extensao;terminologia::tipo::inferencia,
etim-v2-tra-043-proteolise,proteólise,,,termo,transferencia,,,,quebra de proteínas,,quebra de proteínas,,inferencia,transversal,,,2,2,2,1,18,extensao,,proteólise,,,,,,,,A decomposição sugere; contexto clínico confirma.,"OpenRN Medical Terminology 2e, NCBI Bookshelf NBK607454 (CC BY 4.0); Prompt mestre do usuário, corpus-base de terminologia médica, 2026-07-17",alta,candidato_validado_automaticamente,card_proprio,etim-v2-tra-043-proteolise,sim,inferencia,1,,,etim_uid::etim-v2-tra-043-proteolise;terminologia::nivel::extensao;terminologia::tipo::inferencia,
etim-v2-tra-044-glicogenolise,glicogenólise,,,termo,transferencia,,,,quebra de glicogênio,,quebra de glicogênio,,inferencia,transversal,,,2,2,2,1,18,extensao,,glicogenólise,,,,,,,,A decomposição sugere; contexto clínico confirma.,"OpenRN Medical Terminology 2e, NCBI Bookshelf NBK607454 (CC BY 4.0); Prompt mestre do usuário, corpus-base de terminologia médica, 2026-07-17",alta,candidato_validado_automaticamente,card_proprio,etim-v2-tra-044-glicogenolise,sim,inferencia,1,,,etim_uid::etim-v2-tra-044-glicogenolise;terminologia::nivel::extensao;terminologia::tipo::inferencia,
etim-v2-tra-045-gliconeogenese,gliconeogênese,,,termo,transferencia,,,,formação nova de glicose,,formação nova de glicose,,inferencia,transversal,,,2,2,2,1,18,extensao,,gliconeogênese,,,,,,,,A decomposição sugere; contexto clínico confirma.,"OpenRN Medical Terminology 2e, NCBI Bookshelf NBK607454 (CC BY 4.0); Prompt mestre do usuário, corpus-base de terminologia médica, 2026-07-17",alta,candidato_validado_automaticamente,card_proprio,etim-v2-tra-045-gliconeogenese,sim,inferencia,1,,,etim_uid::etim-v2-tra-045-gliconeogenese;terminologia::nivel::extensao;terminologia::tipo::inferencia,
etim-v2-tra-046-cetogenese,cetogênese,,,termo,transferencia,,,,formação de corpos cetônicos,,formação de corpos cetônicos,,inferencia,transversal,,,2,2,2,1,18,extensao,,cetogênese,,,,,,,,A decomposição sugere; contexto clínico confirma.,"OpenRN Medical Terminology 2e, NCBI Bookshelf NBK607454 (CC BY 4.0); Prompt mestre do usuário, corpus-base de terminologia médica, 2026-07-17",alta,candidato_validado_automaticamente,card_proprio,etim-v2-tra-046-cetogenese,sim,inferencia,1,,,etim_uid::etim-v2-tra-046-cetogenese;terminologia::nivel::extensao;terminologia::tipo::inferencia,
etim-v2-tra-047-desfosforilacao,desfosforilação,,,termo,transferencia,,,,remoção de fosfato,,remoção de fosfato,,inferencia,transversal,,,2,2,2,1,18,extensao,,desfosforilação,,,,,,,,A decomposição sugere; contexto clínico confirma.,"OpenRN Medical Terminology 2e, NCBI Bookshelf NBK607454 (CC BY 4.0); Prompt mestre do usuário, corpus-base de terminologia médica, 2026-07-17",alta,candidato_validado_automaticamente,card_proprio,etim-v2-tra-047-desfosforilacao,sim,inferencia,1,,,etim_uid::etim-v2-tra-047-desfosforilacao;terminologia::nivel::extensao;terminologia::tipo::inferencia,
etim-v2-tra-048-desaminacao,desaminação,,,termo,transferencia,,,,remoção de grupo amino,,remoção de grupo amino,,inferencia,transversal,,,2,2,2,1,18,extensao,,desaminação,,,,,,,,A decomposição sugere; contexto clínico confirma.,"OpenRN Medical Terminology 2e, NCBI Bookshelf NBK607454 (CC BY 4.0); Prompt mestre do usuário, corpus-base de terminologia médica, 2026-07-17",alta,candidato_validado_automaticamente,card_proprio,etim-v2-tra-048-desaminacao,sim,inferencia,1,,,etim_uid::etim-v2-tra-048-desaminacao;terminologia::nivel::extensao;terminologia::tipo::inferencia,
etim-v2-tra-049-despolarizacao,despolarização,,,termo,transferencia,,,,redução da polarização,,redução da polarização,,inferencia,transversal,,,2,2,2,1,18,extensao,,despolarização,,,,,,,,A decomposição sugere; contexto clínico confirma.,"OpenRN Medical Terminology 2e, NCBI Bookshelf NBK607454 (CC BY 4.0); Prompt mestre do usuário, corpus-base de terminologia médica, 2026-07-17",alta,candidato_validado_automaticamente,card_proprio,etim-v2-tra-049-despolarizacao,sim,inferencia,1,,,etim_uid::etim-v2-tra-049-despolarizacao;terminologia::nivel::extensao;terminologia::tipo::inferencia,
etim-v2-tra-050-hiperpolarizacao,hiperpolarização,,,termo,transferencia,,,,aumento da polarização,,aumento da polarização,,inferencia,transversal,,,2,2,2,1,18,extensao,,hiperpolarização,,,,,,,,A decomposição sugere; contexto clínico confirma.,"OpenRN Medical Terminology 2e, NCBI Bookshelf NBK607454 (CC BY 4.0); Prompt mestre do usuário, corpus-base de terminologia médica, 2026-07-17",alta,candidato_validado_automaticamente,card_proprio,etim-v2-tra-050-hiperpolarizacao,sim,inferencia,1,,,etim_uid::etim-v2-tra-050-hiperpolarizacao;terminologia::nivel::extensao;terminologia::tipo::inferencia,
etim-v2-tra-051-endocardio,endocárdio,,,termo,transferencia,,,,camada interna cardíaca,,camada interna cardíaca,,inferencia,transversal,,,2,2,2,1,18,extensao,,endocárdio,,,,,,,,A decomposição sugere; contexto clínico confirma.,"OpenRN Medical Terminology 2e, NCBI Bookshelf NBK607454 (CC BY 4.0); Prompt mestre do usuário, corpus-base de terminologia médica, 2026-07-17",alta,candidato_validado_automaticamente,card_proprio,etim-v2-tra-051-endocardio,sim,inferencia,1,,,etim_uid::etim-v2-tra-051-endocardio;terminologia::nivel::extensao;terminologia::tipo::inferencia,
etim-v2-tra-052-miocardio,miocárdio,,,termo,transferencia,,,,músculo cardíaco,,músculo cardíaco,,inferencia,transversal,,,2,2,2,1,18,extensao,,miocárdio,,,,,,,,A decomposição sugere; contexto clínico confirma.,"OpenRN Medical Terminology 2e, NCBI Bookshelf NBK607454 (CC BY 4.0); Prompt mestre do usuário, corpus-base de terminologia médica, 2026-07-17",alta,candidato_validado_automaticamente,card_proprio,etim-v2-tra-052-miocardio,sim,inferencia,1,,,etim_uid::etim-v2-tra-052-miocardio;terminologia::nivel::extensao;terminologia::tipo::inferencia,
etim-v2-tra-053-pericardio,pericárdio,,,termo,transferencia,,,,estrutura ao redor do coração,,estrutura ao redor do coração,,inferencia,transversal,,,2,2,2,1,18,extensao,,pericárdio,,,,,,,,A decomposição sugere; contexto clínico confirma.,"OpenRN Medical Terminology 2e, NCBI Bookshelf NBK607454 (CC BY 4.0); Prompt mestre do usuário, corpus-base de terminologia médica, 2026-07-17",alta,candidato_validado_automaticamente,card_proprio,etim-v2-tra-053-pericardio,sim,inferencia,1,,,etim_uid::etim-v2-tra-053-pericardio;terminologia::nivel::extensao;terminologia::tipo::inferencia,
etim-v2-tra-054-epiderme,epiderme,,,termo,transferencia,,,,camada sobre a derme,,camada sobre a derme,,inferencia,transversal,,,2,2,2,1,18,extensao,,epiderme,,,,,,,,A decomposição sugere; contexto clínico confirma.,"OpenRN Medical Terminology 2e, NCBI Bookshelf NBK607454 (CC BY 4.0); Prompt mestre do usuário, corpus-base de terminologia médica, 2026-07-17",alta,candidato_validado_automaticamente,card_proprio,etim-v2-tra-054-epiderme,sim,inferencia,1,,,etim_uid::etim-v2-tra-054-epiderme;terminologia::nivel::extensao;terminologia::tipo::inferencia,
etim-v2-tra-055-hipoderme,hipoderme,,,termo,transferencia,,,,camada abaixo da derme,,camada abaixo da derme,,inferencia,transversal,,,2,2,2,1,18,extensao,,hipoderme,,,,,,,,A decomposição sugere; contexto clínico confirma.,"OpenRN Medical Terminology 2e, NCBI Bookshelf NBK607454 (CC BY 4.0); Prompt mestre do usuário, corpus-base de terminologia médica, 2026-07-17",alta,candidato_validado_automaticamente,card_proprio,etim-v2-tra-055-hipoderme,sim,inferencia,1,,,etim_uid::etim-v2-tra-055-hipoderme;terminologia::nivel::extensao;terminologia::tipo::inferencia,
etim-v2-tra-056-intracelular,intracelular,,,termo,transferencia,,,,dentro da célula,,dentro da célula,,inferencia,transversal,,,2,2,2,1,18,extensao,,intracelular,,,,,,,,A decomposição sugere; contexto clínico confirma.,"OpenRN Medical Terminology 2e, NCBI Bookshelf NBK607454 (CC BY 4.0); Prompt mestre do usuário, corpus-base de terminologia médica, 2026-07-17",alta,candidato_validado_automaticamente,card_proprio,etim-v2-tra-056-intracelular,sim,inferencia,1,,,etim_uid::etim-v2-tra-056-intracelular;terminologia::nivel::extensao;terminologia::tipo::inferencia,
etim-v2-tra-057-extracelular,extracelular,,,termo,transferencia,,,,fora da célula,,fora da célula,,inferencia,transversal,,,2,2,2,1,18,extensao,,extracelular,,,,,,,,A decomposição sugere; contexto clínico confirma.,"OpenRN Medical Terminology 2e, NCBI Bookshelf NBK607454 (CC BY 4.0); Prompt mestre do usuário, corpus-base de terminologia médica, 2026-07-17",alta,candidato_validado_automaticamente,card_proprio,etim-v2-tra-057-extracelular,sim,inferencia,1,,,etim_uid::etim-v2-tra-057-extracelular;terminologia::nivel::extensao;terminologia::tipo::inferencia,
etim-v2-tra-058-ipsilateral,ipsilateral,,,termo,transferencia,,,,mesmo lado,,mesmo lado,,inferencia,transversal,,,2,2,2,1,18,extensao,,ipsilateral,,,,,,,,A decomposição sugere; contexto clínico confirma.,"OpenRN Medical Terminology 2e, NCBI Bookshelf NBK607454 (CC BY 4.0); Prompt mestre do usuário, corpus-base de terminologia médica, 2026-07-17",alta,candidato_validado_automaticamente,card_proprio,etim-v2-tra-058-ipsilateral,sim,inferencia,1,,,etim_uid::etim-v2-tra-058-ipsilateral;terminologia::nivel::extensao;terminologia::tipo::inferencia,
etim-v2-tra-059-contralateral,contralateral,,,termo,transferencia,,,,lado oposto,,lado oposto,,inferencia,transversal,,,2,2,2,1,18,extensao,,contralateral,,,,,,,,A decomposição sugere; contexto clínico confirma.,"OpenRN Medical Terminology 2e, NCBI Bookshelf NBK607454 (CC BY 4.0); Prompt mestre do usuário, corpus-base de terminologia médica, 2026-07-17",alta,candidato_validado_automaticamente,card_proprio,etim-v2-tra-059-contralateral,sim,inferencia,1,,,etim_uid::etim-v2-tra-059-contralateral;terminologia::nivel::extensao;terminologia::tipo::inferencia,
etim-v2-tra-060-suprarrenal,suprarrenal,,,termo,transferencia,,,,acima do rim,,acima do rim,,inferencia,transversal,,,2,2,2,1,18,extensao,,suprarrenal,,,,,,,,A decomposição sugere; contexto clínico confirma.,"OpenRN Medical Terminology 2e, NCBI Bookshelf NBK607454 (CC BY 4.0); Prompt mestre do usuário, corpus-base de terminologia médica, 2026-07-17",alta,candidato_validado_automaticamente,card_proprio,etim-v2-tra-060-suprarrenal,sim,inferencia,1,,,etim_uid::etim-v2-tra-060-suprarrenal;terminologia::nivel::extensao;terminologia::tipo::inferencia,
etim-v2-tra-061-retroperitoneal,retroperitoneal,,,termo,transferencia,,,,atrás do peritônio,,atrás do peritônio,,inferencia,transversal,,,2,2,2,1,18,extensao,,retroperitoneal,,,,,,,,A decomposição sugere; contexto clínico confirma.,"OpenRN Medical Terminology 2e, NCBI Bookshelf NBK607454 (CC BY 4.0); Prompt mestre do usuário, corpus-base de terminologia médica, 2026-07-17",alta,candidato_validado_automaticamente,card_proprio,etim-v2-tra-061-retroperitoneal,sim,inferencia,1,,,etim_uid::etim-v2-tra-061-retroperitoneal;terminologia::nivel::extensao;terminologia::tipo::inferencia,
etim-v2-tra-062-intraperitoneal,intraperitoneal,,,termo,transferencia,,,,dentro do peritônio,,dentro do peritônio,,inferencia,transversal,,,2,2,2,1,18,extensao,,intraperitoneal,,,,,,,,A decomposição sugere; contexto clínico confirma.,"OpenRN Medical Terminology 2e, NCBI Bookshelf NBK607454 (CC BY 4.0); Prompt mestre do usuário, corpus-base de terminologia médica, 2026-07-17",alta,candidato_validado_automaticamente,card_proprio,etim-v2-tra-062-intraperitoneal,sim,inferencia,1,,,etim_uid::etim-v2-tra-062-intraperitoneal;terminologia::nivel::extensao;terminologia::tipo::inferencia,
etim-v2-tra-063-subcutaneo,subcutâneo,,,termo,transferencia,,,,abaixo da pele,,abaixo da pele,,inferencia,transversal,,,2,2,2,1,18,extensao,,subcutâneo,,,,,,,,A decomposição sugere; contexto clínico confirma.,"OpenRN Medical Terminology 2e, NCBI Bookshelf NBK607454 (CC BY 4.0); Prompt mestre do usuário, corpus-base de terminologia médica, 2026-07-17",alta,candidato_validado_automaticamente,card_proprio,etim-v2-tra-063-subcutaneo,sim,inferencia,1,,,etim_uid::etim-v2-tra-063-subcutaneo;terminologia::nivel::extensao;terminologia::tipo::inferencia,
etim-v2-tra-064-transdermico,transdérmico,,,termo,transferencia,,,,através da pele,,através da pele,,inferencia,transversal,,,2,2,2,1,18,extensao,,transdérmico,,,,,,,,A decomposição sugere; contexto clínico confirma.,"OpenRN Medical Terminology 2e, NCBI Bookshelf NBK607454 (CC BY 4.0); Prompt mestre do usuário, corpus-base de terminologia médica, 2026-07-17",alta,candidato_validado_automaticamente,card_proprio,etim-v2-tra-064-transdermico,sim,inferencia,1,,,etim_uid::etim-v2-tra-064-transdermico;terminologia::nivel::extensao;terminologia::tipo::inferencia,
etim-v2-tra-065-periorbital,periorbital,,,termo,transferencia,,,,ao redor da órbita,,ao redor da órbita,,inferencia,transversal,,,2,2,2,1,18,extensao,,periorbital,,,,,,,,A decomposição sugere; contexto clínico confirma.,"OpenRN Medical Terminology 2e, NCBI Bookshelf NBK607454 (CC BY 4.0); Prompt mestre do usuário, corpus-base de terminologia médica, 2026-07-17",alta,candidato_validado_automaticamente,card_proprio,etim-v2-tra-065-periorbital,sim,inferencia,1,,,etim_uid::etim-v2-tra-065-periorbital;terminologia::nivel::extensao;terminologia::tipo::inferencia,
etim-v2-tra-066-endoscopia,endoscopia,,,termo,transferencia,,,,exame visual interno,,exame visual interno,,inferencia,transversal,,,2,2,2,1,18,extensao,,endoscopia,,,,,,,,A decomposição sugere; contexto clínico confirma.,"OpenRN Medical Terminology 2e, NCBI Bookshelf NBK607454 (CC BY 4.0); Prompt mestre do usuário, corpus-base de terminologia médica, 2026-07-17",alta,candidato_validado_automaticamente,card_proprio,etim-v2-tra-066-endoscopia,sim,inferencia,1,,,etim_uid::etim-v2-tra-066-endoscopia;terminologia::nivel::extensao;terminologia::tipo::inferencia,
etim-v2-tra-067-angiografia,angiografia,,,termo,transferencia,,,,registro de vasos,,registro de vasos,,inferencia,transversal,,,2,2,2,1,18,extensao,,angiografia,,,,,,,,A decomposição sugere; contexto clínico confirma.,"OpenRN Medical Terminology 2e, NCBI Bookshelf NBK607454 (CC BY 4.0); Prompt mestre do usuário, corpus-base de terminologia médica, 2026-07-17",alta,candidato_validado_automaticamente,card_proprio,etim-v2-tra-067-angiografia,sim,inferencia,1,,,etim_uid::etim-v2-tra-067-angiografia;terminologia::nivel::extensao;terminologia::tipo::inferencia,
etim-v2-tra-068-espirometria,espirometria,,,termo,transferencia,,,,medição respiratória,,medição respiratória,,inferencia,transversal,,,2,2,2,1,18,extensao,,espirometria,,,,,,,,A decomposição sugere; contexto clínico confirma.,"OpenRN Medical Terminology 2e, NCBI Bookshelf NBK607454 (CC BY 4.0); Prompt mestre do usuário, corpus-base de terminologia médica, 2026-07-17",alta,candidato_validado_automaticamente,card_proprio,etim-v2-tra-068-espirometria,sim,inferencia,1,,,etim_uid::etim-v2-tra-068-espirometria;terminologia::nivel::extensao;terminologia::tipo::inferencia,
etim-v2-tra-069-oximetria,oximetria,,,termo,transferencia,,,,medição de oxigenação,,medição de oxigenação,,inferencia,transversal,,,2,2,2,1,18,extensao,,oximetria,,,,,,,,A decomposição sugere; contexto clínico confirma.,"OpenRN Medical Terminology 2e, NCBI Bookshelf NBK607454 (CC BY 4.0); Prompt mestre do usuário, corpus-base de terminologia médica, 2026-07-17",alta,candidato_validado_automaticamente,card_proprio,etim-v2-tra-069-oximetria,sim,inferencia,1,,,etim_uid::etim-v2-tra-069-oximetria;terminologia::nivel::extensao;terminologia::tipo::inferencia,
etim-v2-tra-070-amniocentese,amniocentese,,,termo,transferencia,,,,punção do âmnio,,punção do âmnio,,inferencia,transversal,,,2,2,2,1,18,extensao,,amniocentese,,,,,,,,A decomposição sugere; contexto clínico confirma.,"OpenRN Medical Terminology 2e, NCBI Bookshelf NBK607454 (CC BY 4.0); Prompt mestre do usuário, corpus-base de terminologia médica, 2026-07-17",alta,candidato_validado_automaticamente,card_proprio,etim-v2-tra-070-amniocentese,sim,inferencia,1,,,etim_uid::etim-v2-tra-070-amniocentese;terminologia::nivel::extensao;terminologia::tipo::inferencia,
etim-v2-tra-071-artrodese,artrodese,,,termo,transferencia,,,,fusão articular,,fusão articular,,inferencia,transversal,,,2,2,2,1,18,extensao,,artrodese,,,,,,,,A decomposição sugere; contexto clínico confirma.,"OpenRN Medical Terminology 2e, NCBI Bookshelf NBK607454 (CC BY 4.0); Prompt mestre do usuário, corpus-base de terminologia médica, 2026-07-17",alta,candidato_validado_automaticamente,card_proprio,etim-v2-tra-071-artrodese,sim,inferencia,1,,,etim_uid::etim-v2-tra-071-artrodese;terminologia::nivel::extensao;terminologia::tipo::inferencia,
etim-v2-tra-072-rinoplastia,rinoplastia,,,termo,transferencia,,,,remodelagem nasal,,remodelagem nasal,,inferencia,transversal,,,2,2,2,1,18,extensao,,rinoplastia,,,,,,,,A decomposição sugere; contexto clínico confirma.,"OpenRN Medical Terminology 2e, NCBI Bookshelf NBK607454 (CC BY 4.0); Prompt mestre do usuário, corpus-base de terminologia médica, 2026-07-17",alta,candidato_validado_automaticamente,card_proprio,etim-v2-tra-072-rinoplastia,sim,inferencia,1,,,etim_uid::etim-v2-tra-072-rinoplastia;terminologia::nivel::extensao;terminologia::tipo::inferencia,
etim-v2-tra-073-gastropexia,gastropexia,,,termo,transferencia,,,,fixação do estômago,,fixação do estômago,,inferencia,transversal,,,2,2,2,1,18,extensao,,gastropexia,,,,,,,,A decomposição sugere; contexto clínico confirma.,"OpenRN Medical Terminology 2e, NCBI Bookshelf NBK607454 (CC BY 4.0); Prompt mestre do usuário, corpus-base de terminologia médica, 2026-07-17",alta,candidato_validado_automaticamente,card_proprio,etim-v2-tra-073-gastropexia,sim,inferencia,1,,,etim_uid::etim-v2-tra-073-gastropexia;terminologia::nivel::extensao;terminologia::tipo::inferencia,
etim-v2-tra-074-herniorrafia,herniorrafia,,,termo,transferencia,,,,sutura de hérnia,,sutura de hérnia,,inferencia,transversal,,,2,2,2,1,18,extensao,,herniorrafia,,,,,,,,A decomposição sugere; contexto clínico confirma.,"OpenRN Medical Terminology 2e, NCBI Bookshelf NBK607454 (CC BY 4.0); Prompt mestre do usuário, corpus-base de terminologia médica, 2026-07-17",alta,candidato_validado_automaticamente,card_proprio,etim-v2-tra-074-herniorrafia,sim,inferencia,1,,,etim_uid::etim-v2-tra-074-herniorrafia;terminologia::nivel::extensao;terminologia::tipo::inferencia,
etim-v2-tra-075-litotripsia,litotripsia,,,termo,transferencia,,,,fragmentação de cálculos,,fragmentação de cálculos,,inferencia,transversal,,,2,2,2,1,18,extensao,,litotripsia,,,,,,,,A decomposição sugere; contexto clínico confirma.,"OpenRN Medical Terminology 2e, NCBI Bookshelf NBK607454 (CC BY 4.0); Prompt mestre do usuário, corpus-base de terminologia médica, 2026-07-17",alta,candidato_validado_automaticamente,card_proprio,etim-v2-tra-075-litotripsia,sim,inferencia,1,,,etim_uid::etim-v2-tra-075-litotripsia;terminologia::nivel::extensao;terminologia::tipo::inferencia,
etim-v2-tra-076-oftalmoscopia,oftalmoscopia,,,termo,transferencia,,,,exame visual do olho,,exame visual do olho,,inferencia,transversal,,,2,2,2,1,18,extensao,,oftalmoscopia,,,,,,,,A decomposição sugere; contexto clínico confirma.,"OpenRN Medical Terminology 2e, NCBI Bookshelf NBK607454 (CC BY 4.0); Prompt mestre do usuário, corpus-base de terminologia médica, 2026-07-17",alta,candidato_validado_automaticamente,card_proprio,etim-v2-tra-076-oftalmoscopia,sim,inferencia,1,,,etim_uid::etim-v2-tra-076-oftalmoscopia;terminologia::nivel::extensao;terminologia::tipo::inferencia,
etim-v2-tra-077-audiometria,audiometria,,,termo,transferencia,,,,medição auditiva,,medição auditiva,,inferencia,transversal,,,2,2,2,1,18,extensao,,audiometria,,,,,,,,A decomposição sugere; contexto clínico confirma.,"OpenRN Medical Terminology 2e, NCBI Bookshelf NBK607454 (CC BY 4.0); Prompt mestre do usuário, corpus-base de terminologia médica, 2026-07-17",alta,candidato_validado_automaticamente,card_proprio,etim-v2-tra-077-audiometria,sim,inferencia,1,,,etim_uid::etim-v2-tra-077-audiometria;terminologia::nivel::extensao;terminologia::tipo::inferencia,
etim-v2-tra-078-eletrocardiograma,eletrocardiograma,,,termo,transferencia,,,,registro elétrico cardíaco,,registro elétrico cardíaco,,inferencia,transversal,,,2,2,2,1,18,extensao,,eletrocardiograma,,,,,,,,A decomposição sugere; contexto clínico confirma.,"OpenRN Medical Terminology 2e, NCBI Bookshelf NBK607454 (CC BY 4.0); Prompt mestre do usuário, corpus-base de terminologia médica, 2026-07-17",alta,candidato_validado_automaticamente,card_proprio,etim-v2-tra-078-eletrocardiograma,sim,inferencia,1,,,etim_uid::etim-v2-tra-078-eletrocardiograma;terminologia::nivel::extensao;terminologia::tipo::inferencia,
etim-v2-tra-079-encefalopatia,encefalopatia,,,termo,transferencia,,,,doença encefálica,,doença encefálica,,inferencia,transversal,,,2,2,2,1,18,extensao,,encefalopatia,,,,,,,,A decomposição sugere; contexto clínico confirma.,"OpenRN Medical Terminology 2e, NCBI Bookshelf NBK607454 (CC BY 4.0); Prompt mestre do usuário, corpus-base de terminologia médica, 2026-07-17",alta,candidato_validado_automaticamente,card_proprio,etim-v2-tra-079-encefalopatia,sim,inferencia,1,,,etim_uid::etim-v2-tra-079-encefalopatia;terminologia::nivel::extensao;terminologia::tipo::inferencia,
etim-v2-tra-080-radiculopatia,radiculopatia,,,termo,transferencia,,,,doença de raiz nervosa,,doença de raiz nervosa,,inferencia,transversal,,,2,2,2,1,18,extensao,,radiculopatia,,,,,,,,A decomposição sugere; contexto clínico confirma.,"OpenRN Medical Terminology 2e, NCBI Bookshelf NBK607454 (CC BY 4.0); Prompt mestre do usuário, corpus-base de terminologia médica, 2026-07-17",alta,candidato_validado_automaticamente,card_proprio,etim-v2-tra-080-radiculopatia,sim,inferencia,1,,,etim_uid::etim-v2-tra-080-radiculopatia;terminologia::nivel::extensao;terminologia::tipo::inferencia,
etim-v2-tra-081-miopatia,miopatia,,,termo,transferencia,,,,doença muscular,,doença muscular,,inferencia,transversal,,,2,2,2,1,18,extensao,,miopatia,,,,,,,,A decomposição sugere; contexto clínico confirma.,"OpenRN Medical Terminology 2e, NCBI Bookshelf NBK607454 (CC BY 4.0); Prompt mestre do usuário, corpus-base de terminologia médica, 2026-07-17",alta,candidato_validado_automaticamente,card_proprio,etim-v2-tra-081-miopatia,sim,inferencia,1,,,etim_uid::etim-v2-tra-081-miopatia;terminologia::nivel::extensao;terminologia::tipo::inferencia,
etim-v2-tra-082-artropatia,artropatia,,,termo,transferencia,,,,doença articular,,doença articular,,inferencia,transversal,,,2,2,2,1,18,extensao,,artropatia,,,,,,,,A decomposição sugere; contexto clínico confirma.,"OpenRN Medical Terminology 2e, NCBI Bookshelf NBK607454 (CC BY 4.0); Prompt mestre do usuário, corpus-base de terminologia médica, 2026-07-17",alta,candidato_validado_automaticamente,card_proprio,etim-v2-tra-082-artropatia,sim,inferencia,1,,,etim_uid::etim-v2-tra-082-artropatia;terminologia::nivel::extensao;terminologia::tipo::inferencia,
etim-pt2-decomposicao-composicao,decomposição e composição,,,morfema,foundation,Not_applicable,,,separar e reunir,,separar e reunir,processos inversos,fundamentos,transversal,,terminologia médica,2,2,2,1,15,extensao,Decompor extrai pistas; compor propõe uma glosa que ainda precisa de confirmação clínica.,,,,,,,,,A composição literal não garante definição clínica.,"NCBI Medical Terminology, cap. 1 (2024), NBK607453",alta,piloto_pt2_validado_automaticamente,card_proprio,etim-pt2-decomposicao-composicao,sim,reconhecimento,1,,,etim_pilot_pt2;etim_uid::etim-pt2-decomposicao-composicao;terminologia::card::foundation;terminologia::familia::fundamentos;terminologia::status::piloto_pt2,"Incluído após feedback humano do piloto v2; prioriza confusão, baixa exposição e transferência."
etim-pt2-glosa-definicao,glosa literal e definição clínica,,,morfema,foundation,Not_applicable,,,massa de sangue,,massa de sangue,coleção de sangue extravasado,fundamentos,transversal,,terminologia médica,2,2,2,1,15,extensao,"Em hematoma, “massa sanguínea” orienta; não autoriza concluir neoplasia.",,,,,,,,,"O literal é hipótese de leitura, não diagnóstico.","NCBI Medical Terminology, cap. 1 (2024), NBK607453",alta,piloto_pt2_validado_automaticamente,card_proprio,etim-pt2-glosa-definicao,sim,reconhecimento,1,,,etim_pilot_pt2;etim_uid::etim-pt2-glosa-definicao;terminologia::card::foundation;terminologia::familia::fundamentos;terminologia::status::piloto_pt2,"Incluído após feedback humano do piloto v2; prioriza confusão, baixa exposição e transferência."
etim-pt2-pontes-ortograficas,pontes ortográficas,,,morfema,foundation,Not_applicable,,,adaptações gráficas,,adaptações gráficas,reconhecimento entre línguas,fundamentos,transversal,,terminologia médica,2,2,2,1,15,extensao,"Assim, phleb-, thorac- e glyc- aparecem como fleb-, torac- e glic-.",,,,,,,,,"São tendências, não regras fonológicas universais.","NCBI Medical Terminology, cap. 1 (2024), NBK607453",alta,piloto_pt2_validado_automaticamente,card_proprio,etim-pt2-pontes-ortograficas,sim,reconhecimento,1,,,etim_pilot_pt2;etim_uid::etim-pt2-pontes-ortograficas;terminologia::card::foundation;terminologia::familia::fundamentos;terminologia::status::piloto_pt2,"Incluído após feedback humano do piloto v2; prioriza confusão, baixa exposição e transferência."
etim-pt2-tomia-ectomia-stomia,-tomia × -ectomia × -stomia,,,familia,contrast,Not_applicable,,,-tomia × -ectomia × -stomia,,-tomia × -ectomia × -stomia,-tomia × -ectomia × -stomia,contrastes,transversal,,terminologia médica,2,2,2,2,18,nucleo,Laparotomia abre; gastrectomia retira; gastrostomia cria comunicação com o estômago.,,,,,,,,,O contexto do termo pode especializar o valor do morfema.,"NCBI Medical Terminology, cap. 1 (2024), NBK607453",alta,piloto_pt2_validado_automaticamente,card_proprio,etim-pt2-tomia-ectomia-stomia,sim,reconhecimento,1,,,etim_pilot_pt2;etim_uid::etim-pt2-tomia-ectomia-stomia;terminologia::card::contrast;terminologia::familia::contrastes;terminologia::status::piloto_pt2,"Incluído após feedback humano do piloto v2; prioriza confusão, baixa exposição e transferência."
etim-pt2-plastia-pexia-rafia,-plastia × -pexia × -rafia,,,familia,contrast,Not_applicable,,,-plastia × -pexia × -rafia,,-plastia × -pexia × -rafia,-plastia × -pexia × -rafia,contrastes,transversal,,terminologia médica,2,2,2,2,18,nucleo,Rinoplastia remodela; gastropexia fixa; herniorrafia sutura.,,,,,,,,,O contexto do termo pode especializar o valor do morfema.,"NCBI Medical Terminology, cap. 1 (2024), NBK607453",alta,piloto_pt2_validado_automaticamente,card_proprio,etim-pt2-plastia-pexia-rafia,sim,reconhecimento,1,,,etim_pilot_pt2;etim_uid::etim-pt2-plastia-pexia-rafia;terminologia::card::contrast;terminologia::familia::contrastes;terminologia::status::piloto_pt2,"Incluído após feedback humano do piloto v2; prioriza confusão, baixa exposição e transferência."
etim-pt2-grafia-grama-grafo,-grafia × -grama × -grafo,,,familia,contrast,Not_applicable,,,-grafia × -grama × -grafo,,-grafia × -grama × -grafo,-grafia × -grama × -grafo,contrastes,transversal,,terminologia médica,2,2,2,2,18,nucleo,Eletrocardiografia produz eletrocardiograma; o eletrocardiógrafo registra.,,,,,,,,,O contexto do termo pode especializar o valor do morfema.,"NCBI Medical Terminology, cap. 1 (2024), NBK607453",alta,piloto_pt2_validado_automaticamente,card_proprio,etim-pt2-grafia-grama-grafo,sim,reconhecimento,1,,,etim_pilot_pt2;etim_uid::etim-pt2-grafia-grama-grafo;terminologia::card::contrast;terminologia::familia::contrastes;terminologia::status::piloto_pt2,"Incluído após feedback humano do piloto v2; prioriza confusão, baixa exposição e transferência."
etim-pt2-metria-metro,-metria × -metro,,,familia,contrast,Not_applicable,,,-metria × -metro,,-metria × -metro,-metria × -metro,contrastes,transversal,,terminologia médica,2,2,2,2,18,nucleo,Espirometria é o procedimento; espirômetro é o aparelho.,,,,,,,,,O contexto do termo pode especializar o valor do morfema.,"NCBI Medical Terminology, cap. 1 (2024), NBK607453",alta,piloto_pt2_validado_automaticamente,card_proprio,etim-pt2-metria-metro,sim,reconhecimento,1,,,etim_pilot_pt2;etim_uid::etim-pt2-metria-metro;terminologia::card::contrast;terminologia::familia::contrastes;terminologia::status::piloto_pt2,"Incluído após feedback humano do piloto v2; prioriza confusão, baixa exposição e transferência."
etim-pt2-scopia-scopio,-scopia × -scópio,,,familia,contrast,Not_applicable,,,-scopia × -scópio,,-scopia × -scópio,-scopia × -scópio,contrastes,transversal,,terminologia médica,2,2,2,2,18,nucleo,Endoscopia é o exame; endoscópio é o instrumento.,,,,,,,,,O contexto do termo pode especializar o valor do morfema.,"NCBI Medical Terminology, cap. 1 (2024), NBK607453",alta,piloto_pt2_validado_automaticamente,card_proprio,etim-pt2-scopia-scopio,sim,reconhecimento,1,,,etim_pilot_pt2;etim_uid::etim-pt2-scopia-scopio;terminologia::card::contrast;terminologia::familia::contrastes;terminologia::status::piloto_pt2,"Incluído após feedback humano do piloto v2; prioriza confusão, baixa exposição e transferência."
etim-pt2-centese-biopsia-aspiracao,-centese × biópsia × aspiração,,,familia,contrast,Not_applicable,,,-centese × biópsia × aspiração,,-centese × biópsia × aspiração,-centese × biópsia × aspiração,contrastes,transversal,,terminologia médica,2,2,2,2,18,nucleo,Amniocentese punciona; biópsia amostra tecido; aspiração retira líquido ou gás.,,,,,,,,,O contexto do termo pode especializar o valor do morfema.,"NCBI Medical Terminology, cap. 1 (2024), NBK607453",alta,piloto_pt2_validado_automaticamente,card_proprio,etim-pt2-centese-biopsia-aspiracao,sim,reconhecimento,1,,,etim_pilot_pt2;etim_uid::etim-pt2-centese-biopsia-aspiracao;terminologia::card::contrast;terminologia::familia::contrastes;terminologia::status::piloto_pt2,"Incluído após feedback humano do piloto v2; prioriza confusão, baixa exposição e transferência."
etim-pt2-algia-odinia,-algia × -odinia,,,familia,contrast,Not_applicable,,,-algia × -odinia,,-algia × -odinia,-algia × -odinia,contrastes,transversal,,terminologia médica,2,2,2,2,18,nucleo,Disfagia é dificuldade; odinofagia é dor ao engolir.,,,,,,,,,O contexto do termo pode especializar o valor do morfema.,"NCBI Medical Terminology, cap. 1 (2024), NBK607453",alta,piloto_pt2_validado_automaticamente,card_proprio,etim-pt2-algia-odinia,sim,reconhecimento,1,,,etim_pilot_pt2;etim_uid::etim-pt2-algia-odinia;terminologia::card::contrast;terminologia::familia::contrastes;terminologia::status::piloto_pt2,"Incluído após feedback humano do piloto v2; prioriza confusão, baixa exposição e transferência."
etim-pt2-penia-citose,-penia × -citose,,,familia,contrast,Not_applicable,,,-penia × -citose,,-penia × -citose,-penia × -citose,contrastes,transversal,,terminologia médica,2,2,2,2,18,nucleo,Leucopenia reduz leucócitos; leucocitose os aumenta.,,,,,,,,,O contexto do termo pode especializar o valor do morfema.,"NCBI Medical Terminology, cap. 1 (2024), NBK607453",alta,piloto_pt2_validado_automaticamente,card_proprio,etim-pt2-penia-citose,sim,reconhecimento,1,,,etim_pilot_pt2;etim_uid::etim-pt2-penia-citose;terminologia::card::contrast;terminologia::familia::contrastes;terminologia::status::piloto_pt2,"Incluído após feedback humano do piloto v2; prioriza confusão, baixa exposição e transferência."
etim-pt2-ectasia-estenose,-ectasia × -estenose,,,familia,contrast,Not_applicable,,,-ectasia × -estenose,,-ectasia × -estenose,-ectasia × -estenose,contrastes,transversal,,terminologia médica,2,2,2,2,18,nucleo,Bronquiectasia dilata brônquios; broncoestenose estreita sua luz.,,,,,,,,,O contexto do termo pode especializar o valor do morfema.,"NCBI Medical Terminology, cap. 1 (2024), NBK607453",alta,piloto_pt2_validado_automaticamente,card_proprio,etim-pt2-ectasia-estenose,sim,reconhecimento,1,,,etim_pilot_pt2;etim_uid::etim-pt2-ectasia-estenose;terminologia::card::contrast;terminologia::familia::contrastes;terminologia::status::piloto_pt2,"Incluído após feedback humano do piloto v2; prioriza confusão, baixa exposição e transferência."
etim-pt2-rreia-rragia,-rreia × -rragia,,,familia,contrast,Not_applicable,,,-rreia × -rragia,,-rreia × -rragia,-rreia × -rragia,contrastes,transversal,,terminologia médica,2,2,2,2,18,nucleo,"Diarreia descreve fluxo; metrorragia, sangramento uterino.",,,,,,,,,O contexto do termo pode especializar o valor do morfema.,"NCBI Medical Terminology, cap. 1 (2024), NBK607453",alta,piloto_pt2_validado_automaticamente,card_proprio,etim-pt2-rreia-rragia,sim,reconhecimento,1,,,etim_pilot_pt2;etim_uid::etim-pt2-rreia-rragia;terminologia::card::contrast;terminologia::familia::contrastes;terminologia::status::piloto_pt2,"Incluído após feedback humano do piloto v2; prioriza confusão, baixa exposição e transferência."
etim-pt2-emia-uria,-emia × -úria,,,familia,contrast,Not_applicable,,,-emia × -úria,,-emia × -úria,-emia × -úria,contrastes,transversal,,terminologia médica,2,2,2,2,18,nucleo,Glicemia mede glicose sanguínea; glicosúria indica glicose urinária.,,,,,,,,,O contexto do termo pode especializar o valor do morfema.,"NCBI Medical Terminology, cap. 1 (2024), NBK607453",alta,piloto_pt2_validado_automaticamente,card_proprio,etim-pt2-emia-uria,sim,reconhecimento,1,,,etim_pilot_pt2;etim_uid::etim-pt2-emia-uria;terminologia::card::contrast;terminologia::familia::contrastes;terminologia::status::piloto_pt2,"Incluído após feedback humano do piloto v2; prioriza confusão, baixa exposição e transferência."
etim-pt2-pneia-capnia,-pneia × -capnia,,,familia,contrast,Not_applicable,,,-pneia × -capnia,,-pneia × -capnia,-pneia × -capnia,contrastes,transversal,,terminologia médica,2,2,2,2,18,nucleo,Taquipneia altera frequência respiratória; hipercapnia eleva CO₂.,,,,,,,,,O contexto do termo pode especializar o valor do morfema.,"NCBI Medical Terminology, cap. 1 (2024), NBK607453",alta,piloto_pt2_validado_automaticamente,card_proprio,etim-pt2-pneia-capnia,sim,reconhecimento,1,,,etim_pilot_pt2;etim_uid::etim-pt2-pneia-capnia;terminologia::card::contrast;terminologia::familia::contrastes;terminologia::status::piloto_pt2,"Incluído após feedback humano do piloto v2; prioriza confusão, baixa exposição e transferência."
etim-pt2-plasia-trofia,-plasia × -trofia,,,familia,contrast,Not_applicable,,,-plasia × -trofia,,-plasia × -trofia,-plasia × -trofia,contrastes,transversal,,terminologia médica,2,2,2,2,18,nucleo,Hiperplasia aumenta número celular; hipertrofia aumenta o tamanho das células.,,,,,,,,,O contexto do termo pode especializar o valor do morfema.,"NCBI Medical Terminology, cap. 1 (2024), NBK607453",alta,piloto_pt2_validado_automaticamente,card_proprio,etim-pt2-plasia-trofia,sim,reconhecimento,1,,,etim_pilot_pt2;etim_uid::etim-pt2-plasia-trofia;terminologia::card::contrast;terminologia::familia::contrastes;terminologia::status::piloto_pt2,"Incluído após feedback humano do piloto v2; prioriza confusão, baixa exposição e transferência."
etim-pt2-genese-poiese,-gênese × -poiese,,,familia,contrast,Not_applicable,,,-gênese × -poiese,,-gênese × -poiese,-gênese × -poiese,contrastes,transversal,,terminologia médica,2,2,2,2,18,nucleo,Angiogênese forma vasos; hematopoiese produz células sanguíneas.,,,,,,,,,O contexto do termo pode especializar o valor do morfema.,"NCBI Medical Terminology, cap. 1 (2024), NBK607453",alta,piloto_pt2_validado_automaticamente,card_proprio,etim-pt2-genese-poiese,sim,reconhecimento,1,,,etim_pilot_pt2;etim_uid::etim-pt2-genese-poiese;terminologia::card::contrast;terminologia::familia::contrastes;terminologia::status::piloto_pt2,"Incluído após feedback humano do piloto v2; prioriza confusão, baixa exposição e transferência."
etim-pt2-ab-ad,ab- × ad-,,,familia,contrast,Not_applicable,,,ab- × ad-,,ab- × ad-,ab- × ad-,contrastes,transversal,,terminologia médica,2,2,2,2,18,nucleo,Abdução afasta da linha média; adução aproxima.,,,,,,,,,O contexto do termo pode especializar o valor do morfema.,"NCBI Medical Terminology, cap. 1 (2024), NBK607453",alta,piloto_pt2_validado_automaticamente,card_proprio,etim-pt2-ab-ad,sim,reconhecimento,1,,,etim_pilot_pt2;etim_uid::etim-pt2-ab-ad;terminologia::card::contrast;terminologia::familia::contrastes;terminologia::status::piloto_pt2,"Incluído após feedback humano do piloto v2; prioriza confusão, baixa exposição e transferência."
etim-pt2-ecto-exo,ecto- × exo-,,,familia,contrast,Not_applicable,,,ecto- × exo-,,ecto- × exo-,ecto- × exo-,contrastes,transversal,,terminologia médica,2,2,2,2,18,nucleo,Ectoderma é camada externa; exocitose transporta conteúdo para fora.,,,,,,,,,O contexto do termo pode especializar o valor do morfema.,"NCBI Medical Terminology, cap. 1 (2024), NBK607453",alta,piloto_pt2_validado_automaticamente,card_proprio,etim-pt2-ecto-exo,sim,reconhecimento,1,,,etim_pilot_pt2;etim_uid::etim-pt2-ecto-exo;terminologia::card::contrast;terminologia::familia::contrastes;terminologia::status::piloto_pt2,"Incluído após feedback humano do piloto v2; prioriza confusão, baixa exposição e transferência."
etim-pt2-epi-peri-para,epi- × peri- × para-,,,familia,contrast,Not_applicable,,,epi- × peri- × para-,,epi- × peri- × para-,epi- × peri- × para-,contrastes,transversal,,terminologia médica,2,2,2,2,18,nucleo,Epicárdio reveste a superfície; pericárdio circunda; paratireoide fica junto à tireoide.,,,,,,,,,O contexto do termo pode especializar o valor do morfema.,"NCBI Medical Terminology, cap. 1 (2024), NBK607453",alta,piloto_pt2_validado_automaticamente,card_proprio,etim-pt2-epi-peri-para,sim,reconhecimento,1,,,etim_pilot_pt2;etim_uid::etim-pt2-epi-peri-para;terminologia::card::contrast;terminologia::familia::contrastes;terminologia::status::piloto_pt2,"Incluído após feedback humano do piloto v2; prioriza confusão, baixa exposição e transferência."
etim-pt2-dacri-o,dacri/o,,,morfema,morpheme_in_context,Not_applicable,,,lágrima,,lágrima,lágrima,raizes-raras,transversal,,terminologia médica,2,2,2,1,15,extensao,Dacriocistite inflama o saco lacrimal: dacri/o + cist/o + -ite.,,,,,,,,,A raiz orienta a estrutura; não determina doença ou mecanismo.,"NCBI Medical Terminology, cap. 1 (2024), NBK607453; NCBI Medical Terminology, 2a ed. (2024), NBK607454",alta,piloto_pt2_validado_automaticamente,card_proprio,etim-pt2-dacri-o,sim,reconhecimento,1,,,etim_pilot_pt2;etim_uid::etim-pt2-dacri-o;terminologia::card::morpheme_in_context;terminologia::familia::raizes-raras;terminologia::status::piloto_pt2,"Incluído após feedback humano do piloto v2; prioriza confusão, baixa exposição e transferência."
etim-pt2-blefar-o,blefar/o,,,morfema,morpheme_in_context,Not_applicable,,,pálpebra,,pálpebra,pálpebra,raizes-raras,transversal,,terminologia médica,2,2,2,1,15,extensao,Blefaroptose é queda palpebral: blefar/o + -ptose.,,,,,,,,,A raiz orienta a estrutura; não determina doença ou mecanismo.,"NCBI Medical Terminology, cap. 1 (2024), NBK607453; NCBI Medical Terminology, 2a ed. (2024), NBK607454",alta,piloto_pt2_validado_automaticamente,card_proprio,etim-pt2-blefar-o,sim,reconhecimento,1,,,etim_pilot_pt2;etim_uid::etim-pt2-blefar-o;terminologia::card::morpheme_in_context;terminologia::familia::raizes-raras;terminologia::status::piloto_pt2,"Incluído após feedback humano do piloto v2; prioriza confusão, baixa exposição e transferência."
etim-pt2-piel-o,piel/o,,,morfema,morpheme_in_context,Not_applicable,,,pelve renal,,pelve renal,pelve renal,raizes-raras,transversal,,terminologia médica,2,2,2,1,15,extensao,"Pielonefrite combina pelve renal, rim e inflamação.",,,,,,,,,A raiz orienta a estrutura; não determina doença ou mecanismo.,"NCBI Medical Terminology, cap. 1 (2024), NBK607453; NCBI Medical Terminology, 2a ed. (2024), NBK607454",alta,piloto_pt2_validado_automaticamente,card_proprio,etim-pt2-piel-o,sim,reconhecimento,1,,,etim_pilot_pt2;etim_uid::etim-pt2-piel-o;terminologia::card::morpheme_in_context;terminologia::familia::raizes-raras;terminologia::status::piloto_pt2,"Incluído após feedback humano do piloto v2; prioriza confusão, baixa exposição e transferência."
etim-pt2-pi-o,pi/o,,,morfema,morpheme_in_context,Not_applicable,,,pus,,pus,pus,raizes-raras,transversal,,terminologia médica,2,2,2,1,15,extensao,Piotórax é presença de pus na cavidade torácica.,,,,,,,,,A raiz orienta a estrutura; não determina doença ou mecanismo.,"NCBI Medical Terminology, cap. 1 (2024), NBK607453; NCBI Medical Terminology, 2a ed. (2024), NBK607454",alta,piloto_pt2_validado_automaticamente,card_proprio,etim-pt2-pi-o,sim,reconhecimento,1,,,etim_pilot_pt2;etim_uid::etim-pt2-pi-o;terminologia::card::morpheme_in_context;terminologia::familia::raizes-raras;terminologia::status::piloto_pt2,"Incluído após feedback humano do piloto v2; prioriza confusão, baixa exposição e transferência."
etim-pt2-calic-o,calic/o,,,morfema,morpheme_in_context,Not_applicable,,,cálice renal,,cálice renal,cálice renal,raizes-raras,transversal,,terminologia médica,2,2,2,1,15,extensao,Calicectasia é dilatação dos cálices renais.,,,,,,,,,A raiz orienta a estrutura; não determina doença ou mecanismo.,"NCBI Medical Terminology, cap. 1 (2024), NBK607453; NCBI Medical Terminology, 2a ed. (2024), NBK607454",alta,piloto_pt2_validado_automaticamente,card_proprio,etim-pt2-calic-o,sim,reconhecimento,1,,,etim_pilot_pt2;etim_uid::etim-pt2-calic-o;terminologia::card::morpheme_in_context;terminologia::familia::raizes-raras;terminologia::status::piloto_pt2,"Incluído após feedback humano do piloto v2; prioriza confusão, baixa exposição e transferência."
etim-pt2-estaped-o,estaped/o,,,morfema,morpheme_in_context,Not_applicable,,,estribo,,estribo,estribo,raizes-raras,transversal,,terminologia médica,2,2,2,1,15,extensao,Estapedectomia remove parcial ou totalmente esse ossículo.,,,,,,,,,A raiz orienta a estrutura; não determina doença ou mecanismo.,"NCBI Medical Terminology, cap. 1 (2024), NBK607453; NCBI Medical Terminology, 2a ed. (2024), NBK607454",alta,piloto_pt2_validado_automaticamente,card_proprio,etim-pt2-estaped-o,sim,reconhecimento,1,,,etim_pilot_pt2;etim_uid::etim-pt2-estaped-o;terminologia::card::morpheme_in_context;terminologia::familia::raizes-raras;terminologia::status::piloto_pt2,"Incluído após feedback humano do piloto v2; prioriza confusão, baixa exposição e transferência."
etim-pt2-xant-o,xant/o,,,morfema,morpheme_in_context,Not_applicable,,,amarelo,,amarelo,amarelo,raizes-raras,transversal,,terminologia médica,2,2,2,1,15,extensao,"Xantocromia descreve coloração amarelada, como no líquor.",,,,,,,,,A raiz orienta a estrutura; não determina doença ou mecanismo.,"NCBI Medical Terminology, cap. 1 (2024), NBK607453; NCBI Medical Terminology, 2a ed. (2024), NBK607454",alta,piloto_pt2_validado_automaticamente,card_proprio,etim-pt2-xant-o,sim,reconhecimento,1,,,etim_pilot_pt2;etim_uid::etim-pt2-xant-o;terminologia::card::morpheme_in_context;terminologia::familia::raizes-raras;terminologia::status::piloto_pt2,"Incluído após feedback humano do piloto v2; prioriza confusão, baixa exposição e transferência."
etim-pt2-hial-o,hial/o,,,morfema,morpheme_in_context,Not_applicable,,,vidro,,vidro,vidro,raizes-raras,transversal,,terminologia médica,2,2,2,1,15,extensao,Hialino descreve aparência translúcida; não uma composição química única.,,,,,,,,,A raiz orienta a estrutura; não determina doença ou mecanismo.,"NCBI Medical Terminology, cap. 1 (2024), NBK607453; NCBI Medical Terminology, 2a ed. (2024), NBK607454",alta,piloto_pt2_validado_automaticamente,card_proprio,etim-pt2-hial-o,sim,reconhecimento,1,,,etim_pilot_pt2;etim_uid::etim-pt2-hial-o;terminologia::card::morpheme_in_context;terminologia::familia::raizes-raras;terminologia::status::piloto_pt2,"Incluído após feedback humano do piloto v2; prioriza confusão, baixa exposição e transferência."
etim-pt2-acin-o,acin/o,,,morfema,morpheme_in_context,Not_applicable,,,bago,,bago,bago,raizes-raras,transversal,,terminologia médica,2,2,2,1,15,extensao,"Ácinos são unidades secretoras arredondadas, semelhantes a pequenos cachos.",,,,,,,,,A raiz orienta a estrutura; não determina doença ou mecanismo.,"NCBI Medical Terminology, cap. 1 (2024), NBK607453; NCBI Medical Terminology, 2a ed. (2024), NBK607454",alta,piloto_pt2_validado_automaticamente,card_proprio,etim-pt2-acin-o,sim,reconhecimento,1,,,etim_pilot_pt2;etim_uid::etim-pt2-acin-o;terminologia::card::morpheme_in_context;terminologia::familia::raizes-raras;terminologia::status::piloto_pt2,"Incluído após feedback humano do piloto v2; prioriza confusão, baixa exposição e transferência."
etim-pt2-trabecul-o,trabecul/o,,,morfema,morpheme_in_context,Not_applicable,,,pequena viga,,pequena viga,pequena viga,raizes-raras,transversal,,terminologia médica,2,2,2,1,15,extensao,"Trabéculas são suportes em rede, como no osso esponjoso.",,,,,,,,,A raiz orienta a estrutura; não determina doença ou mecanismo.,"NCBI Medical Terminology, cap. 1 (2024), NBK607453; NCBI Medical Terminology, 2a ed. (2024), NBK607454",alta,piloto_pt2_validado_automaticamente,card_proprio,etim-pt2-trabecul-o,sim,reconhecimento,1,,,etim_pilot_pt2;etim_uid::etim-pt2-trabecul-o;terminologia::card::morpheme_in_context;terminologia::familia::raizes-raras;terminologia::status::piloto_pt2,"Incluído após feedback humano do piloto v2; prioriza confusão, baixa exposição e transferência."
etim-pt2-foramin-o,foramin/o,,,morfema,morpheme_in_context,Not_applicable,,,abertura,,abertura,abertura,raizes-raras,transversal,,terminologia médica,2,2,2,1,15,extensao,"Forame é uma abertura anatômica para nervos ou vasos. Na estenose foraminal, esse espaço estreita e pode comprimir a raiz nervosa.",,,,,,,,,A raiz orienta a estrutura; não determina doença ou mecanismo.,"NCBI Medical Terminology, cap. 1 (2024), NBK607453; NCBI Medical Terminology, 2a ed. (2024), NBK607454",alta,piloto_pt2_validado_automaticamente,card_proprio,etim-pt2-foramin-o,sim,reconhecimento,1,,,etim_pilot_pt2;etim_uid::etim-pt2-foramin-o;terminologia::card::morpheme_in_context;terminologia::familia::raizes-raras;terminologia::status::piloto_pt2,"Incluído após feedback humano do piloto v2; prioriza confusão, baixa exposição e transferência."
etim-pt2-diverticul-o,diverticul/o,,,morfema,morpheme_in_context,Not_applicable,,,desvio ou bolsa,,desvio ou bolsa,desvio ou bolsa,raizes-raras,transversal,,terminologia médica,2,2,2,1,15,extensao,Diverticulite é inflamação de divertículo; diverticulose indica sua presença.,,,,,,,,,A raiz orienta a estrutura; não determina doença ou mecanismo.,"NCBI Medical Terminology, cap. 1 (2024), NBK607453; NCBI Medical Terminology, 2a ed. (2024), NBK607454",alta,piloto_pt2_validado_automaticamente,card_proprio,etim-pt2-diverticul-o,sim,reconhecimento,1,,,etim_pilot_pt2;etim_uid::etim-pt2-diverticul-o;terminologia::card::morpheme_in_context;terminologia::familia::raizes-raras;terminologia::status::piloto_pt2,"Incluído após feedback humano do piloto v2; prioriza confusão, baixa exposição e transferência."
etim-pt2-sialolitiase,sialolitíase,,,termo,transfer,Not_applicable,,,inferência morfológica,,inferência morfológica,ver Texto,transferencia,transversal,,terminologia médica,2,2,2,1,18,extensao,sial/o (saliva) + lit/o (cálculo) + -íase (condição) = cálculo no sistema salivar.,,,,,,,,,"A decomposição prevê uma classe de sentido, não etiologia ou gravidade.","NCBI Medical Terminology, cap. 1 (2024), NBK607453; NCBI Medical Terminology, 2a ed. (2024), NBK607454",alta,piloto_pt2_validado_automaticamente,card_proprio,etim-pt2-sialolitiase,sim,aplicacao,1,,,etim_pilot_pt2;etim_uid::etim-pt2-sialolitiase;terminologia::card::transfer;terminologia::familia::transferencia;terminologia::status::piloto_pt2,"Incluído após feedback humano do piloto v2; prioriza confusão, baixa exposição e transferência."
etim-pt2-dacriocistite,dacriocistite,,,termo,transfer,Not_applicable,,,inferência morfológica,,inferência morfológica,ver Texto,transferencia,transversal,,terminologia médica,2,2,2,1,18,extensao,dacri/o (lágrima) + cist/o (saco) + -ite (inflamação) = inflamação do saco lacrimal.,,,,,,,,,"A decomposição prevê uma classe de sentido, não etiologia ou gravidade.","NCBI Medical Terminology, cap. 1 (2024), NBK607453; NCBI Medical Terminology, 2a ed. (2024), NBK607454",alta,piloto_pt2_validado_automaticamente,card_proprio,etim-pt2-dacriocistite,sim,aplicacao,1,,,etim_pilot_pt2;etim_uid::etim-pt2-dacriocistite;terminologia::card::transfer;terminologia::familia::transferencia;terminologia::status::piloto_pt2,"Incluído após feedback humano do piloto v2; prioriza confusão, baixa exposição e transferência."
etim-pt2-blefaroptose,blefaroptose,,,termo,transfer,Not_applicable,,,inferência morfológica,,inferência morfológica,ver Texto,transferencia,transversal,,terminologia médica,2,2,2,1,18,extensao,blefar/o (pálpebra) + -ptose (queda) = descenso da pálpebra.,,,,,,,,,"A decomposição prevê uma classe de sentido, não etiologia ou gravidade.","NCBI Medical Terminology, cap. 1 (2024), NBK607453; NCBI Medical Terminology, 2a ed. (2024), NBK607454",alta,piloto_pt2_validado_automaticamente,card_proprio,etim-pt2-blefaroptose,sim,aplicacao,1,,,etim_pilot_pt2;etim_uid::etim-pt2-blefaroptose;terminologia::card::transfer;terminologia::familia::transferencia;terminologia::status::piloto_pt2,"Incluído após feedback humano do piloto v2; prioriza confusão, baixa exposição e transferência."
etim-pt2-piotorax,piotórax,,,termo,transfer,Not_applicable,,,inferência morfológica,,inferência morfológica,ver Texto,transferencia,transversal,,terminologia médica,2,2,2,1,18,extensao,pi/o (pus) + torac/o (tórax) = pus na cavidade torácica; equivale a empiema pleural.,,,,,,,,,"A decomposição prevê uma classe de sentido, não etiologia ou gravidade.","NCBI Medical Terminology, cap. 1 (2024), NBK607453; NCBI Medical Terminology, 2a ed. (2024), NBK607454",alta,piloto_pt2_validado_automaticamente,card_proprio,etim-pt2-piotorax,sim,aplicacao,1,,,etim_pilot_pt2;etim_uid::etim-pt2-piotorax;terminologia::card::transfer;terminologia::familia::transferencia;terminologia::status::piloto_pt2,"Incluído após feedback humano do piloto v2; prioriza confusão, baixa exposição e transferência."
etim-pt2-calicectasia,calicectasia,,,termo,transfer,Not_applicable,,,inferência morfológica,,inferência morfológica,ver Texto,transferencia,transversal,,terminologia médica,2,2,2,1,18,extensao,calic/o (cálice renal) + -ectasia (dilatação) = dilatação dos cálices renais.,,,,,,,,,"A decomposição prevê uma classe de sentido, não etiologia ou gravidade.","NCBI Medical Terminology, cap. 1 (2024), NBK607453; NCBI Medical Terminology, 2a ed. (2024), NBK607454",alta,piloto_pt2_validado_automaticamente,card_proprio,etim-pt2-calicectasia,sim,aplicacao,1,,,etim_pilot_pt2;etim_uid::etim-pt2-calicectasia;terminologia::card::transfer;terminologia::familia::transferencia;terminologia::status::piloto_pt2,"Incluído após feedback humano do piloto v2; prioriza confusão, baixa exposição e transferência."
etim-pt2-coledocolitiase,coledocolitíase,,,termo,transfer,Not_applicable,,,inferência morfológica,,inferência morfológica,ver Texto,transferencia,transversal,,terminologia médica,2,2,2,1,18,extensao,coledoc/o (colédoco) + lit/o (cálculo) + -íase = cálculo no ducto biliar comum.,,,,,,,,,"A decomposição prevê uma classe de sentido, não etiologia ou gravidade.","NCBI Medical Terminology, cap. 1 (2024), NBK607453; NCBI Medical Terminology, 2a ed. (2024), NBK607454",alta,piloto_pt2_validado_automaticamente,card_proprio,etim-pt2-coledocolitiase,sim,aplicacao,1,,,etim_pilot_pt2;etim_uid::etim-pt2-coledocolitiase;terminologia::card::transfer;terminologia::familia::transferencia;terminologia::status::piloto_pt2,"Incluído após feedback humano do piloto v2; prioriza confusão, baixa exposição e transferência."
etim-pt2-miringotomia,miringotomia,,,termo,transfer,Not_applicable,,,inferência morfológica,,inferência morfológica,ver Texto,transferencia,transversal,,terminologia médica,2,2,2,1,18,extensao,miring/o (tímpano) + -tomia (incisão) = abertura cirúrgica da membrana timpânica.,,,,,,,,,"A decomposição prevê uma classe de sentido, não etiologia ou gravidade.","NCBI Medical Terminology, cap. 1 (2024), NBK607453; NCBI Medical Terminology, 2a ed. (2024), NBK607454",alta,piloto_pt2_validado_automaticamente,card_proprio,etim-pt2-miringotomia,sim,aplicacao,1,,,etim_pilot_pt2;etim_uid::etim-pt2-miringotomia;terminologia::card::transfer;terminologia::familia::transferencia;terminologia::status::piloto_pt2,"Incluído após feedback humano do piloto v2; prioriza confusão, baixa exposição e transferência."
etim-pt2-estapedectomia,estapedectomia,,,termo,transfer,Not_applicable,,,inferência morfológica,,inferência morfológica,ver Texto,transferencia,transversal,,terminologia médica,2,2,2,1,18,extensao,estaped/o (estribo) + -ectomia (remoção) = retirada parcial ou total do ossículo.,,,,,,,,,"A decomposição prevê uma classe de sentido, não etiologia ou gravidade.","NCBI Medical Terminology, cap. 1 (2024), NBK607453; NCBI Medical Terminology, 2a ed. (2024), NBK607454",alta,piloto_pt2_validado_automaticamente,card_proprio,etim-pt2-estapedectomia,sim,aplicacao,1,,,etim_pilot_pt2;etim_uid::etim-pt2-estapedectomia;terminologia::card::transfer;terminologia::familia::transferencia;terminologia::status::piloto_pt2,"Incluído após feedback humano do piloto v2; prioriza confusão, baixa exposição e transferência."
etim-pt2-esfigmomanometro,esfigmomanômetro,,,termo,transfer,Not_applicable,,,inferência morfológica,,inferência morfológica,ver Texto,transferencia,transversal,,terminologia médica,2,2,2,1,18,extensao,esfigm/o (pulso) + man/o (pressão) + -metro = instrumento de pressão; hoje mede pressão arterial.,,,,,,,,,"A decomposição prevê uma classe de sentido, não etiologia ou gravidade.","NCBI Medical Terminology, cap. 1 (2024), NBK607453; NCBI Medical Terminology, 2a ed. (2024), NBK607454",alta,piloto_pt2_validado_automaticamente,card_proprio,etim-pt2-esfigmomanometro,sim,aplicacao,1,,,etim_pilot_pt2;etim_uid::etim-pt2-esfigmomanometro;terminologia::card::transfer;terminologia::familia::transferencia;terminologia::status::piloto_pt2,"Incluído após feedback humano do piloto v2; prioriza confusão, baixa exposição e transferência."
etim-pt2-onicomicose,onicomicose,,,termo,transfer,Not_applicable,,,inferência morfológica,,inferência morfológica,ver Texto,transferencia,transversal,,terminologia médica,2,2,2,1,18,extensao,onic/o (unha) + mic/o (fungo) + -ose = infecção fúngica da unha.,,,,,,,,,"A decomposição prevê uma classe de sentido, não etiologia ou gravidade.","NCBI Medical Terminology, cap. 1 (2024), NBK607453; NCBI Medical Terminology, 2a ed. (2024), NBK607454",alta,piloto_pt2_validado_automaticamente,card_proprio,etim-pt2-onicomicose,sim,aplicacao,1,,,etim_pilot_pt2;etim_uid::etim-pt2-onicomicose;terminologia::card::transfer;terminologia::familia::transferencia;terminologia::status::piloto_pt2,"Incluído após feedback humano do piloto v2; prioriza confusão, baixa exposição e transferência."
etim-pt2-xantocromia,xantocromia,,,termo,transfer,Not_applicable,,,inferência morfológica,,inferência morfológica,ver Texto,transferencia,transversal,,terminologia médica,2,2,2,1,18,extensao,xant/o (amarelo) + -cromia (cor) = aspecto amarelado; a etiologia depende do contexto.,,,,,,,,,"A decomposição prevê uma classe de sentido, não etiologia ou gravidade.","NCBI Medical Terminology, cap. 1 (2024), NBK607453; NCBI Medical Terminology, 2a ed. (2024), NBK607454",alta,piloto_pt2_validado_automaticamente,card_proprio,etim-pt2-xantocromia,sim,aplicacao,1,,,etim_pilot_pt2;etim_uid::etim-pt2-xantocromia;terminologia::card::transfer;terminologia::familia::transferencia;terminologia::status::piloto_pt2,"Incluído após feedback humano do piloto v2; prioriza confusão, baixa exposição e transferência."
etim-pt2-hialinose,hialinose,,,termo,transfer,Not_applicable,,,inferência morfológica,,inferência morfológica,ver Texto,transferencia,transversal,,terminologia médica,2,2,2,1,18,extensao,hial/o (vítreo) + -ose (condição) = material hialino; o termo não define composição única.,,,,,,,,,"A decomposição prevê uma classe de sentido, não etiologia ou gravidade.","NCBI Medical Terminology, cap. 1 (2024), NBK607453; NCBI Medical Terminology, 2a ed. (2024), NBK607454",alta,piloto_pt2_validado_automaticamente,card_proprio,etim-pt2-hialinose,sim,aplicacao,1,,,etim_pilot_pt2;etim_uid::etim-pt2-hialinose;terminologia::card::transfer;terminologia::familia::transferencia;terminologia::status::piloto_pt2,"Incluído após feedback humano do piloto v2; prioriza confusão, baixa exposição e transferência."
etim-pt2-acinar,acinar,,,termo,transfer,Not_applicable,,,inferência morfológica,,inferência morfológica,ver Texto,transferencia,transversal,,terminologia médica,2,2,2,1,18,extensao,acin/o (bago) + -ar (relativo a) = organização em pequenas unidades secretoras arredondadas.,,,,,,,,,"A decomposição prevê uma classe de sentido, não etiologia ou gravidade.","NCBI Medical Terminology, cap. 1 (2024), NBK607453; NCBI Medical Terminology, 2a ed. (2024), NBK607454",alta,piloto_pt2_validado_automaticamente,card_proprio,etim-pt2-acinar,sim,aplicacao,1,,,etim_pilot_pt2;etim_uid::etim-pt2-acinar;terminologia::card::transfer;terminologia::familia::transferencia;terminologia::status::piloto_pt2,"Incluído após feedback humano do piloto v2; prioriza confusão, baixa exposição e transferência."
etim-pt2-trabecular,trabecular,,,termo,transfer,Not_applicable,,,inferência morfológica,,inferência morfológica,ver Texto,transferencia,transversal,,terminologia médica,2,2,2,1,18,extensao,trabecul/o (pequena viga) + -ar = arquitetura em barras ou lâminas de sustentação.,,,,,,,,,"A decomposição prevê uma classe de sentido, não etiologia ou gravidade.","NCBI Medical Terminology, cap. 1 (2024), NBK607453; NCBI Medical Terminology, 2a ed. (2024), NBK607454",alta,piloto_pt2_validado_automaticamente,card_proprio,etim-pt2-trabecular,sim,aplicacao,1,,,etim_pilot_pt2;etim_uid::etim-pt2-trabecular;terminologia::card::transfer;terminologia::familia::transferencia;terminologia::status::piloto_pt2,"Incluído após feedback humano do piloto v2; prioriza confusão, baixa exposição e transferência."
etim-pt2-glomerulopatia,glomerulopatia,,,termo,transfer,Not_applicable,,,inferência morfológica,,inferência morfológica,ver Texto,transferencia,transversal,,terminologia médica,2,2,2,1,18,extensao,glomerul/o (glomérulo) + -patia (doença) = categoria ampla; não especifica o mecanismo.,,,,,,,,,"A decomposição prevê uma classe de sentido, não etiologia ou gravidade.","NCBI Medical Terminology, cap. 1 (2024), NBK607453; NCBI Medical Terminology, 2a ed. (2024), NBK607454",alta,piloto_pt2_validado_automaticamente,card_proprio,etim-pt2-glomerulopatia,sim,aplicacao,1,,,etim_pilot_pt2;etim_uid::etim-pt2-glomerulopatia;terminologia::card::transfer;terminologia::familia::transferencia;terminologia::status::piloto_pt2,"Incluído após feedback humano do piloto v2; prioriza confusão, baixa exposição e transferência."
etim-pt2-hilar,hilar,,,termo,transfer,Not_applicable,,,inferência morfológica,,inferência morfológica,ver Texto,transferencia,transversal,,terminologia médica,2,2,2,1,18,extensao,"hil/o (hilo) + -ar (relativo a) = região de trânsito de vasos, nervos ou ductos.",,,,,,,,,"A decomposição prevê uma classe de sentido, não etiologia ou gravidade.","NCBI Medical Terminology, cap. 1 (2024), NBK607453; NCBI Medical Terminology, 2a ed. (2024), NBK607454",alta,piloto_pt2_validado_automaticamente,card_proprio,etim-pt2-hilar,sim,aplicacao,1,,,etim_pilot_pt2;etim_uid::etim-pt2-hilar;terminologia::card::transfer;terminologia::familia::transferencia;terminologia::status::piloto_pt2,"Incluído após feedback humano do piloto v2; prioriza confusão, baixa exposição e transferência."
etim-pt2-foraminal,foraminal,,,termo,transfer,Not_applicable,,,inferência morfológica,,inferência morfológica,ver Texto,transferencia,transversal,,terminologia médica,2,2,2,1,18,extensao,foramin/o (forame) + -al (relativo a) = relacionado a um forame anatômico.,,,,,,,,,"A decomposição prevê uma classe de sentido, não etiologia ou gravidade.","NCBI Medical Terminology, cap. 1 (2024), NBK607453; NCBI Medical Terminology, 2a ed. (2024), NBK607454",alta,piloto_pt2_validado_automaticamente,card_proprio,etim-pt2-foraminal,sim,aplicacao,1,,,etim_pilot_pt2;etim_uid::etim-pt2-foraminal;terminologia::card::transfer;terminologia::familia::transferencia;terminologia::status::piloto_pt2,"Incluído após feedback humano do piloto v2; prioriza confusão, baixa exposição e transferência."
etim-pt2-diverticulite,diverticulite,,,termo,transfer,Not_applicable,,,inferência morfológica,,inferência morfológica,ver Texto,transferencia,transversal,,terminologia médica,2,2,2,1,18,extensao,diverticul/o (divertículo) + -ite (inflamação) = divertículo inflamado; não apenas sua presença.,,,,,,,,,"A decomposição prevê uma classe de sentido, não etiologia ou gravidade.","NCBI Medical Terminology, cap. 1 (2024), NBK607453; NCBI Medical Terminology, 2a ed. (2024), NBK607454",alta,piloto_pt2_validado_automaticamente,card_proprio,etim-pt2-diverticulite,sim,aplicacao,1,,,etim_pilot_pt2;etim_uid::etim-pt2-diverticulite;terminologia::card::transfer;terminologia::familia::transferencia;terminologia::status::piloto_pt2,"Incluído após feedback humano do piloto v2; prioriza confusão, baixa exposição e transferência."
etim-pt2-broncorreia,broncorreia,,,termo,transfer,Not_applicable,,,inferência morfológica,,inferência morfológica,ver Texto,transferencia,transversal,,terminologia médica,2,2,2,1,18,extensao,bronc/o (brônquio) + -rreia (fluxo) = secreção brônquica excessiva; não significa hemorragia.,,,,,,,,,"A decomposição prevê uma classe de sentido, não etiologia ou gravidade.","NCBI Medical Terminology, cap. 1 (2024), NBK607453; NCBI Medical Terminology, 2a ed. (2024), NBK607454",alta,piloto_pt2_validado_automaticamente,card_proprio,etim-pt2-broncorreia,sim,aplicacao,1,,,etim_pilot_pt2;etim_uid::etim-pt2-broncorreia;terminologia::card::transfer;terminologia::familia::transferencia;terminologia::status::piloto_pt2,"Incluído após feedback humano do piloto v2; prioriza confusão, baixa exposição e transferência."
etim-pt2-hematoma,hematoma,,,termo,exception,Not_applicable,,,origem ou aparência histórica,,origem ou aparência histórica,coleção sanguínea,armadilhas,transversal,,terminologia médica,2,2,2,2,18,nucleo,hemat- (sangue) + -oma (massa) = coleção localizada de sangue extravasado.,,,,,,,,,O uso médico vigente prevalece sobre uma segmentação literal.,"NCBI Medical Terminology, cap. 1 (2024), NBK607453; NCBI MedGen C0018944 — https://www.ncbi.nlm.nih.gov/medgen/5484",alta,piloto_pt2_validado_automaticamente,card_proprio,etim-pt2-hematoma,sim,reconhecimento,1,,,etim_pilot_pt2;etim_uid::etim-pt2-hematoma;terminologia::card::exception;terminologia::familia::armadilhas;terminologia::status::piloto_pt2,"Incluído após feedback humano do piloto v2; prioriza confusão, baixa exposição e transferência."
etim-pt2-glaucoma,glaucoma,,,termo,exception,Not_applicable,,,origem ou aparência histórica,,origem ou aparência histórica,neuropatia óptica,armadilhas,transversal,,terminologia médica,2,2,2,2,18,nucleo,Glaucoma nomeia neuropatia óptica; segmentá-lo como neoplasia produz falsa etimologia.,,,,,,,,,O uso médico vigente prevalece sobre uma segmentação literal.,"NCBI Medical Terminology, cap. 1 (2024), NBK607453; MedlinePlus Glaucoma — https://medlineplus.gov/glaucoma.html",alta,piloto_pt2_validado_automaticamente,card_proprio,etim-pt2-glaucoma,sim,reconhecimento,1,,,etim_pilot_pt2;etim_uid::etim-pt2-glaucoma;terminologia::card::exception;terminologia::familia::armadilhas;terminologia::status::piloto_pt2,"Incluído após feedback humano do piloto v2; prioriza confusão, baixa exposição e transferência."
etim-pt2-pseudocisto,pseudocisto,,,termo,exception,Not_applicable,,,origem ou aparência histórica,,origem ou aparência histórica,coleção sem epitélio,armadilhas,transversal,,terminologia médica,2,2,2,2,18,nucleo,pseudo- (falso) + cist/o (cisto) = coleção encapsulada sem epitélio verdadeiro.,,,,,,,,,O uso médico vigente prevalece sobre uma segmentação literal.,"NCBI Medical Terminology, cap. 1 (2024), NBK607453; NCBI StatPearls NBK557594 — https://www.ncbi.nlm.nih.gov/books/NBK557594/",alta,piloto_pt2_validado_automaticamente,card_proprio,etim-pt2-pseudocisto,sim,reconhecimento,1,,,etim_pilot_pt2;etim_uid::etim-pt2-pseudocisto;terminologia::card::exception;terminologia::familia::armadilhas;terminologia::status::piloto_pt2,"Incluído após feedback humano do piloto v2; prioriza confusão, baixa exposição e transferência."
etim-pt2-carcinoma-in-situ,carcinoma-in-situ,,,termo,exception,Not_applicable,,,origem ou aparência histórica,,origem ou aparência histórica,neoplasia não invasiva,armadilhas,transversal,,terminologia médica,2,2,2,2,18,nucleo,in situ significa “no lugar”: células malignas ainda não atravessaram a membrana basal.,,,,,,,,,O uso médico vigente prevalece sobre uma segmentação literal.,"NCBI Medical Terminology, cap. 1 (2024), NBK607453; NCI carcinoma in situ — https://www.cancer.gov/publications/dictionaries/cancer-terms/def/carcinoma-in-situ",alta,piloto_pt2_validado_automaticamente,card_proprio,etim-pt2-carcinoma-in-situ,sim,reconhecimento,1,,,etim_pilot_pt2;etim_uid::etim-pt2-carcinoma-in-situ;terminologia::card::exception;terminologia::familia::armadilhas;terminologia::status::piloto_pt2,"Incluído após feedback humano do piloto v2; prioriza confusão, baixa exposição e transferência."
etim-pt2-ileo,ileo,,,termo,exception,Not_applicable,,,origem ou aparência histórica,,origem ou aparência histórica,obstrução funcional,armadilhas,transversal,,terminologia médica,2,2,2,2,18,nucleo,Íleo é parada funcional do trânsito; a semelhança gráfica com o segmento intestinal engana.,,,,,,,,,O uso médico vigente prevalece sobre uma segmentação literal.,"NCBI Medical Terminology, cap. 1 (2024), NBK607453; NCBI StatPearls NBK558937 — https://www.ncbi.nlm.nih.gov/books/NBK558937/",alta,piloto_pt2_validado_automaticamente,card_proprio,etim-pt2-ileo,sim,reconhecimento,1,,,etim_pilot_pt2;etim_uid::etim-pt2-ileo;terminologia::card::exception;terminologia::familia::armadilhas;terminologia::status::piloto_pt2,"Incluído após feedback humano do piloto v2; prioriza confusão, baixa exposição e transferência."
etim-pt2-angina-pectoris,angina-pectoris,,,termo,exception,Not_applicable,,,origem ou aparência histórica,,origem ou aparência histórica,desconforto isquêmico,armadilhas,transversal,,terminologia médica,2,2,2,2,18,nucleo,Angina alude a aperto; pectoris situa no peito. O termo vigente descreve desconforto isquêmico.,,,,,,,,,O uso médico vigente prevalece sobre uma segmentação literal.,"NCBI Medical Terminology, cap. 1 (2024), NBK607453; NCBI MedGen C0002962 — https://www.ncbi.nlm.nih.gov/medgen/1929",alta,piloto_pt2_validado_automaticamente,card_proprio,etim-pt2-angina-pectoris,sim,reconhecimento,1,,,etim_pilot_pt2;etim_uid::etim-pt2-angina-pectoris;terminologia::card::exception;terminologia::familia::armadilhas;terminologia::status::piloto_pt2,"Incluído após feedback humano do piloto v2; prioriza confusão, baixa exposição e transferência."
etim-pt2-diabetes-mellitus-insipidus,diabetes-mellitus-insipidus,,,termo,exception,Not_applicable,,,origem ou aparência histórica,,origem ou aparência histórica,qualificadores históricos,armadilhas,transversal,,terminologia médica,2,2,2,2,18,nucleo,Os qualificadores vêm da urina historicamente provada; não explicam os mecanismos atuais.,,,,,,,,,O uso médico vigente prevalece sobre uma segmentação literal.,"NCBI Medical Terminology, cap. 1 (2024), NBK607453; NCBI Bookshelf NBK310272 — diabetes mellitus e insipidus",alta,piloto_pt2_validado_automaticamente,card_proprio,etim-pt2-diabetes-mellitus-insipidus,sim,reconhecimento,1,,,etim_pilot_pt2;etim_uid::etim-pt2-diabetes-mellitus-insipidus;terminologia::card::exception;terminologia::familia::armadilhas;terminologia::status::piloto_pt2,"Incluído após feedback humano do piloto v2; prioriza confusão, baixa exposição e transferência."
etim-pt2-lupus,lupus,,,termo,exception,Not_applicable,,,origem ou aparência histórica,,origem ou aparência histórica,termo histórico,armadilhas,transversal,,terminologia médica,2,2,2,2,18,nucleo,"A imagem histórica pode ajudar a lembrar o nome, mas não permite inferir autoimunidade.",,,,,,,,,O uso médico vigente prevalece sobre uma segmentação literal.,"NCBI Medical Terminology, cap. 1 (2024), NBK607453; PubMed PMID 32380218 — história do termo lupus",alta,piloto_pt2_validado_automaticamente,card_proprio,etim-pt2-lupus,sim,reconhecimento,1,,,etim_pilot_pt2;etim_uid::etim-pt2-lupus;terminologia::card::exception;terminologia::familia::armadilhas;terminologia::status::piloto_pt2,"Incluído após feedback humano do piloto v2; prioriza confusão, baixa exposição e transferência."
etim-pt2-cisto-polissemia,cist/o,,,familia,contrast,Not_applicable,,,bexiga ou cisto,,bexiga ou cisto,bexiga ou cisto,polissemia-duplas,transversal,,terminologia médica,2,2,2,2,18,nucleo,Cistoscopia examina a bexiga; pseudocisto nomeia uma coleção semelhante a cisto.,,,,,,,,,A forma ativa depende do termo e da tradição lexical.,"NCBI Medical Terminology, cap. 1 (2024), NBK607453; NCBI Medical Terminology, 2a ed. (2024), NBK607454",alta,piloto_pt2_validado_automaticamente,card_proprio,etim-pt2-cisto-polissemia,sim,reconhecimento,1,,,etim_pilot_pt2;etim_uid::etim-pt2-cisto-polissemia;terminologia::card::contrast;terminologia::familia::polissemia-duplas;terminologia::status::piloto_pt2,"Incluído após feedback humano do piloto v2; prioriza confusão, baixa exposição e transferência."
etim-pt2-metro-polissemia,metr/o × -metro,,,familia,contrast,Not_applicable,,,útero ou medidor,,útero ou medidor,útero ou medidor,polissemia-duplas,transversal,,terminologia médica,2,2,2,2,18,nucleo,Endométrio contém metr/o uterino; termômetro termina em -metro instrumental.,,,,,,,,,A forma ativa depende do termo e da tradição lexical.,"NCBI Medical Terminology, cap. 1 (2024), NBK607453; NCBI Medical Terminology, 2a ed. (2024), NBK607454",alta,piloto_pt2_validado_automaticamente,card_proprio,etim-pt2-metro-polissemia,sim,reconhecimento,1,,,etim_pilot_pt2;etim_uid::etim-pt2-metro-polissemia;terminologia::card::contrast;terminologia::familia::polissemia-duplas;terminologia::status::piloto_pt2,"Incluído após feedback humano do piloto v2; prioriza confusão, baixa exposição e transferência."
etim-pt2-oftalmo-oculo,oftalm/o × ocul/o,,,familia,contrast,Not_applicable,,,olho,,olho,olho,polissemia-duplas,transversal,,terminologia médica,2,2,2,2,18,nucleo,Oftalmologia usa a forma grega; oculomotor conserva a latina.,,,,,,,,,A forma ativa depende do termo e da tradição lexical.,"NCBI Medical Terminology, cap. 1 (2024), NBK607453; NCBI Medical Terminology, 2a ed. (2024), NBK607454",alta,piloto_pt2_validado_automaticamente,card_proprio,etim-pt2-oftalmo-oculo,sim,reconhecimento,1,,,etim_pilot_pt2;etim_uid::etim-pt2-oftalmo-oculo;terminologia::card::contrast;terminologia::familia::polissemia-duplas;terminologia::status::piloto_pt2,"Incluído após feedback humano do piloto v2; prioriza confusão, baixa exposição e transferência."
etim-pt2-flebo-veno,fleb/o × ven/o,,,familia,contrast,Not_applicable,,,veia,,veia,veia,polissemia-duplas,transversal,,terminologia médica,2,2,2,2,18,nucleo,"Flebite usa a forma grega; venoso e intravenoso, a latina.",,,,,,,,,A forma ativa depende do termo e da tradição lexical.,"NCBI Medical Terminology, cap. 1 (2024), NBK607453; NCBI Medical Terminology, 2a ed. (2024), NBK607454",alta,piloto_pt2_validado_automaticamente,card_proprio,etim-pt2-flebo-veno,sim,reconhecimento,1,,,etim_pilot_pt2;etim_uid::etim-pt2-flebo-veno;terminologia::card::contrast;terminologia::familia::polissemia-duplas;terminologia::status::piloto_pt2,"Incluído após feedback humano do piloto v2; prioriza confusão, baixa exposição e transferência."
etim-v3-cur-clasia-dese,-clasia × -dese,,,família,contrast,greco-latina ou terminologia médica moderna,,,quebrar × fundir,,quebrar × fundir,Osteoclasia quebra osso deliberadamente; artrodese imobiliza uma articulação pela fusão.,contrastes,transversal,,contrastes,2,2,2,2,18,nucleo,Osteoclasia quebra osso deliberadamente; artrodese imobiliza uma articulação pela fusão.,,,,,,,,,,"Open RN Medical Terminology, 2a ed., NCBI NBK607453/NBK607454",alta,curadoria_v3,card_proprio,etim-v3-cur-clasia-dese,sim,reconhecimento,1,,,terminologia::disciplina::contrastes,"Expansão curricular v3 orientada por lacuna, confusão e baixa exposição."
etim-v3-cur-tripsia-clasia,-tripsia × -clasia,,,família,contrast,greco-latina ou terminologia médica moderna,,,fragmentar × fraturar,,fragmentar × fraturar,Litotripsia fragmenta cálculos por energia; osteoclasia fratura osso para corrigir deformidade.,contrastes,transversal,,contrastes,2,2,2,2,18,nucleo,Litotripsia fragmenta cálculos por energia; osteoclasia fratura osso para corrigir deformidade.,,,,,,,,,,"Open RN Medical Terminology, 2a ed., NCBI NBK607453/NBK607454",alta,curadoria_v3,card_proprio,etim-v3-cur-tripsia-clasia,sim,reconhecimento,1,,,terminologia::disciplina::contrastes,"Expansão curricular v3 orientada por lacuna, confusão e baixa exposição."
etim-v3-cur-ablacao-excisao-resseccao,ablação × excisão × ressecção,,,família,contrast,greco-latina ou terminologia médica moderna,,,destruir × retirar × segmentar,,destruir × retirar × segmentar,A ablação pode não retirar a peça; excisão corta uma lesão; ressecção remove segmento de órgão.,contrastes,transversal,,contrastes,2,2,2,2,18,nucleo,A ablação pode não retirar a peça; excisão corta uma lesão; ressecção remove segmento de órgão.,,,,,,,,,,"Open RN Medical Terminology, 2a ed., NCBI NBK607453/NBK607454",alta,curadoria_v3,card_proprio,etim-v3-cur-ablacao-excisao-resseccao,sim,reconhecimento,1,,,terminologia::disciplina::contrastes,"Expansão curricular v3 orientada por lacuna, confusão e baixa exposição."
etim-v3-cur-anastomose-derivacao,anastomose × derivação,,,família,contrast,greco-latina ou terminologia médica moderna,,,união × desvio,,união × desvio,"Anastomose reconecta alças; derivação desvia o fluxo, podendo usar uma anastomose para construir o novo trajeto.",contrastes,transversal,,contrastes,2,2,2,2,18,nucleo,"Anastomose reconecta alças; derivação desvia o fluxo, podendo usar uma anastomose para construir o novo trajeto.",,,,,,,,,,"Open RN Medical Terminology, 2a ed., NCBI NBK607453/NBK607454",alta,curadoria_v3,card_proprio,etim-v3-cur-anastomose-derivacao,sim,reconhecimento,1,,,terminologia::disciplina::contrastes,"Expansão curricular v3 orientada por lacuna, confusão e baixa exposição."
etim-v3-cur-rrexis,-rrexis,,,conceito,morpheme_in_context,greco-latina ou terminologia médica moderna,,,ruptura,,ruptura,Amniorrexe é ruptura da bolsa amniótica; o sufixo não informa se foi espontânea ou artificial.,contrastes,transversal,,contrastes,2,2,2,2,18,nucleo,Amniorrexe é ruptura da bolsa amniótica; o sufixo não informa se foi espontânea ou artificial.,,,,,,,,,,"Open RN Medical Terminology, 2a ed., NCBI NBK607453/NBK607454",alta,curadoria_v3,card_proprio,etim-v3-cur-rrexis,sim,reconhecimento,1,,,terminologia::disciplina::contrastes,"Expansão curricular v3 orientada por lacuna, confusão e baixa exposição."
etim-v3-cur-braqui,braqui-,,,conceito,morpheme_in_context,greco-latina ou terminologia médica moderna,,,curto,,curto,Braquicefalia descreve crânio proporcionalmente curto; não significa cabeça pequena.,anatomia,transversal,,anatomia,2,2,2,2,18,nucleo,Braquicefalia descreve crânio proporcionalmente curto; não significa cabeça pequena.,,,,,,,,,,"Open RN Medical Terminology, 2a ed., NCBI NBK607453/NBK607454",alta,curadoria_v3,card_proprio,etim-v3-cur-braqui,sim,reconhecimento,1,,,terminologia::disciplina::anatomia,"Expansão curricular v3 orientada por lacuna, confusão e baixa exposição."
etim-v3-cur-dolico,dolico-,,,conceito,morpheme_in_context,greco-latina ou terminologia médica moderna,,,longo,,longo,Dolicocefalia descreve crânio proporcionalmente alongado; contrasta com braquicefalia.,anatomia,transversal,,anatomia,2,2,2,2,18,nucleo,Dolicocefalia descreve crânio proporcionalmente alongado; contrasta com braquicefalia.,,,,,,,,,,"Open RN Medical Terminology, 2a ed., NCBI NBK607453/NBK607454",alta,curadoria_v3,card_proprio,etim-v3-cur-dolico,sim,reconhecimento,1,,,terminologia::disciplina::anatomia,"Expansão curricular v3 orientada por lacuna, confusão e baixa exposição."
etim-v3-cur-plati,plati-,,,conceito,morpheme_in_context,greco-latina ou terminologia médica moderna,,,plano,,plano,Platispondilia descreve achatamento dos corpos vertebrais: plati- + spondil/o.,anatomia,transversal,,anatomia,2,2,2,2,18,nucleo,Platispondilia descreve achatamento dos corpos vertebrais: plati- + spondil/o.,,,,,,,,,,"Open RN Medical Terminology, 2a ed., NCBI NBK607453/NBK607454",alta,curadoria_v3,card_proprio,etim-v3-cur-plati,sim,reconhecimento,1,,,terminologia::disciplina::anatomia,"Expansão curricular v3 orientada por lacuna, confusão e baixa exposição."
etim-v3-cur-lepto,lepto-,,,conceito,morpheme_in_context,greco-latina ou terminologia médica moderna,,,delgado,,delgado,Leptomeninges são as meninges finas: aracnoide e pia-máter.,anatomia,transversal,,anatomia,2,2,2,2,18,nucleo,Leptomeninges são as meninges finas: aracnoide e pia-máter.,,,,,,,,,,"Open RN Medical Terminology, 2a ed., NCBI NBK607453/NBK607454",alta,curadoria_v3,card_proprio,etim-v3-cur-lepto,sim,reconhecimento,1,,,terminologia::disciplina::anatomia,"Expansão curricular v3 orientada por lacuna, confusão e baixa exposição."
etim-v3-cur-paqui,paqui-,,,conceito,morpheme_in_context,greco-latina ou terminologia médica moderna,,,espesso,,espesso,Paquimeninge é a meninge espessa: a dura-máter.,anatomia,transversal,,anatomia,2,2,2,2,18,nucleo,Paquimeninge é a meninge espessa: a dura-máter.,,,,,,,,,,"Open RN Medical Terminology, 2a ed., NCBI NBK607453/NBK607454",alta,curadoria_v3,card_proprio,etim-v3-cur-paqui,sim,reconhecimento,1,,,terminologia::disciplina::anatomia,"Expansão curricular v3 orientada por lacuna, confusão e baixa exposição."
etim-v3-cur-papil,papil/o,,,conceito,morpheme_in_context,greco-latina ou terminologia médica moderna,,,papila,,papila,"Papila é uma pequena projeção; papiledema é edema do disco óptico, não de qualquer papila.",anatomia,transversal,,anatomia,2,2,2,2,18,nucleo,"Papila é uma pequena projeção; papiledema é edema do disco óptico, não de qualquer papila.",,,,,,,,,,"Open RN Medical Terminology, 2a ed., NCBI NBK607453/NBK607454",alta,curadoria_v3,card_proprio,etim-v3-cur-papil,sim,reconhecimento,1,,,terminologia::disciplina::anatomia,"Expansão curricular v3 orientada por lacuna, confusão e baixa exposição."
etim-v3-cur-vil,vil/o,,,conceito,morpheme_in_context,greco-latina ou terminologia médica moderna,,,vilo,,vilo,Vilosidades intestinais são projeções da mucosa que ampliam a superfície absortiva.,anatomia,transversal,,anatomia,2,2,2,2,18,nucleo,Vilosidades intestinais são projeções da mucosa que ampliam a superfície absortiva.,,,,,,,,,,"Open RN Medical Terminology, 2a ed., NCBI NBK607453/NBK607454",alta,curadoria_v3,card_proprio,etim-v3-cur-vil,sim,reconhecimento,1,,,terminologia::disciplina::anatomia,"Expansão curricular v3 orientada por lacuna, confusão e baixa exposição."
etim-v3-cur-fascicul,fascicul/o,,,conceito,morpheme_in_context,greco-latina ou terminologia médica moderna,,,feixe,,feixe,"Fascículo é um conjunto organizado de fibras, como axônios ou fibras musculares.",anatomia,transversal,,anatomia,2,2,2,2,18,nucleo,"Fascículo é um conjunto organizado de fibras, como axônios ou fibras musculares.",,,,,,,,,,"Open RN Medical Terminology, 2a ed., NCBI NBK607453/NBK607454",alta,curadoria_v3,card_proprio,etim-v3-cur-fascicul,sim,reconhecimento,1,,,terminologia::disciplina::anatomia,"Expansão curricular v3 orientada por lacuna, confusão e baixa exposição."
etim-v3-cur-lobul,lobul/o,,,conceito,morpheme_in_context,greco-latina ou terminologia médica moderna,,,pequeno lobo,,pequeno lobo,"Lóbulo é subdivisão de um lobo; no fígado, organiza placas celulares ao redor da veia central.",anatomia,transversal,,anatomia,2,2,2,2,18,nucleo,"Lóbulo é subdivisão de um lobo; no fígado, organiza placas celulares ao redor da veia central.",,,,,,,,,,"Open RN Medical Terminology, 2a ed., NCBI NBK607453/NBK607454",alta,curadoria_v3,card_proprio,etim-v3-cur-lobul,sim,reconhecimento,1,,,terminologia::disciplina::anatomia,"Expansão curricular v3 orientada por lacuna, confusão e baixa exposição."
etim-v3-cur-fissur,fissur/o,,,conceito,morpheme_in_context,greco-latina ou terminologia médica moderna,,,fenda,,fenda,Fissura é uma abertura alongada e profunda; costuma separar partes anatômicas maiores.,anatomia,transversal,,anatomia,2,2,2,2,18,nucleo,Fissura é uma abertura alongada e profunda; costuma separar partes anatômicas maiores.,,,,,,,,,,"Open RN Medical Terminology, 2a ed., NCBI NBK607453/NBK607454",alta,curadoria_v3,card_proprio,etim-v3-cur-fissur,sim,reconhecimento,1,,,terminologia::disciplina::anatomia,"Expansão curricular v3 orientada por lacuna, confusão e baixa exposição."
etim-v3-cur-sulc,sulc/o,,,conceito,morpheme_in_context,greco-latina ou terminologia médica moderna,,,sulco,,sulco,"Sulco é uma depressão linear; no cérebro, separa giros sem atravessar todo o órgão.",anatomia,transversal,,anatomia,2,2,2,2,18,nucleo,"Sulco é uma depressão linear; no cérebro, separa giros sem atravessar todo o órgão.",,,,,,,,,,"Open RN Medical Terminology, 2a ed., NCBI NBK607453/NBK607454",alta,curadoria_v3,card_proprio,etim-v3-cur-sulc,sim,reconhecimento,1,,,terminologia::disciplina::anatomia,"Expansão curricular v3 orientada por lacuna, confusão e baixa exposição."
etim-v3-cur-antr,antr/o,,,conceito,morpheme_in_context,greco-latina ou terminologia médica moderna,,,cavidade,,cavidade,"Antro é uma cavidade dentro de osso ou órgão, como o antro maxilar ou gástrico.",anatomia,transversal,,anatomia,2,2,2,2,18,nucleo,"Antro é uma cavidade dentro de osso ou órgão, como o antro maxilar ou gástrico.",,,,,,,,,,"Open RN Medical Terminology, 2a ed., NCBI NBK607453/NBK607454",alta,curadoria_v3,card_proprio,etim-v3-cur-antr,sim,reconhecimento,1,,,terminologia::disciplina::anatomia,"Expansão curricular v3 orientada por lacuna, confusão e baixa exposição."
etim-v3-cur-lamin,lamin/o,,,conceito,morpheme_in_context,greco-latina ou terminologia médica moderna,,,lâmina,,lâmina,Lâmina é uma placa fina; a lâmina vertebral integra o arco posterior da vértebra.,anatomia,transversal,,anatomia,2,2,2,2,18,nucleo,Lâmina é uma placa fina; a lâmina vertebral integra o arco posterior da vértebra.,,,,,,,,,,"Open RN Medical Terminology, 2a ed., NCBI NBK607453/NBK607454",alta,curadoria_v3,card_proprio,etim-v3-cur-lamin,sim,reconhecimento,1,,,terminologia::disciplina::anatomia,"Expansão curricular v3 orientada por lacuna, confusão e baixa exposição."
etim-v3-cur-lumen,lumin/o,,,conceito,morpheme_in_context,greco-latina ou terminologia médica moderna,,,luz interna,,luz interna,"Lúmen é o espaço interno de um tubo, como vaso, intestino ou ducto.",anatomia,transversal,,anatomia,2,2,2,2,18,nucleo,"Lúmen é o espaço interno de um tubo, como vaso, intestino ou ducto.",,,,,,,,,,"Open RN Medical Terminology, 2a ed., NCBI NBK607453/NBK607454",alta,curadoria_v3,card_proprio,etim-v3-cur-lumen,sim,reconhecimento,1,,,terminologia::disciplina::anatomia,"Expansão curricular v3 orientada por lacuna, confusão e baixa exposição."
etim-v3-cur-duct,duct/o,,,conceito,morpheme_in_context,greco-latina ou terminologia médica moderna,,,ducto,,ducto,"Ducto é um canal que conduz secreção ou fluido, como o colédoco.",anatomia,transversal,,anatomia,2,2,2,2,18,nucleo,"Ducto é um canal que conduz secreção ou fluido, como o colédoco.",,,,,,,,,,"Open RN Medical Terminology, 2a ed., NCBI NBK607453/NBK607454",alta,curadoria_v3,card_proprio,etim-v3-cur-duct,sim,reconhecimento,1,,,terminologia::disciplina::anatomia,"Expansão curricular v3 orientada por lacuna, confusão e baixa exposição."
etim-v3-cur-sacc,sacc/o,,,conceito,morpheme_in_context,greco-latina ou terminologia médica moderna,,,saco,,saco,Saco é uma cavidade em fundo cego; cist/o também pode expressar ideia semelhante.,anatomia,transversal,,anatomia,2,2,2,2,18,nucleo,Saco é uma cavidade em fundo cego; cist/o também pode expressar ideia semelhante.,,,,,,,,,,"Open RN Medical Terminology, 2a ed., NCBI NBK607453/NBK607454",alta,curadoria_v3,card_proprio,etim-v3-cur-sacc,sim,reconhecimento,1,,,terminologia::disciplina::anatomia,"Expansão curricular v3 orientada por lacuna, confusão e baixa exposição."
etim-v3-cur-apic,apic/o,,,conceito,morpheme_in_context,greco-latina ou terminologia médica moderna,,,ápice,,ápice,Ápice é a extremidade pontuda ou terminal; o ápice cardíaco aponta inferolateralmente.,anatomia,transversal,,anatomia,2,2,2,2,18,nucleo,Ápice é a extremidade pontuda ou terminal; o ápice cardíaco aponta inferolateralmente.,,,,,,,,,,"Open RN Medical Terminology, 2a ed., NCBI NBK607453/NBK607454",alta,curadoria_v3,card_proprio,etim-v3-cur-apic,sim,reconhecimento,1,,,terminologia::disciplina::anatomia,"Expansão curricular v3 orientada por lacuna, confusão e baixa exposição."
etim-v3-cur-bas,bas/o,,,conceito,morpheme_in_context,greco-latina ou terminologia médica moderna,,,base,,base,"Base é a parte de apoio; no coração, fica oposta ao ápice e é predominantemente posterior.",anatomia,transversal,,anatomia,2,2,2,2,18,nucleo,"Base é a parte de apoio; no coração, fica oposta ao ápice e é predominantemente posterior.",,,,,,,,,,"Open RN Medical Terminology, 2a ed., NCBI NBK607453/NBK607454",alta,curadoria_v3,card_proprio,etim-v3-cur-bas,sim,reconhecimento,1,,,terminologia::disciplina::anatomia,"Expansão curricular v3 orientada por lacuna, confusão e baixa exposição."
etim-v3-cur-alb,alb/o,,,conceito,morpheme_in_context,greco-latina ou terminologia médica moderna,,,branco,,branco,"Albinismo envolve redução ou ausência de melanina; alb/o descreve a cor, não o mecanismo.",anatomia,transversal,,anatomia,2,2,2,2,18,nucleo,"Albinismo envolve redução ou ausência de melanina; alb/o descreve a cor, não o mecanismo.",,,,,,,,,,"Open RN Medical Terminology, 2a ed., NCBI NBK607453/NBK607454",alta,curadoria_v3,card_proprio,etim-v3-cur-alb,sim,reconhecimento,1,,,terminologia::disciplina::anatomia,"Expansão curricular v3 orientada por lacuna, confusão e baixa exposição."
etim-v3-cur-clor,clor/o,,,conceito,morpheme_in_context,greco-latina ou terminologia médica moderna,,,verde,,verde,Cloroma é nome histórico do sarcoma mieloide pela coloração esverdeada causada por mieloperoxidase.,anatomia,transversal,,anatomia,2,2,2,2,18,nucleo,Cloroma é nome histórico do sarcoma mieloide pela coloração esverdeada causada por mieloperoxidase.,,,,,,,,,,"Open RN Medical Terminology, 2a ed., NCBI NBK607453/NBK607454",alta,curadoria_v3,card_proprio,etim-v3-cur-clor,sim,reconhecimento,1,,,terminologia::disciplina::anatomia,"Expansão curricular v3 orientada por lacuna, confusão e baixa exposição."
etim-v3-cur-cian,cian/o,,,conceito,morpheme_in_context,greco-latina ou terminologia médica moderna,,,azul,,azul,"Cianose é coloração azulada de pele ou mucosas; a raiz descreve aparência, não a causa.",anatomia,transversal,,anatomia,2,2,2,2,18,nucleo,"Cianose é coloração azulada de pele ou mucosas; a raiz descreve aparência, não a causa.",,,,,,,,,,"Open RN Medical Terminology, 2a ed., NCBI NBK607453/NBK607454",alta,curadoria_v3,card_proprio,etim-v3-cur-cian,sim,reconhecimento,1,,,terminologia::disciplina::anatomia,"Expansão curricular v3 orientada por lacuna, confusão e baixa exposição."
etim-v3-cur-rubr,rubr/o,,,conceito,morpheme_in_context,greco-latina ou terminologia médica moderna,,,vermelho,,vermelho,Núcleo rubro recebe o nome pela coloração avermelhada observada anatomicamente.,anatomia,transversal,,anatomia,2,2,2,2,18,nucleo,Núcleo rubro recebe o nome pela coloração avermelhada observada anatomicamente.,,,,,,,,,,"Open RN Medical Terminology, 2a ed., NCBI NBK607453/NBK607454",alta,curadoria_v3,card_proprio,etim-v3-cur-rubr,sim,reconhecimento,1,,,terminologia::disciplina::anatomia,"Expansão curricular v3 orientada por lacuna, confusão e baixa exposição."
etim-v3-cur-nigr,nigr/o,,,conceito,morpheme_in_context,greco-latina ou terminologia médica moderna,,,negro,,negro,Substância negra é pigmentada por neuromelanina; nigr/o descreve sua aparência macroscópica.,anatomia,transversal,,anatomia,2,2,2,2,18,nucleo,Substância negra é pigmentada por neuromelanina; nigr/o descreve sua aparência macroscópica.,,,,,,,,,,"Open RN Medical Terminology, 2a ed., NCBI NBK607453/NBK607454",alta,curadoria_v3,card_proprio,etim-v3-cur-nigr,sim,reconhecimento,1,,,terminologia::disciplina::anatomia,"Expansão curricular v3 orientada por lacuna, confusão e baixa exposição."
etim-v3-cur-poli-cor,poli/o,,,conceito,morpheme_in_context,greco-latina ou terminologia médica moderna,,,cinzento,,cinzento,"Poliomielite combina poli/o, medula e inflamação: historicamente, alude à substância cinzenta.",anatomia,transversal,,anatomia,2,2,2,2,18,nucleo,"Poliomielite combina poli/o, medula e inflamação: historicamente, alude à substância cinzenta.",,,,,,,,,,"Open RN Medical Terminology, 2a ed., NCBI NBK607453/NBK607454",alta,curadoria_v3,card_proprio,etim-v3-cur-poli-cor,sim,reconhecimento,1,,,terminologia::disciplina::anatomia,"Expansão curricular v3 orientada por lacuna, confusão e baixa exposição."
etim-v3-cur-lute,lute/o,,,conceito,morpheme_in_context,greco-latina ou terminologia médica moderna,,,amarelo,,amarelo,Corpo lúteo significa corpo amarelo; sua cor decorre de pigmentos lipídicos.,anatomia,transversal,,anatomia,2,2,2,2,18,nucleo,Corpo lúteo significa corpo amarelo; sua cor decorre de pigmentos lipídicos.,,,,,,,,,,"Open RN Medical Terminology, 2a ed., NCBI NBK607453/NBK607454",alta,curadoria_v3,card_proprio,etim-v3-cur-lute,sim,reconhecimento,1,,,terminologia::disciplina::anatomia,"Expansão curricular v3 orientada por lacuna, confusão e baixa exposição."
etim-v3-cur-purpur,purpur/o,,,conceito,morpheme_in_context,greco-latina ou terminologia médica moderna,,,púrpura,,púrpura,Púrpura descreve extravasamento sanguíneo cutâneo; a cor não informa a causa da hemorragia.,anatomia,transversal,,anatomia,2,2,2,2,18,nucleo,Púrpura descreve extravasamento sanguíneo cutâneo; a cor não informa a causa da hemorragia.,,,,,,,,,,"Open RN Medical Terminology, 2a ed., NCBI NBK607453/NBK607454",alta,curadoria_v3,card_proprio,etim-v3-cur-purpur,sim,reconhecimento,1,,,terminologia::disciplina::anatomia,"Expansão curricular v3 orientada por lacuna, confusão e baixa exposição."
etim-v3-cur-agudo-cronico,agudo × crônico,,,família,contrast,greco-latina ou terminologia médica moderna,,,rápido × prolongado,,rápido × prolongado,"Os termos descrevem tempo, não gravidade: uma doença aguda pode ser leve; uma crônica, estável.",semiologia,transversal,,semiologia,2,2,2,2,18,nucleo,"Os termos descrevem tempo, não gravidade: uma doença aguda pode ser leve; uma crônica, estável.",,,,,,,,,,"NCBI Clinical Methods e StatPearls, semiologia",alta,curadoria_v3,card_proprio,etim-v3-cur-agudo-cronico,sim,reconhecimento,1,,,terminologia::disciplina::semiologia,"Expansão curricular v3 orientada por lacuna, confusão e baixa exposição."
etim-v3-cur-subagudo,subagudo,,,conceito,morpheme_in_context,greco-latina ou terminologia médica moderna,,,intermediário,,intermediário,O limite temporal varia conforme a doença; subagudo não possui duração universal.,semiologia,transversal,,semiologia,2,2,2,2,18,nucleo,O limite temporal varia conforme a doença; subagudo não possui duração universal.,,,,,,,,,,"NCBI Clinical Methods e StatPearls, semiologia",alta,curadoria_v3,card_proprio,etim-v3-cur-subagudo,sim,reconhecimento,1,,,terminologia::disciplina::semiologia,"Expansão curricular v3 orientada por lacuna, confusão e baixa exposição."
etim-v3-cur-recorrente-persistente,recorrente × persistente,,,família,contrast,greco-latina ou terminologia médica moderna,,,reaparece × permanece,,reaparece × permanece,Crises recorrentes têm períodos sem manifestação; quadro persistente continua além do tempo esperado.,semiologia,transversal,,semiologia,2,2,2,2,18,nucleo,Crises recorrentes têm períodos sem manifestação; quadro persistente continua além do tempo esperado.,,,,,,,,,,"NCBI Clinical Methods e StatPearls, semiologia",alta,curadoria_v3,card_proprio,etim-v3-cur-recorrente-persistente,sim,reconhecimento,1,,,terminologia::disciplina::semiologia,"Expansão curricular v3 orientada por lacuna, confusão e baixa exposição."
etim-v3-cur-intermitente-continuo,intermitente × contínuo,,,família,contrast,greco-latina ou terminologia médica moderna,,,intervalos × continuidade,,intervalos × continuidade,Febre intermitente retorna após períodos afebris; febre contínua permanece elevada com pouca oscilação.,semiologia,transversal,,semiologia,2,2,2,2,18,nucleo,Febre intermitente retorna após períodos afebris; febre contínua permanece elevada com pouca oscilação.,,,,,,,,,,"NCBI Clinical Methods e StatPearls, semiologia",alta,curadoria_v3,card_proprio,etim-v3-cur-intermitente-continuo,sim,reconhecimento,1,,,terminologia::disciplina::semiologia,"Expansão curricular v3 orientada por lacuna, confusão e baixa exposição."
etim-v3-cur-episodico-paroxistico,episódico × paroxístico,,,família,contrast,greco-latina ou terminologia médica moderna,,,eventos × súbito,,eventos × súbito,Paroxismo é ataque abrupto e intenso; episódico apenas informa que há episódios delimitados.,semiologia,transversal,,semiologia,2,2,2,2,18,nucleo,Paroxismo é ataque abrupto e intenso; episódico apenas informa que há episódios delimitados.,,,,,,,,,,"NCBI Clinical Methods e StatPearls, semiologia",alta,curadoria_v3,card_proprio,etim-v3-cur-episodico-paroxistico,sim,reconhecimento,1,,,terminologia::disciplina::semiologia,"Expansão curricular v3 orientada por lacuna, confusão e baixa exposição."
etim-v3-cur-transitorio-persistente,transitório × persistente,,,família,contrast,greco-latina ou terminologia médica moderna,,,cessa × continua,,cessa × continua,Transitório não significa benigno: um déficit neurológico breve ainda pode exigir investigação urgente.,semiologia,transversal,,semiologia,2,2,2,2,18,nucleo,Transitório não significa benigno: um déficit neurológico breve ainda pode exigir investigação urgente.,,,,,,,,,,"NCBI Clinical Methods e StatPearls, semiologia",alta,curadoria_v3,card_proprio,etim-v3-cur-transitorio-persistente,sim,reconhecimento,1,,,terminologia::disciplina::semiologia,"Expansão curricular v3 orientada por lacuna, confusão e baixa exposição."
etim-v3-cur-congenito-adquirido,congênito × adquirido,,,família,contrast,greco-latina ou terminologia médica moderna,,,ao nascer × depois,,ao nascer × depois,Congênito não é sinônimo de hereditário: infecções intrauterinas podem produzir alterações congênitas não genéticas.,semiologia,transversal,,semiologia,2,2,2,2,18,nucleo,Congênito não é sinônimo de hereditário: infecções intrauterinas podem produzir alterações congênitas não genéticas.,,,,,,,,,,"NCBI Clinical Methods e StatPearls, semiologia",alta,curadoria_v3,card_proprio,etim-v3-cur-congenito-adquirido,sim,reconhecimento,1,,,terminologia::disciplina::semiologia,"Expansão curricular v3 orientada por lacuna, confusão e baixa exposição."
etim-v3-cur-pre-peri-pos-natal,pré-natal × perinatal × pós-natal,,,família,contrast,greco-latina ou terminologia médica moderna,,,antes × ao redor × depois,,antes × ao redor × depois,Perinatal cobre período próximo ao parto; seus limites exatos variam conforme a convenção usada.,semiologia,transversal,,semiologia,2,2,2,2,18,nucleo,Perinatal cobre período próximo ao parto; seus limites exatos variam conforme a convenção usada.,,,,,,,,,,"NCBI Clinical Methods e StatPearls, semiologia",alta,curadoria_v3,card_proprio,etim-v3-cur-pre-peri-pos-natal,sim,reconhecimento,1,,,terminologia::disciplina::semiologia,"Expansão curricular v3 orientada por lacuna, confusão e baixa exposição."
etim-v3-cur-progressivo-regressivo,progressivo × regressivo,,,família,contrast,greco-latina ou terminologia médica moderna,,,avança × recua,,avança × recua,Progressão pode aumentar extensão ou gravidade; regressão pode ser espontânea ou terapêutica.,semiologia,transversal,,semiologia,2,2,2,2,18,nucleo,Progressão pode aumentar extensão ou gravidade; regressão pode ser espontânea ou terapêutica.,,,,,,,,,,"NCBI Clinical Methods e StatPearls, semiologia",alta,curadoria_v3,card_proprio,etim-v3-cur-progressivo-regressivo,sim,reconhecimento,1,,,terminologia::disciplina::semiologia,"Expansão curricular v3 orientada por lacuna, confusão e baixa exposição."
etim-v3-cur-remitente-recidivante,remitente × recidivante,,,família,contrast,greco-latina ou terminologia médica moderna,,,redução × retorno,,redução × retorno,"Na forma remitente-recidivante, surtos são seguidos por melhora parcial ou completa.",semiologia,transversal,,semiologia,2,2,2,2,18,nucleo,"Na forma remitente-recidivante, surtos são seguidos por melhora parcial ou completa.",,,,,,,,,,"NCBI Clinical Methods e StatPearls, semiologia",alta,curadoria_v3,card_proprio,etim-v3-cur-remitente-recidivante,sim,reconhecimento,1,,,terminologia::disciplina::semiologia,"Expansão curricular v3 orientada por lacuna, confusão e baixa exposição."
etim-v3-cur-fulminante,fulminante,,,conceito,morpheme_in_context,greco-latina ou terminologia médica moderna,,,rápida e grave,,rápida e grave,O termo comunica velocidade e intensidade extremas; não identifica a causa.,semiologia,transversal,,semiologia,2,2,2,2,18,nucleo,O termo comunica velocidade e intensidade extremas; não identifica a causa.,,,,,,,,,,"NCBI Clinical Methods e StatPearls, semiologia",alta,curadoria_v3,card_proprio,etim-v3-cur-fulminante,sim,reconhecimento,1,,,terminologia::disciplina::semiologia,"Expansão curricular v3 orientada por lacuna, confusão e baixa exposição."
etim-v3-cur-filtracao-ultrafiltracao,filtração × ultrafiltração,,,família,contrast,greco-latina ou terminologia médica moderna,,,filtração × ultrafiltração,,filtração × ultrafiltração,"No glomérulo, pressão força água e pequenos solutos através da barreira de filtração.",fisiologia,transversal,,fisiologia,2,2,2,2,18,nucleo,"No glomérulo, pressão força água e pequenos solutos através da barreira de filtração.",,,,,,,,,,NCBI StatPearls Physiology/Homeostasis NBK559138,alta,curadoria_v3,card_proprio,etim-v3-cur-filtracao-ultrafiltracao,sim,reconhecimento,1,,,terminologia::disciplina::fisiologia,"Expansão curricular v3 orientada por lacuna, confusão e baixa exposição."
etim-v3-cur-difusao-facilitada,difusão simples × facilitada,,,família,contrast,greco-latina ou terminologia médica moderna,,,difusão simples × facilitada,,difusão simples × facilitada,Ambas seguem o gradiente e não consomem ATP diretamente; muda a necessidade de proteína.,fisiologia,transversal,,fisiologia,2,2,2,2,18,nucleo,Ambas seguem o gradiente e não consomem ATP diretamente; muda a necessidade de proteína.,,,,,,,,,,NCBI StatPearls Physiology/Homeostasis NBK559138,alta,curadoria_v3,card_proprio,etim-v3-cur-difusao-facilitada,sim,reconhecimento,1,,,terminologia::disciplina::fisiologia,"Expansão curricular v3 orientada por lacuna, confusão e baixa exposição."
etim-v3-cur-osmose,osmose,,,conceito,term_decomposition,greco-latina ou terminologia médica moderna,,,osmose,,osmose,A água desloca-se em resposta à diferença de concentração efetiva de solutos não permeantes.,fisiologia,transversal,,fisiologia,2,2,2,2,18,nucleo,A água desloca-se em resposta à diferença de concentração efetiva de solutos não permeantes.,,,,,,,,,,NCBI StatPearls Physiology/Homeostasis NBK559138,alta,curadoria_v3,card_proprio,etim-v3-cur-osmose,sim,reconhecimento,1,,,terminologia::disciplina::fisiologia,"Expansão curricular v3 orientada por lacuna, confusão e baixa exposição."
etim-v3-cur-transporte-ativo-passivo,transporte ativo × passivo,,,família,contrast,greco-latina ou terminologia médica moderna,,,transporte ativo × passivo,,transporte ativo × passivo,Ativo pode mover contra o gradiente; passivo não usa energia metabólica diretamente.,fisiologia,transversal,,fisiologia,2,2,2,2,18,nucleo,Ativo pode mover contra o gradiente; passivo não usa energia metabólica diretamente.,,,,,,,,,,NCBI StatPearls Physiology/Homeostasis NBK559138,alta,curadoria_v3,card_proprio,etim-v3-cur-transporte-ativo-passivo,sim,reconhecimento,1,,,terminologia::disciplina::fisiologia,"Expansão curricular v3 orientada por lacuna, confusão e baixa exposição."
etim-v3-cur-fagocitose-pinocitose,fagocitose × pinocitose,,,família,contrast,greco-latina ou terminologia médica moderna,,,fagocitose × pinocitose,,fagocitose × pinocitose,Fago- alude a comer; pino- a beber. Ambas são formas de endocitose.,fisiologia,transversal,,fisiologia,2,2,2,2,18,nucleo,Fago- alude a comer; pino- a beber. Ambas são formas de endocitose.,,,,,,,,,,NCBI StatPearls Physiology/Homeostasis NBK559138,alta,curadoria_v3,card_proprio,etim-v3-cur-fagocitose-pinocitose,sim,reconhecimento,1,,,terminologia::disciplina::fisiologia,"Expansão curricular v3 orientada por lacuna, confusão e baixa exposição."
etim-v3-cur-transcitose,transcitose,,,conceito,term_decomposition,greco-latina ou terminologia médica moderna,,,transcitose,,transcitose,"Combina endocitose em uma face, tráfego vesicular e exocitose na face oposta.",fisiologia,transversal,,fisiologia,2,2,2,2,18,nucleo,"Combina endocitose em uma face, tráfego vesicular e exocitose na face oposta.",,,,,,,,,,NCBI StatPearls Physiology/Homeostasis NBK559138,alta,curadoria_v3,card_proprio,etim-v3-cur-transcitose,sim,reconhecimento,1,,,terminologia::disciplina::fisiologia,"Expansão curricular v3 orientada por lacuna, confusão e baixa exposição."
etim-v3-cur-ventilacao-perfusao,ventilação × perfusão,,,família,contrast,greco-latina ou terminologia médica moderna,,,ventilação × perfusão,,ventilação × perfusão,A troca gasosa eficiente exige correspondência entre alvéolos ventilados e capilares perfundidos.,fisiologia,transversal,,fisiologia,2,2,2,2,18,nucleo,A troca gasosa eficiente exige correspondência entre alvéolos ventilados e capilares perfundidos.,,,,,,,,,,NCBI StatPearls Physiology/Homeostasis NBK559138,alta,curadoria_v3,card_proprio,etim-v3-cur-ventilacao-perfusao,sim,reconhecimento,1,,,terminologia::disciplina::fisiologia,"Expansão curricular v3 orientada por lacuna, confusão e baixa exposição."
etim-v3-cur-des-re-hiperpolarizacao,despolarização × repolarização × hiperpolarização,,,família,contrast,greco-latina ou terminologia médica moderna,,,despolarização × repolarização × hiperpolarização,,despolarização × repolarização × hiperpolarização,"Os termos descrevem mudança do potencial de membrana, não necessariamente excitação ou inibição por si só.",fisiologia,transversal,,fisiologia,2,2,2,2,18,nucleo,"Os termos descrevem mudança do potencial de membrana, não necessariamente excitação ou inibição por si só.",,,,,,,,,,NCBI StatPearls Physiology/Homeostasis NBK559138,alta,curadoria_v3,card_proprio,etim-v3-cur-des-re-hiperpolarizacao,sim,reconhecimento,1,,,terminologia::disciplina::fisiologia,"Expansão curricular v3 orientada por lacuna, confusão e baixa exposição."
etim-v3-cur-oxidacao-reducao,oxidação × redução,,,família,contrast,greco-latina ou terminologia médica moderna,,,oxidação × redução,,oxidação × redução,O agente oxidado doa elétrons; o reduzido os recebe. As reações sempre ocorrem acopladas.,fisiologia,transversal,,fisiologia,2,2,2,2,18,nucleo,O agente oxidado doa elétrons; o reduzido os recebe. As reações sempre ocorrem acopladas.,,,,,,,,,,NCBI StatPearls Physiology/Homeostasis NBK559138,alta,curadoria_v3,card_proprio,etim-v3-cur-oxidacao-reducao,sim,reconhecimento,1,,,terminologia::disciplina::fisiologia,"Expansão curricular v3 orientada por lacuna, confusão e baixa exposição."
etim-v3-cur-fosforilacao-desfosforilacao,fosforilação × desfosforilação,,,família,contrast,greco-latina ou terminologia médica moderna,,,fosforilação × desfosforilação,,fosforilação × desfosforilação,"Quinases geralmente adicionam fosfato; fosfatases o retiram, alterando atividade ou localização proteica.",fisiologia,transversal,,fisiologia,2,2,2,2,18,nucleo,"Quinases geralmente adicionam fosfato; fosfatases o retiram, alterando atividade ou localização proteica.",,,,,,,,,,NCBI StatPearls Physiology/Homeostasis NBK559138,alta,curadoria_v3,card_proprio,etim-v3-cur-fosforilacao-desfosforilacao,sim,reconhecimento,1,,,terminologia::disciplina::fisiologia,"Expansão curricular v3 orientada por lacuna, confusão e baixa exposição."
etim-v3-cur-carboxilacao-descarboxilacao,carboxilação × descarboxilação,,,família,contrast,greco-latina ou terminologia médica moderna,,,carboxilação × descarboxilação,,carboxilação × descarboxilação,O prefixo des- marca retirada; a consequência química depende do substrato.,fisiologia,transversal,,fisiologia,2,2,2,2,18,nucleo,O prefixo des- marca retirada; a consequência química depende do substrato.,,,,,,,,,,NCBI StatPearls Physiology/Homeostasis NBK559138,alta,curadoria_v3,card_proprio,etim-v3-cur-carboxilacao-descarboxilacao,sim,reconhecimento,1,,,terminologia::disciplina::fisiologia,"Expansão curricular v3 orientada por lacuna, confusão e baixa exposição."
etim-v3-cur-transaminacao-desaminacao,transaminação × desaminação,,,família,contrast,greco-latina ou terminologia médica moderna,,,transaminação × desaminação,,transaminação × desaminação,Transaminases movem nitrogênio entre moléculas; desaminação pode liberar amônia.,fisiologia,transversal,,fisiologia,2,2,2,2,18,nucleo,Transaminases movem nitrogênio entre moléculas; desaminação pode liberar amônia.,,,,,,,,,,NCBI StatPearls Physiology/Homeostasis NBK559138,alta,curadoria_v3,card_proprio,etim-v3-cur-transaminacao-desaminacao,sim,reconhecimento,1,,,terminologia::disciplina::fisiologia,"Expansão curricular v3 orientada por lacuna, confusão e baixa exposição."
etim-v3-cur-glicolise-gliconeogenese,glicólise × gliconeogênese,,,família,contrast,greco-latina ou terminologia médica moderna,,,glicólise × gliconeogênese,,glicólise × gliconeogênese,"Glico- indica açúcar; lise, quebra; neo-gênese, nova formação a partir de precursores.",fisiologia,transversal,,fisiologia,2,2,2,2,18,nucleo,"Glico- indica açúcar; lise, quebra; neo-gênese, nova formação a partir de precursores.",,,,,,,,,,NCBI StatPearls Physiology/Homeostasis NBK559138,alta,curadoria_v3,card_proprio,etim-v3-cur-glicolise-gliconeogenese,sim,reconhecimento,1,,,terminologia::disciplina::fisiologia,"Expansão curricular v3 orientada por lacuna, confusão e baixa exposição."
etim-v3-cur-glicogenese-glicogenolise,glicogênese × glicogenólise,,,família,contrast,greco-latina ou terminologia médica moderna,,,glicogênese × glicogenólise,,glicogênese × glicogenólise,"Não confundir glicogênio, reserva polimérica, com glicose, monossacarídeo circulante.",fisiologia,transversal,,fisiologia,2,2,2,2,18,nucleo,"Não confundir glicogênio, reserva polimérica, com glicose, monossacarídeo circulante.",,,,,,,,,,NCBI StatPearls Physiology/Homeostasis NBK559138,alta,curadoria_v3,card_proprio,etim-v3-cur-glicogenese-glicogenolise,sim,reconhecimento,1,,,terminologia::disciplina::fisiologia,"Expansão curricular v3 orientada por lacuna, confusão e baixa exposição."
etim-v3-cur-lipogenese-lipolise,lipogênese × lipólise,,,família,contrast,greco-latina ou terminologia médica moderna,,,lipogênese × lipólise,,lipogênese × lipólise,Lipo- indica gordura; -gênese forma; -lise quebra. O contexto define quais lipídios e vias.,fisiologia,transversal,,fisiologia,2,2,2,2,18,nucleo,Lipo- indica gordura; -gênese forma; -lise quebra. O contexto define quais lipídios e vias.,,,,,,,,,,NCBI StatPearls Physiology/Homeostasis NBK559138,alta,curadoria_v3,card_proprio,etim-v3-cur-lipogenese-lipolise,sim,reconhecimento,1,,,terminologia::disciplina::fisiologia,"Expansão curricular v3 orientada por lacuna, confusão e baixa exposição."
etim-v3-cur-cetogenese-cetolise,cetogênese × cetólise,,,família,contrast,greco-latina ou terminologia médica moderna,,,cetogênese × cetólise,,cetogênese × cetólise,O fígado produz corpos cetônicos; tecidos extra-hepáticos podem oxidá-los como combustível.,fisiologia,transversal,,fisiologia,2,2,2,2,18,nucleo,O fígado produz corpos cetônicos; tecidos extra-hepáticos podem oxidá-los como combustível.,,,,,,,,,,NCBI StatPearls Physiology/Homeostasis NBK559138,alta,curadoria_v3,card_proprio,etim-v3-cur-cetogenese-cetolise,sim,reconhecimento,1,,,terminologia::disciplina::fisiologia,"Expansão curricular v3 orientada por lacuna, confusão e baixa exposição."
etim-v3-cur-homeostase-alostase,homeostase × alostase,,,família,contrast,greco-latina ou terminologia médica moderna,,,homeostase × alostase,,homeostase × alostase,"Homeostase defende faixas internas; alostase ajusta respostas e, às vezes, os pontos de operação.",fisiologia,transversal,,fisiologia,2,2,2,2,18,nucleo,"Homeostase defende faixas internas; alostase ajusta respostas e, às vezes, os pontos de operação.",,,,,,,,,,NCBI StatPearls Physiology/Homeostasis NBK559138,alta,curadoria_v3,card_proprio,etim-v3-cur-homeostase-alostase,sim,reconhecimento,1,,,terminologia::disciplina::fisiologia,"Expansão curricular v3 orientada por lacuna, confusão e baixa exposição."
etim-v3-cur-angiogenese-vasculogenese,angiogênese × vasculogênese,,,família,contrast,greco-latina ou terminologia médica moderna,,,angiogênese × vasculogênese,,angiogênese × vasculogênese,Angioblastos participam da vasculogênese embrionária; angiogênese remodela redes já formadas.,fisiologia,transversal,,fisiologia,2,2,2,2,18,nucleo,Angioblastos participam da vasculogênese embrionária; angiogênese remodela redes já formadas.,,,,,,,,,,NCBI StatPearls Physiology/Homeostasis NBK559138,alta,curadoria_v3,card_proprio,etim-v3-cur-angiogenese-vasculogenese,sim,reconhecimento,1,,,terminologia::disciplina::fisiologia,"Expansão curricular v3 orientada por lacuna, confusão e baixa exposição."
etim-v3-cur-inflamacao-infeccao,inflamação × infecção,,,família,contrast,greco-latina ou terminologia médica moderna,,,inflamação × infecção,,inflamação × infecção,"Infecção pode causar inflamação, mas trauma, autoimunidade e cristais também inflamam sem microrganismos.",patologia,transversal,,patologia,2,2,2,2,18,nucleo,"Infecção pode causar inflamação, mas trauma, autoimunidade e cristais também inflamam sem microrganismos.",,,,,,,,,,"NLM MeSH e NCBI Bookshelf, terminologia patológica",alta,curadoria_v3,card_proprio,etim-v3-cur-inflamacao-infeccao,sim,reconhecimento,1,,,terminologia::disciplina::patologia,"Expansão curricular v3 orientada por lacuna, confusão e baixa exposição."
etim-v3-cur-colonizacao-infeccao,colonização × infecção,,,família,contrast,greco-latina ou terminologia médica moderna,,,colonização × infecção,,colonização × infecção,Uma cultura positiva pode representar colonização; sintomas e contexto ajudam a identificar infecção.,patologia,transversal,,patologia,2,2,2,2,18,nucleo,Uma cultura positiva pode representar colonização; sintomas e contexto ajudam a identificar infecção.,,,,,,,,,,"NLM MeSH e NCBI Bookshelf, terminologia patológica",alta,curadoria_v3,card_proprio,etim-v3-cur-colonizacao-infeccao,sim,reconhecimento,1,,,terminologia::disciplina::patologia,"Expansão curricular v3 orientada por lacuna, confusão e baixa exposição."
etim-v3-cur-exsudato-transudato,exsudato × transudato,,,família,contrast,greco-latina ou terminologia médica moderna,,,exsudato × transudato,,exsudato × transudato,Exsudato costuma ter mais proteínas e células; transudato é relativamente pobre em ambos.,patologia,transversal,,patologia,2,2,2,2,18,nucleo,Exsudato costuma ter mais proteínas e células; transudato é relativamente pobre em ambos.,,,,,,,,,,"NLM MeSH e NCBI Bookshelf, terminologia patológica",alta,curadoria_v3,card_proprio,etim-v3-cur-exsudato-transudato,sim,reconhecimento,1,,,terminologia::disciplina::patologia,"Expansão curricular v3 orientada por lacuna, confusão e baixa exposição."
etim-v3-cur-obstrucao-oclusao,obstrução × oclusão,,,família,contrast,greco-latina ou terminologia médica moderna,,,obstrução × oclusão,,obstrução × oclusão,"Obstrução pode ser parcial; oclusão sugere fechamento completo, embora o uso clínico varie.",patologia,transversal,,patologia,2,2,2,2,18,nucleo,"Obstrução pode ser parcial; oclusão sugere fechamento completo, embora o uso clínico varie.",,,,,,,,,,"NLM MeSH e NCBI Bookshelf, terminologia patológica",alta,curadoria_v3,card_proprio,etim-v3-cur-obstrucao-oclusao,sim,reconhecimento,1,,,terminologia::disciplina::patologia,"Expansão curricular v3 orientada por lacuna, confusão e baixa exposição."
etim-v3-cur-erosao-ulcera,erosão × úlcera,,,família,contrast,greco-latina ou terminologia médica moderna,,,erosão × úlcera,,erosão × úlcera,"Na mucosa gastrointestinal, úlcera ultrapassa a muscular da mucosa; erosão não.",patologia,transversal,,patologia,2,2,2,2,18,nucleo,"Na mucosa gastrointestinal, úlcera ultrapassa a muscular da mucosa; erosão não.",,,,,,,,,,"NLM MeSH e NCBI Bookshelf, terminologia patológica",alta,curadoria_v3,card_proprio,etim-v3-cur-erosao-ulcera,sim,reconhecimento,1,,,terminologia::disciplina::patologia,"Expansão curricular v3 orientada por lacuna, confusão e baixa exposição."
etim-v3-cur-abscesso-fistula,abscesso × fístula,,,família,contrast,greco-latina ou terminologia médica moderna,,,abscesso × fístula,,abscesso × fístula,"Um abscesso pode drenar e formar fístula, mas os conceitos não são sinônimos.",patologia,transversal,,patologia,2,2,2,2,18,nucleo,"Um abscesso pode drenar e formar fístula, mas os conceitos não são sinônimos.",,,,,,,,,,"NLM MeSH e NCBI Bookshelf, terminologia patológica",alta,curadoria_v3,card_proprio,etim-v3-cur-abscesso-fistula,sim,reconhecimento,1,,,terminologia::disciplina::patologia,"Expansão curricular v3 orientada por lacuna, confusão e baixa exposição."
etim-v3-cur-hiperplasia-neoplasia,hiperplasia × neoplasia,,,família,contrast,greco-latina ou terminologia médica moderna,,,hiperplasia × neoplasia,,hiperplasia × neoplasia,Ambas aumentam células; a diferença central é dependência ou autonomia dos sinais de crescimento.,patologia,transversal,,patologia,2,2,2,2,18,nucleo,Ambas aumentam células; a diferença central é dependência ou autonomia dos sinais de crescimento.,,,,,,,,,,"NLM MeSH e NCBI Bookshelf, terminologia patológica",alta,curadoria_v3,card_proprio,etim-v3-cur-hiperplasia-neoplasia,sim,reconhecimento,1,,,terminologia::disciplina::patologia,"Expansão curricular v3 orientada por lacuna, confusão e baixa exposição."
etim-v3-cur-metaplasia-displasia-anaplasia,metaplasia × displasia × anaplasia,,,família,contrast,greco-latina ou terminologia médica moderna,,,metaplasia × displasia × anaplasia,,metaplasia × displasia × anaplasia,"A sequência não é obrigatória. Os termos descrevem alterações diferentes, embora possam coexistir na carcinogênese.",patologia,transversal,,patologia,2,2,2,2,18,nucleo,"A sequência não é obrigatória. Os termos descrevem alterações diferentes, embora possam coexistir na carcinogênese.",,,,,,,,,,"NLM MeSH e NCBI Bookshelf, terminologia patológica",alta,curadoria_v3,card_proprio,etim-v3-cur-metaplasia-displasia-anaplasia,sim,reconhecimento,1,,,terminologia::disciplina::patologia,"Expansão curricular v3 orientada por lacuna, confusão e baixa exposição."
etim-v3-cur-afasia-disartria,afasia × disartria,,,família,contrast,greco-latina ou terminologia médica moderna,,,afasia × disartria,,afasia × disartria,"Na disartria, a formulação linguística pode estar preservada, mas a fala fica pouco inteligível.",semiologia,transversal,,semiologia,2,2,2,2,18,nucleo,"Na disartria, a formulação linguística pode estar preservada, mas a fala fica pouco inteligível.",,,,,,,,,,"NCBI Clinical Methods e StatPearls, semiologia",alta,curadoria_v3,card_proprio,etim-v3-cur-afasia-disartria,sim,reconhecimento,1,,,terminologia::disciplina::semiologia,"Expansão curricular v3 orientada por lacuna, confusão e baixa exposição."
etim-v3-cur-nausea-vomito-regurgitacao,náusea × vômito × regurgitação,,,família,contrast,greco-latina ou terminologia médica moderna,,,náusea × vômito × regurgitação,,náusea × vômito × regurgitação,Regurgitação não exige contrações abdominais vigorosas; vômito envolve reflexo motor coordenado.,semiologia,transversal,,semiologia,2,2,2,2,18,nucleo,Regurgitação não exige contrações abdominais vigorosas; vômito envolve reflexo motor coordenado.,,,,,,,,,,"NCBI Clinical Methods e StatPearls, semiologia",alta,curadoria_v3,card_proprio,etim-v3-cur-nausea-vomito-regurgitacao,sim,reconhecimento,1,,,terminologia::disciplina::semiologia,"Expansão curricular v3 orientada por lacuna, confusão e baixa exposição."
etim-v3-cur-trepopneia,trepopneia,,,conceito,term_decomposition,greco-latina ou terminologia médica moderna,,,trepopneia,,trepopneia,É dispneia que piora em um lado e melhora no outro; trepo- alude a virar.,semiologia,transversal,,semiologia,2,2,2,2,18,nucleo,É dispneia que piora em um lado e melhora no outro; trepo- alude a virar.,,,,,,,,,,"NCBI Clinical Methods e StatPearls, semiologia",alta,curadoria_v3,card_proprio,etim-v3-cur-trepopneia,sim,reconhecimento,1,,,terminologia::disciplina::semiologia,"Expansão curricular v3 orientada por lacuna, confusão e baixa exposição."
etim-v3-cur-anosmia-hiposmia-hiperosmia,anosmia × hiposmia × hiperosmia,,,família,contrast,greco-latina ou terminologia médica moderna,,,anosmia × hiposmia × hiperosmia,,anosmia × hiposmia × hiperosmia,"-osmia refere-se ao olfato; os prefixos graduam ausência, redução ou aumento.",semiologia,transversal,,semiologia,2,2,2,2,18,nucleo,"-osmia refere-se ao olfato; os prefixos graduam ausência, redução ou aumento.",,,,,,,,,,"NCBI Clinical Methods e StatPearls, semiologia",alta,curadoria_v3,card_proprio,etim-v3-cur-anosmia-hiposmia-hiperosmia,sim,reconhecimento,1,,,terminologia::disciplina::semiologia,"Expansão curricular v3 orientada por lacuna, confusão e baixa exposição."
etim-v3-cur-anorexia-hiporexia-hiperorexia,anorexia × hiporexia × hiperorexia,,,família,contrast,greco-latina ou terminologia médica moderna,,,anorexia × hiporexia × hiperorexia,,anorexia × hiporexia × hiperorexia,-orexia significa apetite; anorexia como sintoma não é sinônimo de anorexia nervosa.,semiologia,transversal,,semiologia,2,2,2,2,18,nucleo,-orexia significa apetite; anorexia como sintoma não é sinônimo de anorexia nervosa.,,,,,,,,,,"NCBI Clinical Methods e StatPearls, semiologia",alta,curadoria_v3,card_proprio,etim-v3-cur-anorexia-hiporexia-hiperorexia,sim,reconhecimento,1,,,terminologia::disciplina::semiologia,"Expansão curricular v3 orientada por lacuna, confusão e baixa exposição."
etim-v3-cur-afinidade-eficacia,afinidade × eficácia,,,família,contrast,greco-latina ou terminologia médica moderna,,,afinidade × eficácia,,afinidade × eficácia,Um antagonista pode ter alta afinidade e eficácia intrínseca nula.,farmacologia,transversal,,farmacologia,2,2,2,2,18,nucleo,Um antagonista pode ter alta afinidade e eficácia intrínseca nula.,,,,,,,,,,NCBI Nursing Pharmacology NBK595006 e Pharmacodynamics NBK507791,alta,curadoria_v3,card_proprio,etim-v3-cur-afinidade-eficacia,sim,reconhecimento,1,,,terminologia::disciplina::farmacologia,"Expansão curricular v3 orientada por lacuna, confusão e baixa exposição."
etim-v3-cur-agonistas,agonista total × parcial × inverso,,,família,contrast,greco-latina ou terminologia médica moderna,,,agonista total × parcial × inverso,,agonista total × parcial × inverso,O agonista parcial pode antagonizar o total ao competir pelos mesmos receptores.,farmacologia,transversal,,farmacologia,2,2,2,2,18,nucleo,O agonista parcial pode antagonizar o total ao competir pelos mesmos receptores.,,,,,,,,,,NCBI Nursing Pharmacology NBK595006 e Pharmacodynamics NBK507791,alta,curadoria_v3,card_proprio,etim-v3-cur-agonistas,sim,reconhecimento,1,,,terminologia::disciplina::farmacologia,"Expansão curricular v3 orientada por lacuna, confusão e baixa exposição."
etim-v3-cur-antagonistas,antagonista competitivo × não competitivo,,,família,contrast,greco-latina ou terminologia médica moderna,,,antagonista competitivo × não competitivo,,antagonista competitivo × não competitivo,Mais agonista pode superar competição reversível; não restaura Emax diante de antagonismo não competitivo efetivo.,farmacologia,transversal,,farmacologia,2,2,2,2,18,nucleo,Mais agonista pode superar competição reversível; não restaura Emax diante de antagonismo não competitivo efetivo.,,,,,,,,,,NCBI Nursing Pharmacology NBK595006 e Pharmacodynamics NBK507791,alta,curadoria_v3,card_proprio,etim-v3-cur-antagonistas,sim,reconhecimento,1,,,terminologia::disciplina::farmacologia,"Expansão curricular v3 orientada por lacuna, confusão e baixa exposição."
etim-v3-cur-tolerancia-taquifilaxia,tolerância × taquifilaxia,,,família,contrast,greco-latina ou terminologia médica moderna,,,tolerância × taquifilaxia,,tolerância × taquifilaxia,Ambas reduzem resposta com repetição; a diferença útil é a velocidade de instalação.,farmacologia,transversal,,farmacologia,2,2,2,2,18,nucleo,Ambas reduzem resposta com repetição; a diferença útil é a velocidade de instalação.,,,,,,,,,,NCBI Nursing Pharmacology NBK595006 e Pharmacodynamics NBK507791,alta,curadoria_v3,card_proprio,etim-v3-cur-tolerancia-taquifilaxia,sim,reconhecimento,1,,,terminologia::disciplina::farmacologia,"Expansão curricular v3 orientada por lacuna, confusão e baixa exposição."
etim-v3-cur-dependencia-abstinencia,dependência × abstinência,,,família,contrast,greco-latina ou terminologia médica moderna,,,dependência × abstinência,,dependência × abstinência,Dependência fisiológica não equivale necessariamente a transtorno por uso de substância.,farmacologia,transversal,,farmacologia,2,2,2,2,18,nucleo,Dependência fisiológica não equivale necessariamente a transtorno por uso de substância.,,,,,,,,,,NCBI Nursing Pharmacology NBK595006 e Pharmacodynamics NBK507791,alta,curadoria_v3,card_proprio,etim-v3-cur-dependencia-abstinencia,sim,reconhecimento,1,,,terminologia::disciplina::farmacologia,"Expansão curricular v3 orientada por lacuna, confusão e baixa exposição."
etim-v3-cur-efeito-adverso-toxicidade,efeito adverso × toxicidade,,,família,contrast,greco-latina ou terminologia médica moderna,,,efeito adverso × toxicidade,,efeito adverso × toxicidade,"A fronteira depende de dose, suscetibilidade e contexto; efeito adverso não exige superdose.",farmacologia,transversal,,farmacologia,2,2,2,2,18,nucleo,"A fronteira depende de dose, suscetibilidade e contexto; efeito adverso não exige superdose.",,,,,,,,,,NCBI Nursing Pharmacology NBK595006 e Pharmacodynamics NBK507791,alta,curadoria_v3,card_proprio,etim-v3-cur-efeito-adverso-toxicidade,sim,reconhecimento,1,,,terminologia::disciplina::farmacologia,"Expansão curricular v3 orientada por lacuna, confusão e baixa exposição."
etim-v3-cur-contraindicacao,contraindicação,,,conceito,term_decomposition,greco-latina ou terminologia médica moderna,,,contraindicação,,contraindicação,"Pode ser absoluta ou relativa; descreve decisão de uso, não um efeito produzido pelo fármaco.",farmacologia,transversal,,farmacologia,2,2,2,2,18,nucleo,"Pode ser absoluta ou relativa; descreve decisão de uso, não um efeito produzido pelo fármaco.",,,,,,,,,,NCBI Nursing Pharmacology NBK595006 e Pharmacodynamics NBK507791,alta,curadoria_v3,card_proprio,etim-v3-cur-contraindicacao,sim,reconhecimento,1,,,terminologia::disciplina::farmacologia,"Expansão curricular v3 orientada por lacuna, confusão e baixa exposição."
etim-v3-cur-clearance-meia-vida,clearance × meia-vida,,,família,contrast,greco-latina ou terminologia médica moderna,,,clearance × meia-vida,,clearance × meia-vida,A meia-vida depende do volume de distribuição e do clearance; não são medidas equivalentes.,farmacologia,transversal,,farmacologia,2,2,2,2,18,nucleo,A meia-vida depende do volume de distribuição e do clearance; não são medidas equivalentes.,,,,,,,,,,NCBI Nursing Pharmacology NBK595006 e Pharmacodynamics NBK507791,alta,curadoria_v3,card_proprio,etim-v3-cur-clearance-meia-vida,sim,reconhecimento,1,,,terminologia::disciplina::farmacologia,"Expansão curricular v3 orientada por lacuna, confusão e baixa exposição."
etim-v3-cur-oto-auro,ot/o × aur/o,,,família,contrast,greco-latina ou terminologia médica moderna,,,ot/o × aur/o,,ot/o × aur/o,Otite usa a forma grega; auricular conserva a forma latina.,duplas,transversal,,duplas,2,2,2,2,18,nucleo,Otite usa a forma grega; auricular conserva a forma latina.,,,,,,,,,,"Open RN Medical Terminology, 2a ed., NCBI NBK607453/NBK607454",alta,curadoria_v3,card_proprio,etim-v3-cur-oto-auro,sim,reconhecimento,1,,,terminologia::disciplina::duplas,"Expansão curricular v3 orientada por lacuna, confusão e baixa exposição."
etim-v3-cur-pneumo-pulmono,pneum/o × pulmon/o,,,família,contrast,greco-latina ou terminologia médica moderna,,,pneum/o × pulmon/o,,pneum/o × pulmon/o,Pneumonia usa a forma grega; pulmonar conserva a latina. Pneum/o também pode indicar ar.,duplas,transversal,,duplas,2,2,2,2,18,nucleo,Pneumonia usa a forma grega; pulmonar conserva a latina. Pneum/o também pode indicar ar.,,,,,,,,,,"Open RN Medical Terminology, 2a ed., NCBI NBK607453/NBK607454",alta,curadoria_v3,card_proprio,etim-v3-cur-pneumo-pulmono,sim,reconhecimento,1,,,terminologia::disciplina::duplas,"Expansão curricular v3 orientada por lacuna, confusão e baixa exposição."
etim-v3-cur-histero-utero,hister/o × uter/o,,,família,contrast,greco-latina ou terminologia médica moderna,,,hister/o × uter/o,,hister/o × uter/o,Histerectomia usa a forma grega; uterino conserva a latina.,duplas,transversal,,duplas,2,2,2,2,18,nucleo,Histerectomia usa a forma grega; uterino conserva a latina.,,,,,,,,,,"Open RN Medical Terminology, 2a ed., NCBI NBK607453/NBK607454",alta,curadoria_v3,card_proprio,etim-v3-cur-histero-utero,sim,reconhecimento,1,,,terminologia::disciplina::duplas,"Expansão curricular v3 orientada por lacuna, confusão e baixa exposição."
etim-v3-cur-orquo-testiculo,orqu/o × testicul/o,,,família,contrast,greco-latina ou terminologia médica moderna,,,orqu/o × testicul/o,,orqu/o × testicul/o,Orquite usa a forma grega; testicular conserva a latina.,duplas,transversal,,duplas,2,2,2,2,18,nucleo,Orquite usa a forma grega; testicular conserva a latina.,,,,,,,,,,"Open RN Medical Terminology, 2a ed., NCBI NBK607453/NBK607454",alta,curadoria_v3,card_proprio,etim-v3-cur-orquo-testiculo,sim,reconhecimento,1,,,terminologia::disciplina::duplas,"Expansão curricular v3 orientada por lacuna, confusão e baixa exposição."
etim-v3-cur-masto-mamo,mast/o × mam/o,,,família,contrast,greco-latina ou terminologia médica moderna,,,mast/o × mam/o,,mast/o × mam/o,Mastite usa a forma grega; mamário conserva a latina.,duplas,transversal,,duplas,2,2,2,2,18,nucleo,Mastite usa a forma grega; mamário conserva a latina.,,,,,,,,,,"Open RN Medical Terminology, 2a ed., NCBI NBK607453/NBK607454",alta,curadoria_v3,card_proprio,etim-v3-cur-masto-mamo,sim,reconhecimento,1,,,terminologia::disciplina::duplas,"Expansão curricular v3 orientada por lacuna, confusão e baixa exposição."
etim-v3-cur-encefalo-cerebro,encefal/o × cerebr/o,,,família,contrast,greco-latina ou terminologia médica moderna,,,encefal/o × cerebr/o,,encefal/o × cerebr/o,Encefalite usa a forma grega; cerebral conserva a latina.,duplas,transversal,,duplas,2,2,2,2,18,nucleo,Encefalite usa a forma grega; cerebral conserva a latina.,,,,,,,,,,"Open RN Medical Terminology, 2a ed., NCBI NBK607453/NBK607454",alta,curadoria_v3,card_proprio,etim-v3-cur-encefalo-cerebro,sim,reconhecimento,1,,,terminologia::disciplina::duplas,"Expansão curricular v3 orientada por lacuna, confusão e baixa exposição."
etim-v3-cur-neonatal,neonatal,,,conceito,morpheme_in_context,greco-latina ou terminologia médica moderna,,,primeiros 28 dias,,primeiros 28 dias,Neo- significa novo; natal relaciona-se ao nascimento. O período neonatal possui limite clínico convencional de 28 dias.,semiologia,transversal,,semiologia,2,2,2,2,18,nucleo,Neo- significa novo; natal relaciona-se ao nascimento. O período neonatal possui limite clínico convencional de 28 dias.,,,,,,,,,,"NCBI Clinical Methods e StatPearls, semiologia",alta,curadoria_v3,card_proprio,etim-v3-cur-neonatal,sim,reconhecimento,1,,,terminologia::disciplina::semiologia,"Expansão curricular v3 orientada por lacuna, confusão e baixa exposição."
etim-v3-cur-metastase,metástase,,,conceito,exception,greco-latina ou terminologia médica moderna,,,metástase,,metástase,"Meta- alude a mudança; clinicamente, células tumorais formam foco distante descontínuo do tumor primário.",patologia,transversal,,patologia,2,2,2,2,18,nucleo,"Meta- alude a mudança; clinicamente, células tumorais formam foco distante descontínuo do tumor primário.",,,,,,,,,,"NLM MeSH e NCBI Bookshelf, terminologia patológica",alta,curadoria_v3,card_proprio,etim-v3-cur-metastase,sim,reconhecimento,1,,,terminologia::disciplina::patologia,"Expansão curricular v3 orientada por lacuna, confusão e baixa exposição."
etim-v3-cur-disfasia-disartria,disfasia × disartria,,,família,contrast,greco-latina ou terminologia médica moderna,,,disfasia × disartria,,disfasia × disartria,"Disfasia é usada para comprometimento de linguagem; disartria afeta articulação, voz e prosódia com linguagem formulada.",semiologia,transversal,,semiologia,2,2,2,2,18,nucleo,"Disfasia é usada para comprometimento de linguagem; disartria afeta articulação, voz e prosódia com linguagem formulada.",,,,,,,,,,"NCBI Clinical Methods e StatPearls, semiologia",alta,curadoria_v3,card_proprio,etim-v3-cur-disfasia-disartria,sim,reconhecimento,1,,,terminologia::disciplina::semiologia,"Expansão curricular v3 orientada por lacuna, confusão e baixa exposição."
etim-v3-cur-dispneia-ortopneia,dispneia × ortopneia,,,família,contrast,greco-latina ou terminologia médica moderna,,,dispneia × ortopneia,,dispneia × ortopneia,Dispneia é termo amplo; ortopneia acrescenta uma posição desencadeante e costuma melhorar sentado.,semiologia,transversal,,semiologia,2,2,2,2,18,nucleo,Dispneia é termo amplo; ortopneia acrescenta uma posição desencadeante e costuma melhorar sentado.,,,,,,,,,,"NCBI Clinical Methods e StatPearls, semiologia",alta,curadoria_v3,card_proprio,etim-v3-cur-dispneia-ortopneia,sim,reconhecimento,1,,,terminologia::disciplina::semiologia,"Expansão curricular v3 orientada por lacuna, confusão e baixa exposição."
etim-v3-cur-efeito-toxicidade-contraindicacao,efeito adverso × toxicidade × contraindicação,,,família,contrast,greco-latina ou terminologia médica moderna,,,efeito adverso × toxicidade × contraindicação,,efeito adverso × toxicidade × contraindicação,Os dois primeiros são efeitos observados; contraindicação é uma condição prévia que muda a decisão terapêutica.,farmacologia,transversal,,farmacologia,2,2,2,2,18,nucleo,Os dois primeiros são efeitos observados; contraindicação é uma condição prévia que muda a decisão terapêutica.,,,,,,,,,,NCBI Nursing Pharmacology NBK595006 e Pharmacodynamics NBK507791,alta,curadoria_v3,card_proprio,etim-v3-cur-efeito-toxicidade-contraindicacao,sim,reconhecimento,1,,,terminologia::disciplina::farmacologia,"Expansão curricular v3 orientada por lacuna, confusão e baixa exposição."
etim-v3-cur-latim-substantivo-adjetivo,substantivo × adjetivo,,,família,morpheme_in_context,greco-latina ou terminologia médica moderna,,,estrutura,,estrutura,"Em foramen ovale, foramen é abertura e ovale descreve a forma. A ordem evita traduzir o termo ao acaso.",latim_anatomico,transversal,,latim_anatomico,2,2,2,2,18,nucleo,"Em foramen ovale, foramen é abertura e ovale descreve a forma. A ordem evita traduzir o termo ao acaso.",,,,,,,,,,"FIPAT, Terminologia Anatomica, 2a ed. (2019; IFAA aprovada em 2020)",alta,curadoria_v3,card_proprio,etim-v3-cur-latim-substantivo-adjetivo,sim,reconhecimento,1,,,terminologia::disciplina::latim_anatomico,"Expansão curricular v3 orientada por lacuna, confusão e baixa exposição."
etim-v3-cur-latim-genitivo-singular,brachii,,,conceito,morpheme_in_context,greco-latina ou terminologia médica moderna,,,braço,,braço,Formas em -i frequentemente equivalem a “do/da”. Leia primeiro o núcleo: músculo bíceps.,latim_anatomico,transversal,,latim_anatomico,2,2,2,2,18,nucleo,Formas em -i frequentemente equivalem a “do/da”. Leia primeiro o núcleo: músculo bíceps.,,,,,,,,,,"FIPAT, Terminologia Anatomica, 2a ed. (2019; IFAA aprovada em 2020)",alta,curadoria_v3,card_proprio,etim-v3-cur-latim-genitivo-singular,sim,reconhecimento,1,,,terminologia::disciplina::latim_anatomico,"Expansão curricular v3 orientada por lacuna, confusão e baixa exposição."
etim-v3-cur-latim-genitivo-plural,digitorum,,,conceito,morpheme_in_context,greco-latina ou terminologia médica moderna,,,dedos,,dedos,A terminação -orum frequentemente equivale a “dos”. Profundus acrescenta que o flexor é profundo.,latim_anatomico,transversal,,latim_anatomico,2,2,2,2,18,nucleo,A terminação -orum frequentemente equivale a “dos”. Profundus acrescenta que o flexor é profundo.,,,,,,,,,,"FIPAT, Terminologia Anatomica, 2a ed. (2019; IFAA aprovada em 2020)",alta,curadoria_v3,card_proprio,etim-v3-cur-latim-genitivo-plural,sim,reconhecimento,1,,,terminologia::disciplina::latim_anatomico,"Expansão curricular v3 orientada por lacuna, confusão e baixa exposição."
etim-v3-cur-latim-musculus,musculus,,,conceito,morpheme_in_context,greco-latina ou terminologia médica moderna,,,músculo,,músculo,"Em atlas, M. costuma abreviar musculus. O termo seguinte especifica forma, função ou região.",latim_anatomico,transversal,,latim_anatomico,2,2,2,2,18,nucleo,"Em atlas, M. costuma abreviar musculus. O termo seguinte especifica forma, função ou região.",,,,,,,,,,"FIPAT, Terminologia Anatomica, 2a ed. (2019; IFAA aprovada em 2020)",alta,curadoria_v3,card_proprio,etim-v3-cur-latim-musculus,sim,reconhecimento,1,,,terminologia::disciplina::latim_anatomico,"Expansão curricular v3 orientada por lacuna, confusão e baixa exposição."
etim-v3-cur-latim-nervus,nervus,,,conceito,morpheme_in_context,greco-latina ou terminologia médica moderna,,,nervo,,nervo,"N. é abreviação frequente. Em nervus vagus, vagus é o adjetivo que nomeia esse nervo.",latim_anatomico,transversal,,latim_anatomico,2,2,2,2,18,nucleo,"N. é abreviação frequente. Em nervus vagus, vagus é o adjetivo que nomeia esse nervo.",,,,,,,,,,"FIPAT, Terminologia Anatomica, 2a ed. (2019; IFAA aprovada em 2020)",alta,curadoria_v3,card_proprio,etim-v3-cur-latim-nervus,sim,reconhecimento,1,,,terminologia::disciplina::latim_anatomico,"Expansão curricular v3 orientada por lacuna, confusão e baixa exposição."
etim-v3-cur-latim-arteria,arteria,,,conceito,morpheme_in_context,greco-latina ou terminologia médica moderna,,,artéria,,artéria,"A. costuma abreviar arteria. Em arteria carotis communis, os dois termos seguintes especificam qual artéria.",latim_anatomico,transversal,,latim_anatomico,2,2,2,2,18,nucleo,"A. costuma abreviar arteria. Em arteria carotis communis, os dois termos seguintes especificam qual artéria.",,,,,,,,,,"FIPAT, Terminologia Anatomica, 2a ed. (2019; IFAA aprovada em 2020)",alta,curadoria_v3,card_proprio,etim-v3-cur-latim-arteria,sim,reconhecimento,1,,,terminologia::disciplina::latim_anatomico,"Expansão curricular v3 orientada por lacuna, confusão e baixa exposição."
etim-v3-cur-latim-vena,vena,,,conceito,morpheme_in_context,greco-latina ou terminologia médica moderna,,,veia,,veia,"V. costuma abreviar vena. Em vena cava inferior, cava e inferior distinguem a veia.",latim_anatomico,transversal,,latim_anatomico,2,2,2,2,18,nucleo,"V. costuma abreviar vena. Em vena cava inferior, cava e inferior distinguem a veia.",,,,,,,,,,"FIPAT, Terminologia Anatomica, 2a ed. (2019; IFAA aprovada em 2020)",alta,curadoria_v3,card_proprio,etim-v3-cur-latim-vena,sim,reconhecimento,1,,,terminologia::disciplina::latim_anatomico,"Expansão curricular v3 orientada por lacuna, confusão e baixa exposição."
etim-v3-cur-latim-ligamentum,ligamentum,,,conceito,morpheme_in_context,greco-latina ou terminologia médica moderna,,,ligamento,,ligamento,Ligamentum cruciatum anterius é o ligamento cruzado anterior; os adjetivos refinam a identificação.,latim_anatomico,transversal,,latim_anatomico,2,2,2,2,18,nucleo,Ligamentum cruciatum anterius é o ligamento cruzado anterior; os adjetivos refinam a identificação.,,,,,,,,,,"FIPAT, Terminologia Anatomica, 2a ed. (2019; IFAA aprovada em 2020)",alta,curadoria_v3,card_proprio,etim-v3-cur-latim-ligamentum,sim,reconhecimento,1,,,terminologia::disciplina::latim_anatomico,"Expansão curricular v3 orientada por lacuna, confusão e baixa exposição."
etim-v3-cur-latim-foramen,foramen,,,conceito,morpheme_in_context,greco-latina ou terminologia médica moderna,,,abertura,,abertura,Foramen ovale é abertura oval; foramen magnum é abertura grande. O nome não define sozinho o conteúdo que passa.,latim_anatomico,transversal,,latim_anatomico,2,2,2,2,18,nucleo,Foramen ovale é abertura oval; foramen magnum é abertura grande. O nome não define sozinho o conteúdo que passa.,,,,,,,,,,"FIPAT, Terminologia Anatomica, 2a ed. (2019; IFAA aprovada em 2020)",alta,curadoria_v3,card_proprio,etim-v3-cur-latim-foramen,sim,reconhecimento,1,,,terminologia::disciplina::latim_anatomico,"Expansão curricular v3 orientada por lacuna, confusão e baixa exposição."
etim-v3-cur-latim-sulcus,sulcus,,,conceito,morpheme_in_context,greco-latina ou terminologia médica moderna,,,sulco,,sulco,"Sulcus é uma depressão linear, como sulcus interventricularis. Não confundir com fossa, geralmente mais ampla.",latim_anatomico,transversal,,latim_anatomico,2,2,2,2,18,nucleo,"Sulcus é uma depressão linear, como sulcus interventricularis. Não confundir com fossa, geralmente mais ampla.",,,,,,,,,,"FIPAT, Terminologia Anatomica, 2a ed. (2019; IFAA aprovada em 2020)",alta,curadoria_v3,card_proprio,etim-v3-cur-latim-sulcus,sim,reconhecimento,1,,,terminologia::disciplina::latim_anatomico,"Expansão curricular v3 orientada por lacuna, confusão e baixa exposição."
etim-v3-cur-latim-fossa,fossa,,,conceito,morpheme_in_context,greco-latina ou terminologia médica moderna,,,depressão,,depressão,Fossa costuma ser uma escavação mais ampla que sulcus. Exemplo: fossa cubital.,latim_anatomico,transversal,,latim_anatomico,2,2,2,2,18,nucleo,Fossa costuma ser uma escavação mais ampla que sulcus. Exemplo: fossa cubital.,,,,,,,,,,"FIPAT, Terminologia Anatomica, 2a ed. (2019; IFAA aprovada em 2020)",alta,curadoria_v3,card_proprio,etim-v3-cur-latim-fossa,sim,reconhecimento,1,,,terminologia::disciplina::latim_anatomico,"Expansão curricular v3 orientada por lacuna, confusão e baixa exposição."
etim-v3-cur-latim-facies,facies,,,conceito,morpheme_in_context,greco-latina ou terminologia médica moderna,,,superfície,,superfície,Facies articularis é a superfície que participa de articulação; facies não significa necessariamente “rosto”.,latim_anatomico,transversal,,latim_anatomico,2,2,2,2,18,nucleo,Facies articularis é a superfície que participa de articulação; facies não significa necessariamente “rosto”.,,,,,,,,,,"FIPAT, Terminologia Anatomica, 2a ed. (2019; IFAA aprovada em 2020)",alta,curadoria_v3,card_proprio,etim-v3-cur-latim-facies,sim,reconhecimento,1,,,terminologia::disciplina::latim_anatomico,"Expansão curricular v3 orientada por lacuna, confusão e baixa exposição."
etim-v3-cur-latim-ramus,ramus,,,conceito,morpheme_in_context,greco-latina ou terminologia médica moderna,,,ramo,,ramo,"Ramus pode ser ramo de nervo, artéria, veia ou osso. O genitivo ou adjetivo identifica sua origem.",latim_anatomico,transversal,,latim_anatomico,2,2,2,2,18,nucleo,"Ramus pode ser ramo de nervo, artéria, veia ou osso. O genitivo ou adjetivo identifica sua origem.",,,,,,,,,,"FIPAT, Terminologia Anatomica, 2a ed. (2019; IFAA aprovada em 2020)",alta,curadoria_v3,card_proprio,etim-v3-cur-latim-ramus,sim,reconhecimento,1,,,terminologia::disciplina::latim_anatomico,"Expansão curricular v3 orientada por lacuna, confusão e baixa exposição."
etim-v3-cur-latim-caput,caput,,,conceito,morpheme_in_context,greco-latina ou terminologia médica moderna,,,cabeça,,cabeça,"Caput costuma nomear extremidade arredondada de osso ou porção de músculo, não apenas a cabeça corporal.",latim_anatomico,transversal,,latim_anatomico,2,2,2,2,18,nucleo,"Caput costuma nomear extremidade arredondada de osso ou porção de músculo, não apenas a cabeça corporal.",,,,,,,,,,"FIPAT, Terminologia Anatomica, 2a ed. (2019; IFAA aprovada em 2020)",alta,curadoria_v3,card_proprio,etim-v3-cur-latim-caput,sim,reconhecimento,1,,,terminologia::disciplina::latim_anatomico,"Expansão curricular v3 orientada por lacuna, confusão e baixa exposição."
etim-v3-cur-latim-corpus,corpus,,,conceito,morpheme_in_context,greco-latina ou terminologia médica moderna,,,corpo,,corpo,"Corpus pode indicar a porção principal de um órgão ou estrutura, como corpus vertebrae.",latim_anatomico,transversal,,latim_anatomico,2,2,2,2,18,nucleo,"Corpus pode indicar a porção principal de um órgão ou estrutura, como corpus vertebrae.",,,,,,,,,,"FIPAT, Terminologia Anatomica, 2a ed. (2019; IFAA aprovada em 2020)",alta,curadoria_v3,card_proprio,etim-v3-cur-latim-corpus,sim,reconhecimento,1,,,terminologia::disciplina::latim_anatomico,"Expansão curricular v3 orientada por lacuna, confusão e baixa exposição."
etim-v3-cur-latim-renis,renis,,,conceito,morpheme_in_context,greco-latina ou terminologia médica moderna,,,rim,,rim,Renis é genitivo de ren. A forma aparece em expressões anatômicas; renal é o adjetivo português correspondente.,latim_anatomico,transversal,,latim_anatomico,2,2,2,2,18,nucleo,Renis é genitivo de ren. A forma aparece em expressões anatômicas; renal é o adjetivo português correspondente.,,,,,,,,,,"FIPAT, Terminologia Anatomica, 2a ed. (2019; IFAA aprovada em 2020)",alta,curadoria_v3,card_proprio,etim-v3-cur-latim-renis,sim,reconhecimento,1,,,terminologia::disciplina::latim_anatomico,"Expansão curricular v3 orientada por lacuna, confusão e baixa exposição."
etim-v3-cur-latim-cordis,cordis,,,conceito,morpheme_in_context,greco-latina ou terminologia médica moderna,,,coração,,coração,"Cordis é genitivo de cor. Reconhecê-lo liga ápice, base e faces à anatomia cardíaca.",latim_anatomico,transversal,,latim_anatomico,2,2,2,2,18,nucleo,"Cordis é genitivo de cor. Reconhecê-lo liga ápice, base e faces à anatomia cardíaca.",,,,,,,,,,"FIPAT, Terminologia Anatomica, 2a ed. (2019; IFAA aprovada em 2020)",alta,curadoria_v3,card_proprio,etim-v3-cur-latim-cordis,sim,reconhecimento,1,,,terminologia::disciplina::latim_anatomico,"Expansão curricular v3 orientada por lacuna, confusão e baixa exposição."
etim-v3-cur-latim-pulmonis,pulmonis,,,conceito,morpheme_in_context,greco-latina ou terminologia médica moderna,,,pulmão,,pulmão,"Pulmonis é genitivo de pulmo. Ajuda a ler relações anatômicas sem confundir com pneum/o, de origem grega.",latim_anatomico,transversal,,latim_anatomico,2,2,2,2,18,nucleo,"Pulmonis é genitivo de pulmo. Ajuda a ler relações anatômicas sem confundir com pneum/o, de origem grega.",,,,,,,,,,"FIPAT, Terminologia Anatomica, 2a ed. (2019; IFAA aprovada em 2020)",alta,curadoria_v3,card_proprio,etim-v3-cur-latim-pulmonis,sim,reconhecimento,1,,,terminologia::disciplina::latim_anatomico,"Expansão curricular v3 orientada por lacuna, confusão e baixa exposição."
etim-v3-cur-latim-cerebri,cerebri,,,conceito,morpheme_in_context,greco-latina ou terminologia médica moderna,,,cérebro,,cérebro,"Cerebri é genitivo de cerebrum. A forma aparece em artérias, sulcos e superfícies cerebrais.",latim_anatomico,transversal,,latim_anatomico,2,2,2,2,18,nucleo,"Cerebri é genitivo de cerebrum. A forma aparece em artérias, sulcos e superfícies cerebrais.",,,,,,,,,,"FIPAT, Terminologia Anatomica, 2a ed. (2019; IFAA aprovada em 2020)",alta,curadoria_v3,card_proprio,etim-v3-cur-latim-cerebri,sim,reconhecimento,1,,,terminologia::disciplina::latim_anatomico,"Expansão curricular v3 orientada por lacuna, confusão e baixa exposição."
etim-v3-cur-latim-femoris,femoris,,,conceito,morpheme_in_context,greco-latina ou terminologia médica moderna,,,coxa,,coxa,"Femoris é genitivo de femur. A expressão nomeia a artéria profunda da coxa, não uma artéria dentro do fêmur.",latim_anatomico,transversal,,latim_anatomico,2,2,2,2,18,nucleo,"Femoris é genitivo de femur. A expressão nomeia a artéria profunda da coxa, não uma artéria dentro do fêmur.",,,,,,,,,,"FIPAT, Terminologia Anatomica, 2a ed. (2019; IFAA aprovada em 2020)",alta,curadoria_v3,card_proprio,etim-v3-cur-latim-femoris,sim,reconhecimento,1,,,terminologia::disciplina::latim_anatomico,"Expansão curricular v3 orientada por lacuna, confusão e baixa exposição."
etim-v3-cur-latim-cava,cava,,,conceito,morpheme_in_context,greco-latina ou terminologia médica moderna,,,oca,,oca,"Cava concorda com vena. A expressão descreve grande veia de parede relativamente colapsável, não uma cavidade isolada.",latim_anatomico,transversal,,latim_anatomico,2,2,2,2,18,nucleo,"Cava concorda com vena. A expressão descreve grande veia de parede relativamente colapsável, não uma cavidade isolada.",,,,,,,,,,"FIPAT, Terminologia Anatomica, 2a ed. (2019; IFAA aprovada em 2020)",alta,curadoria_v3,card_proprio,etim-v3-cur-latim-cava,sim,reconhecimento,1,,,terminologia::disciplina::latim_anatomico,"Expansão curricular v3 orientada por lacuna, confusão e baixa exposição."
etim-v3-cur-latim-profundus,profunda,,,conceito,morpheme_in_context,greco-latina ou terminologia médica moderna,,,profunda,,profunda,"O adjetivo concorda com arteria. Em outros substantivos, a terminação muda, mas a ideia espacial permanece.",latim_anatomico,transversal,,latim_anatomico,2,2,2,2,18,nucleo,"O adjetivo concorda com arteria. Em outros substantivos, a terminação muda, mas a ideia espacial permanece.",,,,,,,,,,"FIPAT, Terminologia Anatomica, 2a ed. (2019; IFAA aprovada em 2020)",alta,curadoria_v3,card_proprio,etim-v3-cur-latim-profundus,sim,reconhecimento,1,,,terminologia::disciplina::latim_anatomico,"Expansão curricular v3 orientada por lacuna, confusão e baixa exposição."
etim-v3-cur-latim-anterius,anterius,,,conceito,morpheme_in_context,greco-latina ou terminologia médica moderna,,,anterior,,anterior,Anterius concorda com ligamentum. O par posterius aparece no ligamento cruzado posterior.,latim_anatomico,transversal,,latim_anatomico,2,2,2,2,18,nucleo,Anterius concorda com ligamentum. O par posterius aparece no ligamento cruzado posterior.,,,,,,,,,,"FIPAT, Terminologia Anatomica, 2a ed. (2019; IFAA aprovada em 2020)",alta,curadoria_v3,card_proprio,etim-v3-cur-latim-anterius,sim,reconhecimento,1,,,terminologia::disciplina::latim_anatomico,"Expansão curricular v3 orientada por lacuna, confusão e baixa exposição."
etim-v3-cur-latim-medialis,medialis,,,conceito,morpheme_in_context,greco-latina ou terminologia médica moderna,,,medial,,medial,Medialis aponta em direção ao plano mediano; lateralis aponta para longe dele.,latim_anatomico,transversal,,latim_anatomico,2,2,2,2,18,nucleo,Medialis aponta em direção ao plano mediano; lateralis aponta para longe dele.,,,,,,,,,,"FIPAT, Terminologia Anatomica, 2a ed. (2019; IFAA aprovada em 2020)",alta,curadoria_v3,card_proprio,etim-v3-cur-latim-medialis,sim,reconhecimento,1,,,terminologia::disciplina::latim_anatomico,"Expansão curricular v3 orientada por lacuna, confusão e baixa exposição."
etim-v3-cur-latim-dexter,dexter,,,conceito,morpheme_in_context,greco-latina ou terminologia médica moderna,,,direito,,direito,Dexter e sinister distinguem lado direito e esquerdo. A terminação pode variar com o substantivo.,latim_anatomico,transversal,,latim_anatomico,2,2,2,2,18,nucleo,Dexter e sinister distinguem lado direito e esquerdo. A terminação pode variar com o substantivo.,,,,,,,,,,"FIPAT, Terminologia Anatomica, 2a ed. (2019; IFAA aprovada em 2020)",alta,curadoria_v3,card_proprio,etim-v3-cur-latim-dexter,sim,reconhecimento,1,,,terminologia::disciplina::latim_anatomico,"Expansão curricular v3 orientada por lacuna, confusão e baixa exposição."
etim-v3-cur-latim-major,major,,,conceito,morpheme_in_context,greco-latina ou terminologia médica moderna,,,maior,,maior,"Major contrasta com minor. O par costuma separar estruturas homônimas por tamanho relativo, não por importância.",latim_anatomico,transversal,,latim_anatomico,2,2,2,2,18,nucleo,"Major contrasta com minor. O par costuma separar estruturas homônimas por tamanho relativo, não por importância.",,,,,,,,,,"FIPAT, Terminologia Anatomica, 2a ed. (2019; IFAA aprovada em 2020)",alta,curadoria_v3,card_proprio,etim-v3-cur-latim-major,sim,reconhecimento,1,,,terminologia::disciplina::latim_anatomico,"Expansão curricular v3 orientada por lacuna, confusão e baixa exposição."
etim-v3-cur-latim-longus,longus,,,conceito,morpheme_in_context,greco-latina ou terminologia médica moderna,,,longo,,longo,Longus contrasta com brevis. O adjetivo descreve o comprimento relativo da estrutura.,latim_anatomico,transversal,,latim_anatomico,2,2,2,2,18,nucleo,Longus contrasta com brevis. O adjetivo descreve o comprimento relativo da estrutura.,,,,,,,,,,"FIPAT, Terminologia Anatomica, 2a ed. (2019; IFAA aprovada em 2020)",alta,curadoria_v3,card_proprio,etim-v3-cur-latim-longus,sim,reconhecimento,1,,,terminologia::disciplina::latim_anatomico,"Expansão curricular v3 orientada por lacuna, confusão e baixa exposição."
